<?xml version="1.0" ?><component loc="57:BlinkC.nc" nicename="BlinkC" qname="BlinkC" safe="">
      <module/>
    <specification><interface loc="60:BlinkC.nc" name="Timer0" provided="0" ref="0x7fcf90119020">
      <component-ref nicename="BlinkC" qname="BlinkC"/>
      <type-interface alignment="I:2" size="I:2"><interface-ref name="Timer0" ref="0x7fcf90119020" scoped=""/></type-interface>
      <instance>
        <interfacedef-ref nicename="tos.lib.timer.Timer" qname="Timer"/>
        <arguments>
          <type-tag alignment="I:2" size="I:2"><struct-ref ref="0x7fcf90355ec0"/>
            <typename><typedef-ref name="TMilli" ref="0x7fcf9017a260"/></typename>
          </type-tag>
        </arguments>
      </instance>
      <interface-functions>
        <function-ref name="getNow" ref="0x7fcf9010b630" scoped=""/>
        <function-ref name="fired" ref="0x7fcf90117a60" scoped=""/>
        <function-ref name="startPeriodicAt" ref="0x7fcf9010c920" scoped=""/>
        <function-ref name="isOneShot" ref="0x7fcf9010c4a0" scoped=""/>
        <function-ref name="getdt" ref="0x7fcf9010a020" scoped=""/>
        <function-ref name="gett0" ref="0x7fcf9010bab0" scoped=""/>
        <function-ref name="isRunning" ref="0x7fcf9010c020" scoped=""/>
        <function-ref name="startPeriodic" ref="0x7fcf90119c10" scoped=""/>
        <function-ref name="startOneShotAt" ref="0x7fcf9010b020" scoped=""/>
        <function-ref name="startOneShot" ref="0x7fcf90117110" scoped=""/>
        <function-ref name="stop" ref="0x7fcf901175e0" scoped=""/>
      </interface-functions>
    </interface><interface loc="62:BlinkC.nc" name="Boot" provided="0" ref="0x7fcf90109790">
      <component-ref nicename="BlinkC" qname="BlinkC"/>
      <type-interface alignment="I:2" size="I:2"><interface-ref name="Boot" ref="0x7fcf90109790" scoped=""/></type-interface>
      <instance>
        <interfacedef-ref nicename="tos.interfaces.Boot" qname="Boot"/>
      </instance>
      <interface-functions>
        <function-ref name="booted" ref="0x7fcf90109b10" scoped=""/>
      </interface-functions>
    </interface><interface loc="61:BlinkC.nc" name="Leds" provided="0" ref="0x7fcf900fd0d0">
      <component-ref nicename="BlinkC" qname="BlinkC"/>
      <type-interface alignment="I:2" size="I:2"><interface-ref name="Leds" ref="0x7fcf900fd0d0" scoped=""/></type-interface>
      <instance>
        <interfacedef-ref nicename="tos.interfaces.Leds" qname="Leds"/>
      </instance>
      <interface-functions>
        <function-ref name="led0Off" ref="0x7fcf900fd450" scoped=""/>
        <function-ref name="led0Toggle" ref="0x7fcf900fd5e0" scoped=""/>
        <function-ref name="led1On" ref="0x7fcf900fd770" scoped=""/>
        <function-ref name="led1Toggle" ref="0x7fcf900fd900" scoped=""/>
        <function-ref name="led2Toggle" ref="0x7fcf900fda90" scoped=""/>
        <function-ref name="get" ref="0x7fcf900fdc20" scoped=""/>
        <function-ref name="led1Off" ref="0x7fcf900fddb0" scoped=""/>
        <function-ref name="led2Off" ref="0x7fcf901094d0" scoped=""/>
        <function-ref name="set" ref="0x7fcf90109020" scoped=""/>
        <function-ref name="led0On" ref="0x7fcf901091b0" scoped=""/>
        <function-ref name="led2On" ref="0x7fcf90109340" scoped=""/>
      </interface-functions>
    </interface></specification><referenced/></component>