<?xml version="1.0" ?><component loc="47:/opt/tinyos-2.1.2/tos/lib/serial/HdlcTranslateC.nc" nicename="tos.lib.serial.HdlcTranslateC" qname="HdlcTranslateC">
      <documentation loc="71:/opt/tinyos-2.1.2/tos/lib/serial/Serial.h">
        <short>
 </short>
        <long>
 @author Phil Buonadonna
 @author Lewis Girod
 @author Ben Greenstein
 @author Philip Levis
 @date   August 7 2005
</long>
      </documentation>
      <module/>
    <specification><interface loc="50:/opt/tinyos-2.1.2/tos/lib/serial/HdlcTranslateC.nc" name="UartStream" provided="0" ref="0x7fcf8f9ead20">
      <component-ref nicename="tos.lib.serial.HdlcTranslateC" qname="HdlcTranslateC"/>
      <type-interface alignment="I:2" size="I:2"><interface-ref name="UartStream" ref="0x7fcf8f9ead20" scoped=""/></type-interface>
      <instance>
        <interfacedef-ref nicename="tos.interfaces.UartStream" qname="UartStream"/>
      </instance>
      <interface-functions>
        <function-ref name="send" ref="0x7fcf8f9f40e0" scoped=""/>
        <function-ref name="receivedByte" ref="0x7fcf8f9f4270" scoped=""/>
        <function-ref name="receive" ref="0x7fcf8f9f4400" scoped=""/>
        <function-ref name="enableReceiveInterrupt" ref="0x7fcf8f9f4590" scoped=""/>
        <function-ref name="receiveDone" ref="0x7fcf8f9f4720" scoped=""/>
        <function-ref name="disableReceiveInterrupt" ref="0x7fcf8f9f48b0" scoped=""/>
        <function-ref name="sendDone" ref="0x7fcf8f9f4a40" scoped=""/>
      </interface-functions>
    </interface><interface loc="48:/opt/tinyos-2.1.2/tos/lib/serial/HdlcTranslateC.nc" name="SerialFrameComm" provided="1" ref="0x7fcf8f9f9e10">
      <component-ref nicename="tos.lib.serial.HdlcTranslateC" qname="HdlcTranslateC"/>
      <type-interface alignment="I:2" size="I:2"><interface-ref name="SerialFrameComm" ref="0x7fcf8f9f9e10" scoped=""/></type-interface>
      <instance>
        <interfacedef-ref nicename="tos.lib.serial.SerialFrameComm" qname="SerialFrameComm"/>
      </instance>
      <interface-functions>
        <function-ref name="putDelimiter" ref="0x7fcf8f9f61c0" scoped=""/>
        <function-ref name="resetSend" ref="0x7fcf8f9f6350" scoped=""/>
        <function-ref name="dataReceived" ref="0x7fcf8f9f64e0" scoped=""/>
        <function-ref name="resetReceive" ref="0x7fcf8f9f6670" scoped=""/>
        <function-ref name="putData" ref="0x7fcf8f9f6800" scoped=""/>
        <function-ref name="putDone" ref="0x7fcf8f9f6990" scoped=""/>
        <function-ref name="delimiterReceived" ref="0x7fcf8f9f6b20" scoped=""/>
      </interface-functions>
    </interface><interface loc="51:/opt/tinyos-2.1.2/tos/lib/serial/HdlcTranslateC.nc" name="Leds" provided="0" ref="0x7fcf8f9f4cc0">
      <component-ref nicename="tos.lib.serial.HdlcTranslateC" qname="HdlcTranslateC"/>
      <type-interface alignment="I:2" size="I:2"><interface-ref name="Leds" ref="0x7fcf8f9f4cc0" scoped=""/></type-interface>
      <instance>
        <interfacedef-ref nicename="tos.interfaces.Leds" qname="Leds"/>
      </instance>
      <interface-functions>
        <function-ref name="led0Off" ref="0x7fcf8f9f30a0" scoped=""/>
        <function-ref name="led0Toggle" ref="0x7fcf8f9f3230" scoped=""/>
        <function-ref name="led1On" ref="0x7fcf8f9f33c0" scoped=""/>
        <function-ref name="led1Toggle" ref="0x7fcf8f9f3550" scoped=""/>
        <function-ref name="led2Toggle" ref="0x7fcf8f9f36e0" scoped=""/>
        <function-ref name="get" ref="0x7fcf8f9f3870" scoped=""/>
        <function-ref name="led1Off" ref="0x7fcf8f9f3a00" scoped=""/>
        <function-ref name="led2Off" ref="0x7fcf8f9e91b0" scoped=""/>
        <function-ref name="set" ref="0x7fcf8f9f3b90" scoped=""/>
        <function-ref name="led0On" ref="0x7fcf8f9f3d20" scoped=""/>
        <function-ref name="led2On" ref="0x7fcf8f9e9020" scoped=""/>
      </interface-functions>
    </interface></specification><referenced/></component>