<?xml version="1.0" ?><component abstract="" loc="89:/opt/tinyos-2.1.2/tos/system/FcfsArbiterC.nc" nicename="tos.system.FcfsArbiterC" qname="FcfsArbiterC">
      <documentation loc="69:/opt/tinyos-2.1.2/tos/system/FcfsArbiterC.nc">
        <short>
 Please refer to TEP 108 for more information about this component and its
 intended use.&lt;br&gt;&lt;br&gt;

 This component provides the Resource, ArbiterInfo, and ResourceDefaultOwner
 interfaces and uses the ResourceConfigure interface as
 described in TEP 108.</short>
        <long>
 Please refer to TEP 108 for more information about this component and its
 intended use.&lt;br&gt;&lt;br&gt;

 This component provides the Resource, ArbiterInfo, and ResourceDefaultOwner
 interfaces and uses the ResourceConfigure interface as
 described in TEP 108.  It provides arbitration to a shared resource in
 an FCFS fashion.  An array is used to keep track of which users have put
 in requests for the resource.  Upon the release of the resource by one
 of these users, the array is checked and the next user (in FCFS order)
 that has a pending request will ge granted control of the resource.  If
 there are no pending requests, then the resource is granted to the default 
 user.  If a new request is made, the default user will release the resource, 
 and it will be granted to the requesting cleint.

 @param &lt;b&gt;resourceName&lt;/b&gt; -- The name of the Resource being shared
 
 @author Kevin Klues (klues@tkn.tu-berlin.de)
</long>
      </documentation>
      <parameters>
        <constant loc="89:/opt/tinyos-2.1.2/tos/system/FcfsArbiterC.nc" name="resourceName" ref="0x7fcf8f7f4020">
          <component-ref nicename="tos.system.FcfsArbiterC" qname="FcfsArbiterC"/>
          <type-pointer alignment="I:2" size="I:2">
            <type-int alignment="I:1" cname="char" size="I:1"/>
          </type-pointer>
        </constant>
      </parameters>
      <configuration/>
      <wiring>
        <wire loc="106:/opt/tinyos-2.1.2/tos/system/FcfsArbiterC.nc">
          <from><interface-ref name="ResourceRequested" ref="0x7fcf8f7f3d10" scoped=""/></from>
          <to><interface-ref name="ResourceRequested" ref="0x7fcf8f78a020" scoped=""/></to>
        </wire>
        <wire loc="107:/opt/tinyos-2.1.2/tos/system/FcfsArbiterC.nc">
          <from><interface-ref name="ResourceDefaultOwner" ref="0x7fcf8f7ec7f0" scoped=""/></from>
          <to><interface-ref name="ResourceDefaultOwner" ref="0x7fcf8f78a7a0" scoped=""/></to>
        </wire>
        <wire loc="105:/opt/tinyos-2.1.2/tos/system/FcfsArbiterC.nc">
          <from><interface-ref name="Resource" ref="0x7fcf8f7f4a20" scoped=""/></from>
          <to><interface-ref name="Resource" ref="0x7fcf8f78b150" scoped=""/></to>
        </wire>
        <wire loc="108:/opt/tinyos-2.1.2/tos/system/FcfsArbiterC.nc">
          <from><interface-ref name="ArbiterInfo" ref="0x7fcf8f7f0600" scoped=""/></from>
          <to><interface-ref name="ArbiterInfo" ref="0x7fcf8f789400" scoped=""/></to>
        </wire>
        <wire loc="103:/opt/tinyos-2.1.2/tos/system/FcfsArbiterC.nc">
          <from><interface-ref name="SoftwareInit" ref="0x7fcf90354d90" scoped=""/></from>
          <to><interface-ref name="Init" ref="0x7fcf8f7e9e30" scoped=""/></to>
        </wire>
        <wire loc="109:/opt/tinyos-2.1.2/tos/system/FcfsArbiterC.nc">
          <from><interface-ref name="ResourceConfigure" ref="0x7fcf8f789cf0" scoped=""/></from>
          <to><interface-ref name="ResourceConfigure" ref="0x7fcf8f7ef3f0" scoped=""/></to>
        </wire>
        <wire loc="111:/opt/tinyos-2.1.2/tos/system/FcfsArbiterC.nc">
          <from><interface-ref name="Queue" ref="0x7fcf8f787500" scoped=""/></from>
          <to><interface-ref name="FcfsQueue" ref="0x7fcf8f7e8470" scoped=""/></to>
        </wire>
      </wiring>
    <specification><interface loc="92:/opt/tinyos-2.1.2/tos/system/FcfsArbiterC.nc" name="ResourceRequested" provided="1" ref="0x7fcf8f7f3d10">
      <component-ref nicename="tos.system.FcfsArbiterC" qname="FcfsArbiterC"/>
      <type-interface alignment="I:2" size="I:2"><interface-ref name="ResourceRequested" ref="0x7fcf8f7f3d10" scoped=""/></type-interface>
      <instance>
        <interfacedef-ref nicename="tos.interfaces.ResourceRequested" qname="ResourceRequested"/>
      </instance>
      <interface-parameters>
        <type-int alignment="I:1" cname="unsigned char" size="I:1" unsigned="">
          <typename><typedef-ref name="uint8_t" ref="0x7fcf9126f160"/></typename>
        </type-int>
      </interface-parameters>
      <interface-functions>
        <function-ref name="requested" ref="0x7fcf8f7f10e0" scoped=""/>
        <function-ref name="immediateRequested" ref="0x7fcf8f7f1270" scoped=""/>
      </interface-functions>
    </interface><interface loc="96:/opt/tinyos-2.1.2/tos/system/FcfsArbiterC.nc" name="ResourceConfigure" provided="0" ref="0x7fcf8f7ef3f0">
      <component-ref nicename="tos.system.FcfsArbiterC" qname="FcfsArbiterC"/>
      <type-interface alignment="I:2" size="I:2"><interface-ref name="ResourceConfigure" ref="0x7fcf8f7ef3f0" scoped=""/></type-interface>
      <instance>
        <interfacedef-ref nicename="tos.interfaces.ResourceConfigure" qname="ResourceConfigure"/>
      </instance>
      <interface-parameters>
        <type-int alignment="I:1" cname="unsigned char" size="I:1" unsigned="">
          <typename><typedef-ref name="uint8_t" ref="0x7fcf9126f160"/></typename>
        </type-int>
      </interface-parameters>
      <interface-functions>
        <function-ref name="unconfigure" ref="0x7fcf8f7ef770" scoped=""/>
        <function-ref name="configure" ref="0x7fcf8f7ef900" scoped=""/>
      </interface-functions>
    </interface><interface loc="93:/opt/tinyos-2.1.2/tos/system/FcfsArbiterC.nc" name="ResourceDefaultOwner" provided="1" ref="0x7fcf8f7ec7f0">
      <component-ref nicename="tos.system.FcfsArbiterC" qname="FcfsArbiterC"/>
      <type-interface alignment="I:2" size="I:2"><interface-ref name="ResourceDefaultOwner" ref="0x7fcf8f7ec7f0" scoped=""/></type-interface>
      <instance>
        <interfacedef-ref nicename="tos.interfaces.ResourceDefaultOwner" qname="ResourceDefaultOwner"/>
      </instance>
      <interface-functions>
        <function-ref name="release" ref="0x7fcf8f7ecb70" scoped=""/>
        <function-ref name="requested" ref="0x7fcf8f7ecd00" scoped=""/>
        <function-ref name="granted" ref="0x7fcf8f7f0020" scoped=""/>
        <function-ref name="isOwner" ref="0x7fcf8f7f01b0" scoped=""/>
        <function-ref name="immediateRequested" ref="0x7fcf8f7f0340" scoped=""/>
      </interface-functions>
    </interface><interface loc="91:/opt/tinyos-2.1.2/tos/system/FcfsArbiterC.nc" name="Resource" provided="1" ref="0x7fcf8f7f4a20">
      <component-ref nicename="tos.system.FcfsArbiterC" qname="FcfsArbiterC"/>
      <type-interface alignment="I:2" size="I:2"><interface-ref name="Resource" ref="0x7fcf8f7f4a20" scoped=""/></type-interface>
      <instance>
        <interfacedef-ref nicename="tos.interfaces.Resource" qname="Resource"/>
      </instance>
      <interface-parameters>
        <type-int alignment="I:1" cname="unsigned char" size="I:1" unsigned="">
          <typename><typedef-ref name="uint8_t" ref="0x7fcf9126f160"/></typename>
        </type-int>
      </interface-parameters>
      <interface-functions>
        <function-ref name="release" ref="0x7fcf8f7f4da0" scoped=""/>
        <function-ref name="immediateRequest" ref="0x7fcf8f7f3020" scoped=""/>
        <function-ref name="request" ref="0x7fcf8f7f31b0" scoped=""/>
        <function-ref name="granted" ref="0x7fcf8f7f3340" scoped=""/>
        <function-ref name="isOwner" ref="0x7fcf8f7f34d0" scoped=""/>
      </interface-functions>
    </interface><interface loc="94:/opt/tinyos-2.1.2/tos/system/FcfsArbiterC.nc" name="ArbiterInfo" provided="1" ref="0x7fcf8f7f0600">
      <component-ref nicename="tos.system.FcfsArbiterC" qname="FcfsArbiterC"/>
      <type-interface alignment="I:2" size="I:2"><interface-ref name="ArbiterInfo" ref="0x7fcf8f7f0600" scoped=""/></type-interface>
      <instance>
        <interfacedef-ref nicename="tos.interfaces.ArbiterInfo" qname="ArbiterInfo"/>
      </instance>
      <interface-functions>
        <function-ref name="inUse" ref="0x7fcf8f7f0980" scoped=""/>
        <function-ref name="userId" ref="0x7fcf8f7f0b10" scoped=""/>
      </interface-functions>
    </interface></specification><referenced><interface loc="57:/opt/tinyos-2.1.2/tos/system/ArbiterP.nc" name="ArbiterInfo" provided="1" ref="0x7fcf8f789400">
      <component-ref nicename="tos.system.ArbiterP" qname="FcfsArbiterC.Arbiter"/>
      <type-interface alignment="I:2" size="I:2"><interface-ref name="ArbiterInfo" ref="0x7fcf8f789400" scoped=""/></type-interface>
      <instance>
        <interfacedef-ref nicename="tos.interfaces.ArbiterInfo" qname="ArbiterInfo"/>
      </instance>
      <interface-functions>
        <function-ref name="inUse" ref="0x7fcf8f789780" scoped=""/>
        <function-ref name="userId" ref="0x7fcf8f789910" scoped=""/>
      </interface-functions>
    </interface><interface loc="58:/opt/tinyos-2.1.2/tos/system/MainC.nc" name="SoftwareInit" provided="0" ref="0x7fcf90354d90">
      <component-ref nicename="tos.system.MainC" qname="MainC"/>
      <type-interface alignment="I:2" size="I:2"><interface-ref name="SoftwareInit" ref="0x7fcf90354d90" scoped=""/></type-interface>
      <instance>
        <interfacedef-ref nicename="tos.interfaces.Init" qname="Init"/>
      </instance>
      <interface-functions>
        <function-ref name="init" ref="0x7fcf90353180" scoped=""/>
      </interface-functions>
    </interface><interface loc="61:/opt/tinyos-2.1.2/tos/system/ArbiterP.nc" name="Queue" provided="0" ref="0x7fcf8f787500">
      <component-ref nicename="tos.system.ArbiterP" qname="FcfsArbiterC.Arbiter"/>
      <type-interface alignment="I:2" size="I:2"><interface-ref name="Queue" ref="0x7fcf8f787500" scoped=""/></type-interface>
      <instance>
        <interfacedef-ref nicename="tos.interfaces.ResourceQueue" qname="ResourceQueue"/>
      </instance>
      <interface-functions>
        <function-ref name="enqueue" ref="0x7fcf8f787880" scoped=""/>
        <function-ref name="isEmpty" ref="0x7fcf8f787a10" scoped=""/>
        <function-ref name="isEnqueued" ref="0x7fcf8f787ba0" scoped=""/>
        <function-ref name="dequeue" ref="0x7fcf8f787d30" scoped=""/>
      </interface-functions>
    </interface><interface loc="55:/opt/tinyos-2.1.2/tos/system/ArbiterP.nc" name="ResourceRequested" provided="1" ref="0x7fcf8f78a020">
      <component-ref nicename="tos.system.ArbiterP" qname="FcfsArbiterC.Arbiter"/>
      <type-interface alignment="I:2" size="I:2"><interface-ref name="ResourceRequested" ref="0x7fcf8f78a020" scoped=""/></type-interface>
      <instance>
        <interfacedef-ref nicename="tos.interfaces.ResourceRequested" qname="ResourceRequested"/>
      </instance>
      <interface-parameters>
        <type-int alignment="I:1" cname="unsigned char" size="I:1" unsigned="">
          <typename><typedef-ref name="uint8_t" ref="0x7fcf9126f160"/></typename>
        </type-int>
      </interface-parameters>
      <interface-functions>
        <function-ref name="requested" ref="0x7fcf8f78a3c0" scoped=""/>
        <function-ref name="immediateRequested" ref="0x7fcf8f78a550" scoped=""/>
      </interface-functions>
    </interface><interface loc="56:/opt/tinyos-2.1.2/tos/system/ArbiterP.nc" name="ResourceDefaultOwner" provided="1" ref="0x7fcf8f78a7a0">
      <component-ref nicename="tos.system.ArbiterP" qname="FcfsArbiterC.Arbiter"/>
      <type-interface alignment="I:2" size="I:2"><interface-ref name="ResourceDefaultOwner" ref="0x7fcf8f78a7a0" scoped=""/></type-interface>
      <instance>
        <interfacedef-ref nicename="tos.interfaces.ResourceDefaultOwner" qname="ResourceDefaultOwner"/>
      </instance>
      <interface-functions>
        <function-ref name="release" ref="0x7fcf8f78ab20" scoped=""/>
        <function-ref name="requested" ref="0x7fcf8f78acb0" scoped=""/>
        <function-ref name="granted" ref="0x7fcf8f78ae40" scoped=""/>
        <function-ref name="isOwner" ref="0x7fcf8f789020" scoped=""/>
        <function-ref name="immediateRequested" ref="0x7fcf8f7891b0" scoped=""/>
      </interface-functions>
    </interface><interface loc="45:/opt/tinyos-2.1.2/tos/system/FcfsResourceQueueC.nc" name="FcfsQueue" provided="1" ref="0x7fcf8f7e8470">
      <component-ref nicename="tos.system.FcfsResourceQueueC" qname="FcfsArbiterC.Queue"/>
      <type-interface alignment="I:2" size="I:2"><interface-ref name="FcfsQueue" ref="0x7fcf8f7e8470" scoped=""/></type-interface>
      <instance>
        <interfacedef-ref nicename="tos.interfaces.ResourceQueue" qname="ResourceQueue"/>
      </instance>
      <interface-functions>
        <function-ref name="enqueue" ref="0x7fcf8f7e87f0" scoped=""/>
        <function-ref name="isEmpty" ref="0x7fcf8f7e8980" scoped=""/>
        <function-ref name="isEnqueued" ref="0x7fcf8f7e8b10" scoped=""/>
        <function-ref name="dequeue" ref="0x7fcf8f7e8ca0" scoped=""/>
      </interface-functions>
    </interface><interface loc="60:/opt/tinyos-2.1.2/tos/system/ArbiterP.nc" name="ResourceConfigure" provided="0" ref="0x7fcf8f789cf0">
      <component-ref nicename="tos.system.ArbiterP" qname="FcfsArbiterC.Arbiter"/>
      <type-interface alignment="I:2" size="I:2"><interface-ref name="ResourceConfigure" ref="0x7fcf8f789cf0" scoped=""/></type-interface>
      <instance>
        <interfacedef-ref nicename="tos.interfaces.ResourceConfigure" qname="ResourceConfigure"/>
      </instance>
      <interface-parameters>
        <type-int alignment="I:1" cname="unsigned char" size="I:1" unsigned="">
          <typename><typedef-ref name="uint8_t" ref="0x7fcf9126f160"/></typename>
        </type-int>
      </interface-parameters>
      <interface-functions>
        <function-ref name="unconfigure" ref="0x7fcf8f7870e0" scoped=""/>
        <function-ref name="configure" ref="0x7fcf8f787270" scoped=""/>
      </interface-functions>
    </interface><interface loc="54:/opt/tinyos-2.1.2/tos/system/ArbiterP.nc" name="Resource" provided="1" ref="0x7fcf8f78b150">
      <component-ref nicename="tos.system.ArbiterP" qname="FcfsArbiterC.Arbiter"/>
      <type-interface alignment="I:2" size="I:2"><interface-ref name="Resource" ref="0x7fcf8f78b150" scoped=""/></type-interface>
      <instance>
        <interfacedef-ref nicename="tos.interfaces.Resource" qname="Resource"/>
      </instance>
      <interface-parameters>
        <type-int alignment="I:1" cname="unsigned char" size="I:1" unsigned="">
          <typename><typedef-ref name="uint8_t" ref="0x7fcf9126f160"/></typename>
        </type-int>
      </interface-parameters>
      <interface-functions>
        <function-ref name="release" ref="0x7fcf8f78b4f0" scoped=""/>
        <function-ref name="immediateRequest" ref="0x7fcf8f78b680" scoped=""/>
        <function-ref name="request" ref="0x7fcf8f78b810" scoped=""/>
        <function-ref name="granted" ref="0x7fcf8f78b9a0" scoped=""/>
        <function-ref name="isOwner" ref="0x7fcf8f78bb30" scoped=""/>
      </interface-functions>
    </interface><interface loc="44:/opt/tinyos-2.1.2/tos/system/FcfsResourceQueueC.nc" name="Init" provided="1" ref="0x7fcf8f7e9e30">
      <component-ref nicename="tos.system.FcfsResourceQueueC" qname="FcfsArbiterC.Queue"/>
      <type-interface alignment="I:2" size="I:2"><interface-ref name="Init" ref="0x7fcf8f7e9e30" scoped=""/></type-interface>
      <instance>
        <interfacedef-ref nicename="tos.interfaces.Init" qname="Init"/>
      </instance>
      <interface-functions>
        <function-ref name="init" ref="0x7fcf8f7e81e0" scoped=""/>
      </interface-functions>
    </interface><component loc="56:/opt/tinyos-2.1.2/tos/system/MainC.nc" nicename="tos.system.MainC" qname="MainC">
      <documentation loc="45:/opt/tinyos-2.1.2/tos/system/MainC.nc">
        <short>
 MainC is the system interface the TinyOS boot sequence.</short>
        <long>
 MainC is the system interface the TinyOS boot sequence. It wires the
 boot sequence implementation to the scheduler and hardware resources.

 @author Philip Levis
 @date   August 6 2005
 @see    TEP 107: Boot Sequence
</long>
      </documentation>
      <configuration/>
      <wiring>
        <wire loc="72:/opt/tinyos-2.1.2/tos/system/MainC.nc">
          <from><interface-ref name="Boot" ref="0x7fcf90352870" scoped=""/></from>
          <to><interface-ref name="Boot" ref="0x7fcf90187590" scoped=""/></to>
        </wire>
        <wire loc="67:/opt/tinyos-2.1.2/tos/system/MainC.nc">
          <from><interface-ref name="Scheduler" ref="0x7fcf90187c00" scoped=""/></from>
          <to><interface-ref name="Scheduler" ref="0x7fcf907e03a0" scoped=""/></to>
        </wire>
        <wire loc="68:/opt/tinyos-2.1.2/tos/system/MainC.nc">
          <from><interface-ref name="PlatformInit" ref="0x7fcf901866c0" scoped=""/></from>
          <to><interface-ref name="Init" ref="0x7fcf90353da0" scoped=""/></to>
        </wire>
        <wire loc="71:/opt/tinyos-2.1.2/tos/system/MainC.nc">
          <from><interface-ref name="SoftwareInit" ref="0x7fcf90186dc0" scoped=""/></from>
          <to><interface-ref name="SoftwareInit" ref="0x7fcf90354d90" scoped=""/></to>
        </wire>
      </wiring>
    </component><component abstract="" loc="52(FcfsArbiterC.Arbiter):/opt/tinyos-2.1.2/tos/system/ArbiterP.nc" nicename="tos.system.ArbiterP" qname="FcfsArbiterC.Arbiter">
      <documentation loc="30:/opt/tinyos-2.1.2/tos/system/ArbiterP.nc">
        <short>
 Please refer to TEP 108 for more information about this component and its
 intended use.&lt;br&gt;&lt;br&gt;

 This component provides the Resource, ResourceRequested, ArbiterInfo, 
 and ResourceDefaultOwner interfaces and uses the ResourceConfigure interface as
 described in TEP 108.</short>
        <long>
 Please refer to TEP 108 for more information about this component and its
 intended use.&lt;br&gt;&lt;br&gt;

 This component provides the Resource, ResourceRequested, ArbiterInfo, 
 and ResourceDefaultOwner interfaces and uses the ResourceConfigure interface as
 described in TEP 108.  It provides arbitration to a shared resource.
 A Queue is used to keep track of which users have put
 in requests for the resource.  Upon the release of the resource by one
 of these users, the queue is checked and the next user
 that has a pending request will ge granted control of the resource.  If
 there are no pending requests, then the user of the ResourceDefaultOwner
 interface gains access to the resource, and holds onto it until
 another user makes a request.

 @param &lt;b&gt;default_owner_id&lt;/b&gt; -- The id of the default owner of this 
        resource
 
 @author Kevin Klues (klues@tkn.tu-berlin.de)
 @author Philip Levis
</long>
      </documentation>
      <instance>
        <component-ref nicename="tos.system.ArbiterP" qname="ArbiterP"/>
        <arguments>
          <value cst="U:">
            <type-int alignment="I:2" cname="unsigned int" size="I:2" unsigned=""/>
          </value>
        </arguments>
      </instance>
      <module/>
    </component><component abstract="" loc="42(FcfsArbiterC.Queue):/opt/tinyos-2.1.2/tos/system/FcfsResourceQueueC.nc" nicename="tos.system.FcfsResourceQueueC" qname="FcfsArbiterC.Queue">
      <instance>
        <component-ref nicename="tos.system.FcfsResourceQueueC" qname="FcfsResourceQueueC"/>
        <arguments>
          <value cst="U:">
            <type-int alignment="I:2" cname="unsigned int" size="I:2" unsigned=""/>
          </value>
        </arguments>
      </instance>
      <module/>
    </component></referenced></component>