<?xml version="1.0" ?><component loc="2:/opt/tinyos-2.1.2/tos/chips/msp430/timer/Msp430TimerCommonP.nc" nicename="tos.chips.msp430.timer.Msp430TimerCommonP" qname="Msp430TimerCommonP" safe="">
      <module/>
    <specification><interface loc="7:/opt/tinyos-2.1.2/tos/chips/msp430/timer/Msp430TimerCommonP.nc" name="VectorTimerB1" provided="1" ref="0x7fcf901ca240">
      <component-ref nicename="tos.chips.msp430.timer.Msp430TimerCommonP" qname="Msp430TimerCommonP"/>
      <type-interface alignment="I:2" size="I:2"><interface-ref name="VectorTimerB1" ref="0x7fcf901ca240" scoped=""/></type-interface>
      <instance>
        <interfacedef-ref nicename="tos.chips.msp430.timer.Msp430TimerEvent" qname="Msp430TimerEvent"/>
      </instance>
      <interface-functions>
        <function-ref name="fired" ref="0x7fcf901ca5c0" scoped=""/>
      </interface-functions>
    </interface><interface loc="4:/opt/tinyos-2.1.2/tos/chips/msp430/timer/Msp430TimerCommonP.nc" name="VectorTimerA0" provided="1" ref="0x7fcf901cfa90">
      <component-ref nicename="tos.chips.msp430.timer.Msp430TimerCommonP" qname="Msp430TimerCommonP"/>
      <type-interface alignment="I:2" size="I:2"><interface-ref name="VectorTimerA0" ref="0x7fcf901cfa90" scoped=""/></type-interface>
      <instance>
        <interfacedef-ref nicename="tos.chips.msp430.timer.Msp430TimerEvent" qname="Msp430TimerEvent"/>
      </instance>
      <interface-functions>
        <function-ref name="fired" ref="0x7fcf901cfe10" scoped=""/>
      </interface-functions>
    </interface><interface loc="5:/opt/tinyos-2.1.2/tos/chips/msp430/timer/Msp430TimerCommonP.nc" name="VectorTimerA1" provided="1" ref="0x7fcf901cb260">
      <component-ref nicename="tos.chips.msp430.timer.Msp430TimerCommonP" qname="Msp430TimerCommonP"/>
      <type-interface alignment="I:2" size="I:2"><interface-ref name="VectorTimerA1" ref="0x7fcf901cb260" scoped=""/></type-interface>
      <instance>
        <interfacedef-ref nicename="tos.chips.msp430.timer.Msp430TimerEvent" qname="Msp430TimerEvent"/>
      </instance>
      <interface-functions>
        <function-ref name="fired" ref="0x7fcf901cb5e0" scoped=""/>
      </interface-functions>
    </interface><interface loc="6:/opt/tinyos-2.1.2/tos/chips/msp430/timer/Msp430TimerCommonP.nc" name="VectorTimerB0" provided="1" ref="0x7fcf901cb9f0">
      <component-ref nicename="tos.chips.msp430.timer.Msp430TimerCommonP" qname="Msp430TimerCommonP"/>
      <type-interface alignment="I:2" size="I:2"><interface-ref name="VectorTimerB0" ref="0x7fcf901cb9f0" scoped=""/></type-interface>
      <instance>
        <interfacedef-ref nicename="tos.chips.msp430.timer.Msp430TimerEvent" qname="Msp430TimerEvent"/>
      </instance>
      <interface-functions>
        <function-ref name="fired" ref="0x7fcf901cbd70" scoped=""/>
      </interface-functions>
    </interface></specification><referenced/></component>