<?xml version="1.0" ?><component loc="1:/opt/tinyos-2.1.2/tos/platforms/telosb/MotePlatformC.nc" nicename="tos.platforms.telosb.MotePlatformC" qname="MotePlatformC" safe="">
      <module/>
    <specification><interface loc="2:/opt/tinyos-2.1.2/tos/platforms/telosb/MotePlatformC.nc" name="Init" provided="1" ref="0x7fcf903441a0">
      <component-ref nicename="tos.platforms.telosb.MotePlatformC" qname="MotePlatformC"/>
      <type-interface alignment="I:2" size="I:2"><interface-ref name="Init" ref="0x7fcf903441a0" scoped=""/></type-interface>
      <instance>
        <interfacedef-ref nicename="tos.interfaces.Init" qname="Init"/>
      </instance>
      <interface-functions>
        <function-ref name="init" ref="0x7fcf90344520" scoped=""/>
      </interface-functions>
    </interface></specification><referenced/></component>