<?xml version="1.0" ?><component abstract="" loc="39:/opt/tinyos-2.1.2/tos/chips/msp430/timer/Msp430TimerP.nc" nicename="tos.chips.msp430.timer.Msp430TimerP" qname="Msp430TimerP" safe="">
      <documentation loc="2:/opt/tinyos-2.1.2/tos/chips/msp430/msp430regtypes.h">
        <short>
 Copyright (c) 2011 Eric B.</short>
        <long>
 Copyright (c) 2011 Eric B. Decker
 Copyright (c) 2009 DEXMA SENSORS SL
 Copyright (c) 2000-2003 The Regents of the University of California.  
 All rights reserved.

 Redistribution and use in source and binary forms, with or without
 modification, are permitted provided that the following conditions
 are met:

 - Redistributions of source code must retain the above copyright
   notice, this list of conditions and the following disclaimer.
 - Redistributions in binary form must reproduce the above copyright
   notice, this list of conditions and the following disclaimer in the
   documentation and/or other materials provided with the
   distribution.
 - Neither the name of the copyright holder nor the names of
   its contributors may be used to endorse or promote products derived
   from this software without specific prior written permission.

 THIS SOFTWARE IS PROVIDED BY THE COPYRIGHT HOLDERS AND CONTRIBUTORS
 &quot;AS IS&quot; AND ANY EXPRESS OR IMPLIED WARRANTIES, INCLUDING, BUT NOT
 LIMITED TO, THE IMPLIED WARRANTIES OF MERCHANTABILITY AND FITNESS
 FOR A PARTICULAR PURPOSE ARE DISCLAIMED.  IN NO EVENT SHALL
 THE COPYRIGHT HOLDER OR CONTRIBUTORS BE LIABLE FOR ANY DIRECT,
 INDIRECT, INCIDENTAL, SPECIAL, EXEMPLARY, OR CONSEQUENTIAL DAMAGES
 (INCLUDING, BUT NOT LIMITED TO, PROCUREMENT OF SUBSTITUTE GOODS OR
 SERVICES; LOSS OF USE, DATA, OR PROFITS; OR BUSINESS INTERRUPTION)
 HOWEVER CAUSED AND ON ANY THEORY OF LIABILITY, WHETHER IN CONTRACT,
 STRICT LIABILITY, OR TORT (INCLUDING NEGLIGENCE OR OTHERWISE)
 ARISING IN ANY WAY OUT OF THE USE OF THIS SOFTWARE, EVEN IF ADVISED
 OF THE POSSIBILITY OF SUCH DAMAGE.
</long>
      </documentation>
      <parameters>
        <constant loc="40:/opt/tinyos-2.1.2/tos/chips/msp430/timer/Msp430TimerP.nc" name="TxIV_addr" ref="0x7fcf902a2970">
          <component-ref nicename="tos.chips.msp430.timer.Msp430TimerP" qname="Msp430TimerP"/>
          <type-int alignment="I:2" cname="unsigned int" size="I:2" unsigned="">
            <typename><typedef-ref name="uint16_t" ref="0x7fcf9126f520"/></typename>
          </type-int>
        </constant>
        <constant loc="41:/opt/tinyos-2.1.2/tos/chips/msp430/timer/Msp430TimerP.nc" name="TxR_addr" ref="0x7fcf902a2d10">
          <component-ref nicename="tos.chips.msp430.timer.Msp430TimerP" qname="Msp430TimerP"/>
          <type-int alignment="I:2" cname="unsigned int" size="I:2" unsigned="">
            <typename><typedef-ref name="uint16_t" ref="0x7fcf9126f520"/></typename>
          </type-int>
        </constant>
        <constant loc="42:/opt/tinyos-2.1.2/tos/chips/msp430/timer/Msp430TimerP.nc" name="TxCTL_addr" ref="0x7fcf902a1110">
          <component-ref nicename="tos.chips.msp430.timer.Msp430TimerP" qname="Msp430TimerP"/>
          <type-int alignment="I:2" cname="unsigned int" size="I:2" unsigned="">
            <typename><typedef-ref name="uint16_t" ref="0x7fcf9126f520"/></typename>
          </type-int>
        </constant>
        <constant loc="43:/opt/tinyos-2.1.2/tos/chips/msp430/timer/Msp430TimerP.nc" name="TxIFG" ref="0x7fcf902a1490">
          <component-ref nicename="tos.chips.msp430.timer.Msp430TimerP" qname="Msp430TimerP"/>
          <type-int alignment="I:2" cname="unsigned int" size="I:2" unsigned="">
            <typename><typedef-ref name="uint16_t" ref="0x7fcf9126f520"/></typename>
          </type-int>
        </constant>
        <constant loc="44:/opt/tinyos-2.1.2/tos/chips/msp430/timer/Msp430TimerP.nc" name="TxCLR" ref="0x7fcf902a1810">
          <component-ref nicename="tos.chips.msp430.timer.Msp430TimerP" qname="Msp430TimerP"/>
          <type-int alignment="I:2" cname="unsigned int" size="I:2" unsigned="">
            <typename><typedef-ref name="uint16_t" ref="0x7fcf9126f520"/></typename>
          </type-int>
        </constant>
        <constant loc="45:/opt/tinyos-2.1.2/tos/chips/msp430/timer/Msp430TimerP.nc" name="TxIE" ref="0x7fcf902a1b80">
          <component-ref nicename="tos.chips.msp430.timer.Msp430TimerP" qname="Msp430TimerP"/>
          <type-int alignment="I:2" cname="unsigned int" size="I:2" unsigned="">
            <typename><typedef-ref name="uint16_t" ref="0x7fcf9126f520"/></typename>
          </type-int>
        </constant>
        <constant loc="46:/opt/tinyos-2.1.2/tos/chips/msp430/timer/Msp430TimerP.nc" name="TxSSEL0" ref="0x7fcf9029f020">
          <component-ref nicename="tos.chips.msp430.timer.Msp430TimerP" qname="Msp430TimerP"/>
          <type-int alignment="I:2" cname="unsigned int" size="I:2" unsigned="">
            <typename><typedef-ref name="uint16_t" ref="0x7fcf9126f520"/></typename>
          </type-int>
        </constant>
        <constant loc="47:/opt/tinyos-2.1.2/tos/chips/msp430/timer/Msp430TimerP.nc" name="TxSSEL1" ref="0x7fcf9029f3b0">
          <component-ref nicename="tos.chips.msp430.timer.Msp430TimerP" qname="Msp430TimerP"/>
          <type-int alignment="I:2" cname="unsigned int" size="I:2" unsigned="">
            <typename><typedef-ref name="uint16_t" ref="0x7fcf9126f520"/></typename>
          </type-int>
        </constant>
        <constant loc="48:/opt/tinyos-2.1.2/tos/chips/msp430/timer/Msp430TimerP.nc" name="isClockSourceAsync" ref="0x7fcf9029f780">
          <component-ref nicename="tos.chips.msp430.timer.Msp430TimerP" qname="Msp430TimerP"/>
          <type-int alignment="I:1" cname="unsigned char" size="I:1" unsigned="">
            <typename><typedef-ref name="bool" ref="0x7fcf907e5090"/></typename>
          </type-int>
        </constant>
      </parameters>
      <module/>
    <specification><interface loc="53:/opt/tinyos-2.1.2/tos/chips/msp430/timer/Msp430TimerP.nc" name="VectorTimerX0" provided="0" ref="0x7fcf9029c9a0">
      <component-ref nicename="tos.chips.msp430.timer.Msp430TimerP" qname="Msp430TimerP"/>
      <type-interface alignment="I:2" size="I:2"><interface-ref name="VectorTimerX0" ref="0x7fcf9029c9a0" scoped=""/></type-interface>
      <instance>
        <interfacedef-ref nicename="tos.chips.msp430.timer.Msp430TimerEvent" qname="Msp430TimerEvent"/>
      </instance>
      <interface-functions>
        <function-ref name="fired" ref="0x7fcf9029cd20" scoped=""/>
      </interface-functions>
    </interface><interface loc="52:/opt/tinyos-2.1.2/tos/chips/msp430/timer/Msp430TimerP.nc" name="Overflow" provided="0" ref="0x7fcf9029c210">
      <component-ref nicename="tos.chips.msp430.timer.Msp430TimerP" qname="Msp430TimerP"/>
      <type-interface alignment="I:2" size="I:2"><interface-ref name="Overflow" ref="0x7fcf9029c210" scoped=""/></type-interface>
      <instance>
        <interfacedef-ref nicename="tos.chips.msp430.timer.Msp430TimerEvent" qname="Msp430TimerEvent"/>
      </instance>
      <interface-functions>
        <function-ref name="fired" ref="0x7fcf9029c590" scoped=""/>
      </interface-functions>
    </interface><interface loc="54:/opt/tinyos-2.1.2/tos/chips/msp430/timer/Msp430TimerP.nc" name="VectorTimerX1" provided="0" ref="0x7fcf9029b190">
      <component-ref nicename="tos.chips.msp430.timer.Msp430TimerP" qname="Msp430TimerP"/>
      <type-interface alignment="I:2" size="I:2"><interface-ref name="VectorTimerX1" ref="0x7fcf9029b190" scoped=""/></type-interface>
      <instance>
        <interfacedef-ref nicename="tos.chips.msp430.timer.Msp430TimerEvent" qname="Msp430TimerEvent"/>
      </instance>
      <interface-functions>
        <function-ref name="fired" ref="0x7fcf9029b510" scoped=""/>
      </interface-functions>
    </interface><interface loc="51:/opt/tinyos-2.1.2/tos/chips/msp430/timer/Msp430TimerP.nc" name="Event" provided="1" ref="0x7fcf9029aa60">
      <component-ref nicename="tos.chips.msp430.timer.Msp430TimerP" qname="Msp430TimerP"/>
      <type-interface alignment="I:2" size="I:2"><interface-ref name="Event" ref="0x7fcf9029aa60" scoped=""/></type-interface>
      <instance>
        <interfacedef-ref nicename="tos.chips.msp430.timer.Msp430TimerEvent" qname="Msp430TimerEvent"/>
      </instance>
      <interface-parameters>
        <type-int alignment="I:1" cname="unsigned char" size="I:1" unsigned="">
          <typename><typedef-ref name="uint8_t" ref="0x7fcf9126f160"/></typename>
        </type-int>
      </interface-parameters>
      <interface-functions>
        <function-ref name="fired" ref="0x7fcf9029ade0" scoped=""/>
      </interface-functions>
    </interface><interface loc="50:/opt/tinyos-2.1.2/tos/chips/msp430/timer/Msp430TimerP.nc" name="Timer" provided="1" ref="0x7fcf9029e100">
      <component-ref nicename="tos.chips.msp430.timer.Msp430TimerP" qname="Msp430TimerP"/>
      <type-interface alignment="I:2" size="I:2"><interface-ref name="Timer" ref="0x7fcf9029e100" scoped=""/></type-interface>
      <instance>
        <interfacedef-ref nicename="tos.chips.msp430.timer.Msp430Timer" qname="Msp430Timer"/>
      </instance>
      <interface-functions>
        <function-ref name="clear" ref="0x7fcf9029e480" scoped=""/>
        <function-ref name="setClockSource" ref="0x7fcf9029e610" scoped=""/>
        <function-ref name="enableEvents" ref="0x7fcf9029e7a0" scoped=""/>
        <function-ref name="get" ref="0x7fcf9029e930" scoped=""/>
        <function-ref name="disableEvents" ref="0x7fcf9029eac0" scoped=""/>
        <function-ref name="clearOverflow" ref="0x7fcf9029ec50" scoped=""/>
        <function-ref name="getMode" ref="0x7fcf9029ede0" scoped=""/>
        <function-ref name="isOverflowPending" ref="0x7fcf9029d020" scoped=""/>
        <function-ref name="overflow" ref="0x7fcf9029d1b0" scoped=""/>
        <function-ref name="setMode" ref="0x7fcf9029d340" scoped=""/>
        <function-ref name="setInputDivider" ref="0x7fcf9029d4d0" scoped=""/>
      </interface-functions>
    </interface></specification><referenced/></component>