<?xml version="1.0" ?><component abstract="" loc="48:/opt/tinyos-2.1.2/tos/lib/serial/SerialDispatcherP.nc" nicename="tos.lib.serial.SerialDispatcherP" qname="SerialDispatcherP">
      <documentation loc="71:/opt/tinyos-2.1.2/tos/lib/serial/Serial.h">
        <short>
 </short>
        <long>
 @author Phil Buonadonna
 @author Lewis Girod
 @author Ben Greenstein
 @author Philip Levis
 @date   August 7 2005
</long>
      </documentation>
      <parameters>
      </parameters>
      <module/>
    <specification><interface loc="275:/opt/tinyos-2.1.2/tos/lib/serial/SerialDispatcherP.nc" name="receiveTask" provided="0" ref="0x7fcf8fa1fbc0">
      <component-ref nicename="tos.lib.serial.SerialDispatcherP" qname="SerialDispatcherP"/>
      <type-interface alignment="I:2" size="I:2"><interface-ref name="receiveTask" ref="0x7fcf8fa1fbc0" scoped=""/></type-interface>
      <instance>
        <interfacedef-ref nicename="tos.interfaces.TaskBasic" qname="TaskBasic"/>
      </instance>
      <interface-functions>
        <function-ref name="postTask" ref="0x7fcf8fa1e020" scoped=""/>
        <function-ref name="runTask" ref="0x7fcf8fa1e1b0" scoped=""/>
      </interface-functions>
    </interface><interface loc="51:/opt/tinyos-2.1.2/tos/lib/serial/SerialDispatcherP.nc" name="Send" provided="1" ref="0x7fcf8fa64b70">
      <component-ref nicename="tos.lib.serial.SerialDispatcherP" qname="SerialDispatcherP"/>
      <type-interface alignment="I:2" size="I:2"><interface-ref name="Send" ref="0x7fcf8fa64b70" scoped=""/></type-interface>
      <instance>
        <interfacedef-ref nicename="tos.interfaces.Send" qname="Send"/>
      </instance>
      <interface-parameters>
        <type-int alignment="I:1" cname="unsigned char" size="I:1" unsigned="">
          <typename><typedef-ref name="uart_id_t" ref="0x7fcf9012c0d0"/></typename>
        </type-int>
      </interface-parameters>
      <interface-functions>
        <function-ref name="send" ref="0x7fcf8fa63020" scoped=""/>
        <function-ref name="getPayload" ref="0x7fcf8fa631b0" scoped=""/>
        <function-ref name="maxPayloadLength" ref="0x7fcf8fa63340" scoped=""/>
        <function-ref name="cancel" ref="0x7fcf8fa634d0" scoped=""/>
        <function-ref name="sendDone" ref="0x7fcf8fa63660" scoped=""/>
      </interface-functions>
    </interface><interface loc="158:/opt/tinyos-2.1.2/tos/lib/serial/SerialDispatcherP.nc" name="signalSendDone" provided="0" ref="0x7fcf8fa41c80">
      <component-ref nicename="tos.lib.serial.SerialDispatcherP" qname="SerialDispatcherP"/>
      <type-interface alignment="I:2" size="I:2"><interface-ref name="signalSendDone" ref="0x7fcf8fa41c80" scoped=""/></type-interface>
      <instance>
        <interfacedef-ref nicename="tos.interfaces.TaskBasic" qname="TaskBasic"/>
      </instance>
      <interface-functions>
        <function-ref name="postTask" ref="0x7fcf8fa400a0" scoped=""/>
        <function-ref name="runTask" ref="0x7fcf8fa40230" scoped=""/>
      </interface-functions>
    </interface><interface loc="50:/opt/tinyos-2.1.2/tos/lib/serial/SerialDispatcherP.nc" name="Receive" provided="1" ref="0x7fcf8fa64020">
      <component-ref nicename="tos.lib.serial.SerialDispatcherP" qname="SerialDispatcherP"/>
      <type-interface alignment="I:2" size="I:2"><interface-ref name="Receive" ref="0x7fcf8fa64020" scoped=""/></type-interface>
      <instance>
        <interfacedef-ref nicename="tos.interfaces.Receive" qname="Receive"/>
      </instance>
      <interface-parameters>
        <type-int alignment="I:1" cname="unsigned char" size="I:1" unsigned="">
          <typename><typedef-ref name="uart_id_t" ref="0x7fcf9012c0d0"/></typename>
        </type-int>
      </interface-parameters>
      <interface-functions>
        <function-ref name="receive" ref="0x7fcf8fa643a0" scoped=""/>
      </interface-functions>
    </interface><interface loc="54:/opt/tinyos-2.1.2/tos/lib/serial/SerialDispatcherP.nc" name="PacketInfo" provided="0" ref="0x7fcf8fa61020">
      <component-ref nicename="tos.lib.serial.SerialDispatcherP" qname="SerialDispatcherP"/>
      <type-interface alignment="I:2" size="I:2"><interface-ref name="PacketInfo" ref="0x7fcf8fa61020" scoped=""/></type-interface>
      <instance>
        <interfacedef-ref nicename="tos.lib.serial.SerialPacketInfo" qname="SerialPacketInfo"/>
      </instance>
      <interface-parameters>
        <type-int alignment="I:1" cname="unsigned char" size="I:1" unsigned="">
          <typename><typedef-ref name="uart_id_t" ref="0x7fcf9012c0d0"/></typename>
        </type-int>
      </interface-parameters>
      <interface-functions>
        <function-ref name="upperLength" ref="0x7fcf8fa613a0" scoped=""/>
        <function-ref name="offset" ref="0x7fcf8fa61530" scoped=""/>
        <function-ref name="dataLinkLength" ref="0x7fcf8fa616c0" scoped=""/>
      </interface-functions>
    </interface><interface loc="57:/opt/tinyos-2.1.2/tos/lib/serial/SerialDispatcherP.nc" name="Leds" provided="0" ref="0x7fcf8fa5f020">
      <component-ref nicename="tos.lib.serial.SerialDispatcherP" qname="SerialDispatcherP"/>
      <type-interface alignment="I:2" size="I:2"><interface-ref name="Leds" ref="0x7fcf8fa5f020" scoped=""/></type-interface>
      <instance>
        <interfacedef-ref nicename="tos.interfaces.Leds" qname="Leds"/>
      </instance>
      <interface-functions>
        <function-ref name="led0Off" ref="0x7fcf8fa5f3a0" scoped=""/>
        <function-ref name="led0Toggle" ref="0x7fcf8fa5f530" scoped=""/>
        <function-ref name="led1On" ref="0x7fcf8fa5f6c0" scoped=""/>
        <function-ref name="led1Toggle" ref="0x7fcf8fa5f850" scoped=""/>
        <function-ref name="led2Toggle" ref="0x7fcf8fa5f9e0" scoped=""/>
        <function-ref name="get" ref="0x7fcf8fa5fb70" scoped=""/>
        <function-ref name="led1Off" ref="0x7fcf8fa5fd00" scoped=""/>
        <function-ref name="led2Off" ref="0x7fcf8fa5e4d0" scoped=""/>
        <function-ref name="set" ref="0x7fcf8fa5e020" scoped=""/>
        <function-ref name="led0On" ref="0x7fcf8fa5e1b0" scoped=""/>
        <function-ref name="led2On" ref="0x7fcf8fa5e340" scoped=""/>
      </interface-functions>
    </interface><interface loc="56:/opt/tinyos-2.1.2/tos/lib/serial/SerialDispatcherP.nc" name="SendBytePacket" provided="0" ref="0x7fcf8fa60490">
      <component-ref nicename="tos.lib.serial.SerialDispatcherP" qname="SerialDispatcherP"/>
      <type-interface alignment="I:2" size="I:2"><interface-ref name="SendBytePacket" ref="0x7fcf8fa60490" scoped=""/></type-interface>
      <instance>
        <interfacedef-ref nicename="tos.lib.serial.SendBytePacket" qname="SendBytePacket"/>
      </instance>
      <interface-functions>
        <function-ref name="completeSend" ref="0x7fcf8fa60810" scoped=""/>
        <function-ref name="nextByte" ref="0x7fcf8fa609a0" scoped=""/>
        <function-ref name="startSend" ref="0x7fcf8fa60b30" scoped=""/>
        <function-ref name="sendCompleted" ref="0x7fcf8fa60cc0" scoped=""/>
      </interface-functions>
    </interface><interface loc="55:/opt/tinyos-2.1.2/tos/lib/serial/SerialDispatcherP.nc" name="ReceiveBytePacket" provided="0" ref="0x7fcf8fa619c0">
      <component-ref nicename="tos.lib.serial.SerialDispatcherP" qname="SerialDispatcherP"/>
      <type-interface alignment="I:2" size="I:2"><interface-ref name="ReceiveBytePacket" ref="0x7fcf8fa619c0" scoped=""/></type-interface>
      <instance>
        <interfacedef-ref nicename="tos.lib.serial.ReceiveBytePacket" qname="ReceiveBytePacket"/>
      </instance>
      <interface-functions>
        <function-ref name="startPacket" ref="0x7fcf8fa61d40" scoped=""/>
        <function-ref name="byteReceived" ref="0x7fcf8fa60020" scoped=""/>
        <function-ref name="endPacket" ref="0x7fcf8fa601b0" scoped=""/>
      </interface-functions>
    </interface></specification><referenced/></component>