<?xml version="1.0" ?><component abstract="" loc="46:/opt/tinyos-2.1.2/tos/lib/timer/VirtualizeTimerC.nc" nicename="tos.lib.timer.VirtualizeTimerC" qname="VirtualizeTimerC" safe="">
      <documentation loc="34:/opt/tinyos-2.1.2/tos/lib/timer/VirtualizeTimerC.nc">
        <short>
 VirtualizeTimerC uses a single Timer to create up to 255 virtual timers.</short>
        <long>
 VirtualizeTimerC uses a single Timer to create up to 255 virtual timers.

 &lt;p&gt;See TEP102 for more details.

 @param precision_tag A type indicating the precision of the Timer being 
   virtualized.
 @param max_timers Number of virtual timers to create.

 @author Cory Sharp &lt;cssharp@eecs.berkeley.edu&gt;
</long>
      </documentation>
      <parameters>
        <typedef loc="46:/opt/tinyos-2.1.2/tos/lib/timer/VirtualizeTimerC.nc" name="precision_tag" ref="0x7fcf8fcbd230">
          <component-ref nicename="tos.lib.timer.VirtualizeTimerC" qname="VirtualizeTimerC"/>
          <type-var alignment="U:" size="U:"><typedef-ref name="precision_tag" ref="0x7fcf8fcbd230" scoped=""/></type-var>
        </typedef>
        <constant loc="46:/opt/tinyos-2.1.2/tos/lib/timer/VirtualizeTimerC.nc" name="max_timers" ref="0x7fcf8fcbd560">
          <component-ref nicename="tos.lib.timer.VirtualizeTimerC" qname="VirtualizeTimerC"/>
          <type-int alignment="I:2" cname="int" size="I:2"/>
        </constant>
      </parameters>
      <module/>
    <specification><interface loc="71:/opt/tinyos-2.1.2/tos/lib/timer/VirtualizeTimerC.nc" name="updateFromTimer" provided="0" ref="0x7fcf8fcad020">
      <component-ref nicename="tos.lib.timer.VirtualizeTimerC" qname="VirtualizeTimerC"/>
      <type-interface alignment="I:2" size="I:2"><interface-ref name="updateFromTimer" ref="0x7fcf8fcad020" scoped=""/></type-interface>
      <instance>
        <interfacedef-ref nicename="tos.interfaces.TaskBasic" qname="TaskBasic"/>
      </instance>
      <interface-functions>
        <function-ref name="postTask" ref="0x7fcf8fcad3a0" scoped=""/>
        <function-ref name="runTask" ref="0x7fcf8fcad530" scoped=""/>
      </interface-functions>
    </interface><interface loc="49:/opt/tinyos-2.1.2/tos/lib/timer/VirtualizeTimerC.nc" name="TimerFrom" provided="0" ref="0x7fcf8fcb7b60">
      <component-ref nicename="tos.lib.timer.VirtualizeTimerC" qname="VirtualizeTimerC"/>
      <type-interface alignment="I:2" size="I:2"><interface-ref name="TimerFrom" ref="0x7fcf8fcb7b60" scoped=""/></type-interface>
      <instance>
        <interfacedef-ref nicename="tos.lib.timer.Timer" qname="Timer"/>
        <arguments>
          <type-var alignment="U:" size="U:"><typedef-ref name="precision_tag" ref="0x7fcf8fcbd230" scoped=""/></type-var>
        </arguments>
      </instance>
      <interface-functions>
        <function-ref name="getNow" ref="0x7fcf8fcb2110" scoped=""/>
        <function-ref name="fired" ref="0x7fcf8fcb45f0" scoped=""/>
        <function-ref name="startPeriodicAt" ref="0x7fcf8fcb34a0" scoped=""/>
        <function-ref name="isOneShot" ref="0x7fcf8fcb3020" scoped=""/>
        <function-ref name="getdt" ref="0x7fcf8fcb2a10" scoped=""/>
        <function-ref name="gett0" ref="0x7fcf8fcb2590" scoped=""/>
        <function-ref name="isRunning" ref="0x7fcf8fcb4a70" scoped=""/>
        <function-ref name="startPeriodic" ref="0x7fcf8fcb6790" scoped=""/>
        <function-ref name="startOneShotAt" ref="0x7fcf8fcb3ab0" scoped=""/>
        <function-ref name="startOneShot" ref="0x7fcf8fcb6c60" scoped=""/>
        <function-ref name="stop" ref="0x7fcf8fcb4170" scoped=""/>
      </interface-functions>
    </interface><interface loc="48:/opt/tinyos-2.1.2/tos/lib/timer/VirtualizeTimerC.nc" name="Timer" provided="1" ref="0x7fcf8fcbc5a0">
      <component-ref nicename="tos.lib.timer.VirtualizeTimerC" qname="VirtualizeTimerC"/>
      <type-interface alignment="I:2" size="I:2"><interface-ref name="Timer" ref="0x7fcf8fcbc5a0" scoped=""/></type-interface>
      <instance>
        <interfacedef-ref nicename="tos.lib.timer.Timer" qname="Timer"/>
        <arguments>
          <type-var alignment="U:" size="U:"><typedef-ref name="precision_tag" ref="0x7fcf8fcbd230" scoped=""/></type-var>
        </arguments>
      </instance>
      <interface-parameters>
        <type-int alignment="I:1" cname="unsigned char" size="I:1" unsigned="">
          <typename><typedef-ref name="uint8_t" ref="0x7fcf9126f160"/></typename>
        </type-int>
      </interface-parameters>
      <interface-functions>
        <function-ref name="getNow" ref="0x7fcf8fcb8a80" scoped=""/>
        <function-ref name="fired" ref="0x7fcf8fcba090" scoped=""/>
        <function-ref name="startPeriodicAt" ref="0x7fcf8fcbae10" scoped=""/>
        <function-ref name="isOneShot" ref="0x7fcf8fcba990" scoped=""/>
        <function-ref name="getdt" ref="0x7fcf8fcb74a0" scoped=""/>
        <function-ref name="gett0" ref="0x7fcf8fcb7020" scoped=""/>
        <function-ref name="isRunning" ref="0x7fcf8fcba510" scoped=""/>
        <function-ref name="startPeriodic" ref="0x7fcf8fcbb200" scoped=""/>
        <function-ref name="startOneShotAt" ref="0x7fcf8fcb8470" scoped=""/>
        <function-ref name="startOneShot" ref="0x7fcf8fcbb6d0" scoped=""/>
        <function-ref name="stop" ref="0x7fcf8fcbbba0" scoped=""/>
      </interface-functions>
    </interface></specification><referenced/></component>