<?xml version="1.0" ?><component abstract="" loc="51:/opt/tinyos-2.1.2/tos/lib/timer/TransformAlarmC.nc" nicename="tos.lib.timer.TransformAlarmC" qname="TransformAlarmC" safe="">
      <documentation loc="34:/opt/tinyos-2.1.2/tos/lib/timer/TransformAlarmC.nc">
        <short>
 TransformAlarmC decreases precision and/or widens an Alarm.</short>
        <long>
 TransformAlarmC decreases precision and/or widens an Alarm.  An already
 widened Counter component is used to help.

 &lt;p&gt;See TEP102 for more details.
 @param to_precision_tag A type indicating the precision of the transformed
   Alarm.
 @param to_size_type The type for the width of the transformed Alarm.
 @param from_precision_tag A type indicating the precision of the original
   Alarm.
 @param from_size_type The type for the width of the original Alarm.
 @param bit_shift_right Original time units will be 2 to the power 
   &lt;code&gt;bit_shift_right&lt;/code&gt; larger than transformed time units.

 @author Cory Sharp &lt;cssharp@eecs.berkeley.edu&gt;
</long>
      </documentation>
      <parameters>
        <typedef loc="52:/opt/tinyos-2.1.2/tos/lib/timer/TransformAlarmC.nc" name="to_precision_tag" ref="0x7fcf8fd326e0">
          <component-ref nicename="tos.lib.timer.TransformAlarmC" qname="TransformAlarmC"/>
          <type-var alignment="U:" size="U:"><typedef-ref name="to_precision_tag" ref="0x7fcf8fd326e0" scoped=""/></type-var>
        </typedef>
        <typedef loc="53:/opt/tinyos-2.1.2/tos/lib/timer/TransformAlarmC.nc" name="to_size_type" ref="0x7fcf8fd2f020">
          <component-ref nicename="tos.lib.timer.TransformAlarmC" qname="TransformAlarmC"/>
          <type-var alignment="U:" size="U:"><typedef-ref name="to_size_type" ref="0x7fcf8fd2f020" scoped=""/></type-var>
        </typedef>
        <typedef loc="54:/opt/tinyos-2.1.2/tos/lib/timer/TransformAlarmC.nc" name="from_precision_tag" ref="0x7fcf8fd2f410">
          <component-ref nicename="tos.lib.timer.TransformAlarmC" qname="TransformAlarmC"/>
          <type-var alignment="U:" size="U:"><typedef-ref name="from_precision_tag" ref="0x7fcf8fd2f410" scoped=""/></type-var>
        </typedef>
        <typedef loc="55:/opt/tinyos-2.1.2/tos/lib/timer/TransformAlarmC.nc" name="from_size_type" ref="0x7fcf8fd2fbf0">
          <component-ref nicename="tos.lib.timer.TransformAlarmC" qname="TransformAlarmC"/>
          <type-var alignment="U:" size="U:"><typedef-ref name="from_size_type" ref="0x7fcf8fd2fbf0" scoped=""/></type-var>
        </typedef>
        <constant loc="56:/opt/tinyos-2.1.2/tos/lib/timer/TransformAlarmC.nc" name="bit_shift_right" ref="0x7fcf8fd2e020">
          <component-ref nicename="tos.lib.timer.TransformAlarmC" qname="TransformAlarmC"/>
          <type-int alignment="I:1" cname="unsigned char" size="I:1" unsigned="">
            <typename><typedef-ref name="uint8_t" ref="0x7fcf9126f160"/></typename>
          </type-int>
        </constant>
      </parameters>
      <module/>
    <specification><interface loc="61:/opt/tinyos-2.1.2/tos/lib/timer/TransformAlarmC.nc" name="Alarm" provided="1" ref="0x7fcf8fd2ec50">
      <component-ref nicename="tos.lib.timer.TransformAlarmC" qname="TransformAlarmC"/>
      <type-interface alignment="I:2" size="I:2"><interface-ref name="Alarm" ref="0x7fcf8fd2ec50" scoped=""/></type-interface>
      <instance>
        <interfacedef-ref nicename="tos.lib.timer.Alarm" qname="Alarm"/>
        <arguments>
          <type-var alignment="U:" size="U:"><typedef-ref name="to_precision_tag" ref="0x7fcf8fd326e0" scoped=""/></type-var>
          <type-var alignment="U:" size="U:"><typedef-ref name="to_size_type" ref="0x7fcf8fd2f020" scoped=""/></type-var>
        </arguments>
      </instance>
      <interface-functions>
        <function-ref name="getNow" ref="0x7fcf8fd2a4e0" scoped=""/>
        <function-ref name="fired" ref="0x7fcf8fd2b4e0" scoped=""/>
        <function-ref name="startAt" ref="0x7fcf8fd2be60" scoped=""/>
        <function-ref name="isRunning" ref="0x7fcf8fd2b9a0" scoped=""/>
        <function-ref name="getAlarm" ref="0x7fcf8fd2a9a0" scoped=""/>
        <function-ref name="start" ref="0x7fcf8fd2da80" scoped=""/>
        <function-ref name="stop" ref="0x7fcf8fd2b020" scoped=""/>
      </interface-functions>
    </interface><interface loc="73:/opt/tinyos-2.1.2/tos/lib/timer/TransformAlarmC.nc" name="AlarmFrom" provided="0" ref="0x7fcf8fd268e0">
      <component-ref nicename="tos.lib.timer.TransformAlarmC" qname="TransformAlarmC"/>
      <type-interface alignment="I:2" size="I:2"><interface-ref name="AlarmFrom" ref="0x7fcf8fd268e0" scoped=""/></type-interface>
      <instance>
        <interfacedef-ref nicename="tos.lib.timer.Alarm" qname="Alarm"/>
        <arguments>
          <type-var alignment="U:" size="U:"><typedef-ref name="from_precision_tag" ref="0x7fcf8fd2f410" scoped=""/></type-var>
          <type-var alignment="U:" size="U:"><typedef-ref name="from_size_type" ref="0x7fcf8fd2fbf0" scoped=""/></type-var>
        </arguments>
      </instance>
      <interface-functions>
        <function-ref name="getNow" ref="0x7fcf8fd221b0" scoped=""/>
        <function-ref name="fired" ref="0x7fcf8fd241b0" scoped=""/>
        <function-ref name="startAt" ref="0x7fcf8fd24b30" scoped=""/>
        <function-ref name="isRunning" ref="0x7fcf8fd24670" scoped=""/>
        <function-ref name="getAlarm" ref="0x7fcf8fd22670" scoped=""/>
        <function-ref name="start" ref="0x7fcf8fd25780" scoped=""/>
        <function-ref name="stop" ref="0x7fcf8fd25c90" scoped=""/>
      </interface-functions>
    </interface><interface loc="68:/opt/tinyos-2.1.2/tos/lib/timer/TransformAlarmC.nc" name="Counter" provided="0" ref="0x7fcf8fd29220">
      <component-ref nicename="tos.lib.timer.TransformAlarmC" qname="TransformAlarmC"/>
      <type-interface alignment="I:2" size="I:2"><interface-ref name="Counter" ref="0x7fcf8fd29220" scoped=""/></type-interface>
      <instance>
        <interfacedef-ref nicename="tos.lib.timer.Counter" qname="Counter"/>
        <arguments>
          <type-var alignment="U:" size="U:"><typedef-ref name="to_precision_tag" ref="0x7fcf8fd326e0" scoped=""/></type-var>
          <type-var alignment="U:" size="U:"><typedef-ref name="to_size_type" ref="0x7fcf8fd2f020" scoped=""/></type-var>
        </arguments>
      </instance>
      <interface-functions>
        <function-ref name="get" ref="0x7fcf8fd28090" scoped=""/>
        <function-ref name="clearOverflow" ref="0x7fcf8fd28a10" scoped=""/>
        <function-ref name="isOverflowPending" ref="0x7fcf8fd28550" scoped=""/>
        <function-ref name="overflow" ref="0x7fcf8fd26020" scoped=""/>
      </interface-functions>
    </interface></specification><referenced/></component>