<?xml version="1.0" ?><component loc="41:/opt/tinyos-2.1.2/tos/chips/msp430/timer/Counter32khz16C.nc" nicename="tos.chips.msp430.timer.Counter32khz16C" qname="Counter32khz16C">
      <documentation loc="33:/opt/tinyos-2.1.2/tos/chips/msp430/timer/Counter32khz16C.nc">
        <short>
 Counter32khz16C provides at 16-bit counter at 32768 ticks per second.</short>
        <long>
 Counter32khz16C provides at 16-bit counter at 32768 ticks per second.

 @author Cory Sharp &lt;cssharp@eecs.berkeley.edu&gt;
 @see  Please refer to TEP 102 for more information about this component and its
          intended use.
</long>
      </documentation>
      <configuration/>
      <wiring>
        <wire loc="49:/opt/tinyos-2.1.2/tos/chips/msp430/timer/Counter32khz16C.nc">
          <from><interface-ref name="Counter" ref="0x7fcf8f830110" scoped=""/></from>
          <to><interface-ref name="Msp430Counter32khz" ref="0x7fcf8fd708e0" scoped=""/></to>
        </wire>
      </wiring>
    <specification><interface loc="43:/opt/tinyos-2.1.2/tos/chips/msp430/timer/Counter32khz16C.nc" name="Counter" provided="1" ref="0x7fcf8f830110">
      <component-ref nicename="tos.chips.msp430.timer.Counter32khz16C" qname="Counter32khz16C"/>
      <type-interface alignment="I:2" size="I:2"><interface-ref name="Counter" ref="0x7fcf8f830110" scoped=""/></type-interface>
      <instance>
        <interfacedef-ref nicename="tos.lib.timer.Counter" qname="Counter"/>
        <arguments>
          <type-tag alignment="I:2" size="I:2"><struct-ref ref="0x7fcf9017a6a0"/>
            <typename><typedef-ref name="T32khz" ref="0x7fcf9017aa10"/></typename>
          </type-tag>
          <type-int alignment="I:2" cname="unsigned int" size="I:2" unsigned="">
            <typename><typedef-ref name="uint16_t" ref="0x7fcf9126f520"/></typename>
          </type-int>
        </arguments>
      </instance>
      <interface-functions>
        <function-ref name="get" ref="0x7fcf8f82f020" scoped=""/>
        <function-ref name="clearOverflow" ref="0x7fcf8f82f9a0" scoped=""/>
        <function-ref name="isOverflowPending" ref="0x7fcf8f82f4e0" scoped=""/>
        <function-ref name="overflow" ref="0x7fcf8f82fe60" scoped=""/>
      </interface-functions>
    </interface></specification><referenced><interface loc="43:/opt/tinyos-2.1.2/tos/chips/msp430/timer/Msp430Counter32khzC.nc" name="Msp430Counter32khz" provided="1" ref="0x7fcf8fd708e0">
      <component-ref nicename="tos.chips.msp430.timer.Msp430Counter32khzC" qname="Msp430Counter32khzC"/>
      <type-interface alignment="I:2" size="I:2"><interface-ref name="Msp430Counter32khz" ref="0x7fcf8fd708e0" scoped=""/></type-interface>
      <instance>
        <interfacedef-ref nicename="tos.lib.timer.Counter" qname="Counter"/>
        <arguments>
          <type-tag alignment="I:2" size="I:2"><struct-ref ref="0x7fcf9017a6a0"/>
            <typename><typedef-ref name="T32khz" ref="0x7fcf9017aa10"/></typename>
          </type-tag>
          <type-int alignment="I:2" cname="unsigned int" size="I:2" unsigned="">
            <typename><typedef-ref name="uint16_t" ref="0x7fcf9126f520"/></typename>
          </type-int>
        </arguments>
      </instance>
      <interface-functions>
        <function-ref name="get" ref="0x7fcf8fd6d780" scoped=""/>
        <function-ref name="clearOverflow" ref="0x7fcf8fd6c150" scoped=""/>
        <function-ref name="isOverflowPending" ref="0x7fcf8fd6dc40" scoped=""/>
        <function-ref name="overflow" ref="0x7fcf8fd6c610" scoped=""/>
      </interface-functions>
    </interface><component loc="41:/opt/tinyos-2.1.2/tos/chips/msp430/timer/Msp430Counter32khzC.nc" nicename="tos.chips.msp430.timer.Msp430Counter32khzC" qname="Msp430Counter32khzC">
      <documentation loc="33:/opt/tinyos-2.1.2/tos/chips/msp430/timer/Msp430Counter32khzC.nc">
        <short>
 Msp430Counter32khC provides the standard 32khz counter for the MSP430.</short>
        <long>
 Msp430Counter32khC provides the standard 32khz counter for the MSP430.

 @author Cory Sharp &lt;cssharp@eecs.berkeley.edu&gt;
 @see  Please refer to TEP 102 for more information about this component and its
          intended use.
</long>
      </documentation>
      <configuration/>
      <wiring>
        <wire loc="50:/opt/tinyos-2.1.2/tos/chips/msp430/timer/Msp430Counter32khzC.nc">
          <from><interface-ref name="Msp430Counter32khz" ref="0x7fcf8fd708e0" scoped=""/></from>
          <to><interface-ref name="Counter" ref="0x7fcf8fd69b80" scoped=""/></to>
        </wire>
        <wire loc="51:/opt/tinyos-2.1.2/tos/chips/msp430/timer/Msp430Counter32khzC.nc">
          <from><interface-ref name="Msp430Timer" ref="0x7fcf8fd5ac50" scoped=""/></from>
          <to><interface-ref name="TimerB" ref="0x7fcf902bfb70" scoped=""/></to>
        </wire>
      </wiring>
    </component></referenced></component>