<?xml version="1.0" ?><component abstract="" loc="46:/opt/tinyos-2.1.2/tos/lib/timer/AlarmToTimerC.nc" nicename="tos.lib.timer.AlarmToTimerC" qname="AlarmToTimerC" safe="">
      <documentation loc="36:/opt/tinyos-2.1.2/tos/lib/timer/AlarmToTimerC.nc">
        <short>
 AlarmToTimerC converts a 32-bit Alarm to a Timer.</short>
        <long>
 AlarmToTimerC converts a 32-bit Alarm to a Timer.  

 &lt;p&gt;See TEP102 for more details.
 @param precision_tag A type indicating the precision of the Alarm and
 Timer being converted.

 @author Cory Sharp &lt;cssharp@eecs.berkeley.edu&gt;
</long>
      </documentation>
      <parameters>
        <typedef loc="46:/opt/tinyos-2.1.2/tos/lib/timer/AlarmToTimerC.nc" name="precision_tag" ref="0x7fcf8fcf3cd0">
          <component-ref nicename="tos.lib.timer.AlarmToTimerC" qname="AlarmToTimerC"/>
          <type-var alignment="U:" size="U:"><typedef-ref name="precision_tag" ref="0x7fcf8fcf3cd0" scoped=""/></type-var>
        </typedef>
      </parameters>
      <module/>
    <specification><interface loc="74:/opt/tinyos-2.1.2/tos/lib/timer/AlarmToTimerC.nc" name="fired" provided="0" ref="0x7fcf8fcdd700">
      <component-ref nicename="tos.lib.timer.AlarmToTimerC" qname="AlarmToTimerC"/>
      <type-interface alignment="I:2" size="I:2"><interface-ref name="fired" ref="0x7fcf8fcdd700" scoped=""/></type-interface>
      <instance>
        <interfacedef-ref nicename="tos.interfaces.TaskBasic" qname="TaskBasic"/>
      </instance>
      <interface-functions>
        <function-ref name="postTask" ref="0x7fcf8fcdda80" scoped=""/>
        <function-ref name="runTask" ref="0x7fcf8fcddc10" scoped=""/>
      </interface-functions>
    </interface><interface loc="49:/opt/tinyos-2.1.2/tos/lib/timer/AlarmToTimerC.nc" name="Alarm" provided="0" ref="0x7fcf8fcebd30">
      <component-ref nicename="tos.lib.timer.AlarmToTimerC" qname="AlarmToTimerC"/>
      <type-interface alignment="I:2" size="I:2"><interface-ref name="Alarm" ref="0x7fcf8fcebd30" scoped=""/></type-interface>
      <instance>
        <interfacedef-ref nicename="tos.lib.timer.Alarm" qname="Alarm"/>
        <arguments>
          <type-var alignment="U:" size="U:"><typedef-ref name="precision_tag" ref="0x7fcf8fcf3cd0" scoped=""/></type-var>
          <type-int alignment="I:2" cname="unsigned long" size="I:4" unsigned="">
            <typename><typedef-ref name="uint32_t" ref="0x7fcf9126f920"/></typename>
          </type-int>
        </arguments>
      </instance>
      <interface-functions>
        <function-ref name="getNow" ref="0x7fcf8fce7670" scoped=""/>
        <function-ref name="fired" ref="0x7fcf8fce9550" scoped=""/>
        <function-ref name="startAt" ref="0x7fcf8fce7020" scoped=""/>
        <function-ref name="isRunning" ref="0x7fcf8fce9a10" scoped=""/>
        <function-ref name="getAlarm" ref="0x7fcf8fce7b30" scoped=""/>
        <function-ref name="start" ref="0x7fcf8fceab60" scoped=""/>
        <function-ref name="stop" ref="0x7fcf8fce9090" scoped=""/>
      </interface-functions>
    </interface><interface loc="48:/opt/tinyos-2.1.2/tos/lib/timer/AlarmToTimerC.nc" name="Timer" provided="1" ref="0x7fcf8fcf0770">
      <component-ref nicename="tos.lib.timer.AlarmToTimerC" qname="AlarmToTimerC"/>
      <type-interface alignment="I:2" size="I:2"><interface-ref name="Timer" ref="0x7fcf8fcf0770" scoped=""/></type-interface>
      <instance>
        <interfacedef-ref nicename="tos.lib.timer.Timer" qname="Timer"/>
        <arguments>
          <type-var alignment="U:" size="U:"><typedef-ref name="precision_tag" ref="0x7fcf8fcf3cd0" scoped=""/></type-var>
        </arguments>
      </instance>
      <interface-functions>
        <function-ref name="getNow" ref="0x7fcf8fcecc40" scoped=""/>
        <function-ref name="fired" ref="0x7fcf8fcee1e0" scoped=""/>
        <function-ref name="startPeriodicAt" ref="0x7fcf8fcec020" scoped=""/>
        <function-ref name="isOneShot" ref="0x7fcf8fceeae0" scoped=""/>
        <function-ref name="getdt" ref="0x7fcf8fceb590" scoped=""/>
        <function-ref name="gett0" ref="0x7fcf8fceb110" scoped=""/>
        <function-ref name="isRunning" ref="0x7fcf8fcee660" scoped=""/>
        <function-ref name="startPeriodic" ref="0x7fcf8fcef390" scoped=""/>
        <function-ref name="startOneShotAt" ref="0x7fcf8fcec630" scoped=""/>
        <function-ref name="startOneShot" ref="0x7fcf8fcef860" scoped=""/>
        <function-ref name="stop" ref="0x7fcf8fcefd30" scoped=""/>
      </interface-functions>
    </interface></specification><referenced/></component>