<?xml version="1.0" ?><component loc="40:/opt/tinyos-2.1.2/tos/platforms/telosa/PlatformC.nc" nicename="tos.platforms.telosa.PlatformC" qname="PlatformC">
      <documentation loc="34:/opt/tinyos-2.1.2/tos/platforms/telosa/PlatformC.nc">
        <short>
 </short>
        <long>
 @author Joe Polastre and Cory Sharp
 @version $Revision: 1.6 $ $Date: 2010-06-29 22:07:55 $
</long>
      </documentation>
      <configuration/>
      <wiring>
        <wire loc="48:/opt/tinyos-2.1.2/tos/platforms/telosa/PlatformC.nc">
          <from><interface-ref name="Init" ref="0x7fcf90353da0" scoped=""/></from>
          <to><interface-ref name="Init" ref="0x7fcf9034b020" scoped=""/></to>
        </wire>
        <wire loc="49:/opt/tinyos-2.1.2/tos/platforms/telosa/PlatformC.nc">
          <from><interface-ref name="MoteClockInit" ref="0x7fcf9034b730" scoped=""/></from>
          <to><interface-ref name="MoteClockInit" ref="0x7fcf9034c3a0" scoped=""/></to>
        </wire>
        <wire loc="50:/opt/tinyos-2.1.2/tos/platforms/telosa/PlatformC.nc">
          <from><interface-ref name="MoteInit" ref="0x7fcf9034be10" scoped=""/></from>
          <to><interface-ref name="Init" ref="0x7fcf903441a0" scoped=""/></to>
        </wire>
      </wiring>
    <specification><interface loc="42:/opt/tinyos-2.1.2/tos/platforms/telosa/PlatformC.nc" name="Init" provided="1" ref="0x7fcf90353da0">
      <component-ref nicename="tos.platforms.telosa.PlatformC" qname="PlatformC"/>
      <type-interface alignment="I:2" size="I:2"><interface-ref name="Init" ref="0x7fcf90353da0" scoped=""/></type-interface>
      <instance>
        <interfacedef-ref nicename="tos.interfaces.Init" qname="Init"/>
      </instance>
      <interface-functions>
        <function-ref name="init" ref="0x7fcf9034e180" scoped=""/>
      </interface-functions>
    </interface></specification><referenced><interface loc="5:/opt/tinyos-2.1.2/tos/platforms/telosa/PlatformP.nc" name="MoteClockInit" provided="0" ref="0x7fcf9034b730">
      <component-ref nicename="tos.platforms.telosa.PlatformP" qname="PlatformP"/>
      <type-interface alignment="I:2" size="I:2"><interface-ref name="MoteClockInit" ref="0x7fcf9034b730" scoped=""/></type-interface>
      <instance>
        <interfacedef-ref nicename="tos.interfaces.Init" qname="Init"/>
      </instance>
      <interface-functions>
        <function-ref name="init" ref="0x7fcf9034bab0" scoped=""/>
      </interface-functions>
    </interface><interface loc="6:/opt/tinyos-2.1.2/tos/platforms/telosa/PlatformP.nc" name="MoteInit" provided="0" ref="0x7fcf9034be10">
      <component-ref nicename="tos.platforms.telosa.PlatformP" qname="PlatformP"/>
      <type-interface alignment="I:2" size="I:2"><interface-ref name="MoteInit" ref="0x7fcf9034be10" scoped=""/></type-interface>
      <instance>
        <interfacedef-ref nicename="tos.interfaces.Init" qname="Init"/>
      </instance>
      <interface-functions>
        <function-ref name="init" ref="0x7fcf9034a1c0" scoped=""/>
      </interface-functions>
    </interface><interface loc="2:/opt/tinyos-2.1.2/tos/platforms/telosb/MotePlatformC.nc" name="Init" provided="1" ref="0x7fcf903441a0">
      <component-ref nicename="tos.platforms.telosb.MotePlatformC" qname="MotePlatformC"/>
      <type-interface alignment="I:2" size="I:2"><interface-ref name="Init" ref="0x7fcf903441a0" scoped=""/></type-interface>
      <instance>
        <interfacedef-ref nicename="tos.interfaces.Init" qname="Init"/>
      </instance>
      <interface-functions>
        <function-ref name="init" ref="0x7fcf90344520" scoped=""/>
      </interface-functions>
    </interface><interface loc="4:/opt/tinyos-2.1.2/tos/platforms/telosa/PlatformP.nc" name="Init" provided="1" ref="0x7fcf9034b020">
      <component-ref nicename="tos.platforms.telosa.PlatformP" qname="PlatformP"/>
      <type-interface alignment="I:2" size="I:2"><interface-ref name="Init" ref="0x7fcf9034b020" scoped=""/></type-interface>
      <instance>
        <interfacedef-ref nicename="tos.interfaces.Init" qname="Init"/>
      </instance>
      <interface-functions>
        <function-ref name="init" ref="0x7fcf9034b3a0" scoped=""/>
      </interface-functions>
    </interface><interface loc="39:/opt/tinyos-2.1.2/tos/platforms/telosb/MoteClockC.nc" name="MoteClockInit" provided="1" ref="0x7fcf9034c3a0">
      <component-ref nicename="tos.platforms.telosb.MoteClockC" qname="MoteClockC"/>
      <type-interface alignment="I:2" size="I:2"><interface-ref name="MoteClockInit" ref="0x7fcf9034c3a0" scoped=""/></type-interface>
      <instance>
        <interfacedef-ref nicename="tos.interfaces.Init" qname="Init"/>
      </instance>
      <interface-functions>
        <function-ref name="init" ref="0x7fcf9034c720" scoped=""/>
      </interface-functions>
    </interface><component loc="3:/opt/tinyos-2.1.2/tos/platforms/telosa/PlatformP.nc" nicename="tos.platforms.telosa.PlatformP" qname="PlatformP" safe="">
      <module/>
    </component><component loc="1:/opt/tinyos-2.1.2/tos/platforms/telosb/MotePlatformC.nc" nicename="tos.platforms.telosb.MotePlatformC" qname="MotePlatformC" safe="">
      <module/>
    </component><component loc="37:/opt/tinyos-2.1.2/tos/platforms/telosb/MoteClockC.nc" nicename="tos.platforms.telosb.MoteClockC" qname="MoteClockC">
      <documentation loc="33:/opt/tinyos-2.1.2/tos/platforms/telosb/MoteClockC.nc">
        <short>
 </short>
        <long>
 @author Vlado Handziski &lt;handzisk@tkn.tu-berlind.de&gt;
</long>
      </documentation>
      <configuration/>
      <wiring>
        <wire loc="46:/opt/tinyos-2.1.2/tos/platforms/telosb/MoteClockC.nc">
          <from><interface-ref name="MoteClockInit" ref="0x7fcf9034c3a0" scoped=""/></from>
          <to><interface-ref name="Init" ref="0x7fcf9032a2a0" scoped=""/></to>
        </wire>
      </wiring>
    </component></referenced></component>