<?xml version="1.0" ?><component abstract="" loc="42:/opt/tinyos-2.1.2/tos/chips/msp430/pins/Msp430GpioC.nc" nicename="tos.chips.msp430.pins.Msp430GpioC" qname="Msp430GpioC" safe="">
      <documentation loc="33:/opt/tinyos-2.1.2/tos/chips/msp430/pins/Msp430GpioC.nc">
        <short>
 Implementation of the general-purpose I/O abstraction
 for the TI MSP430 microcontroller.</short>
        <long>
 Implementation of the general-purpose I/O abstraction
 for the TI MSP430 microcontroller.

 @author Joe Polastre
 @see  Please refer to TEP 117 for more information about this component and its
          intended use.
</long>
      </documentation>
      <parameters>
      </parameters>
      <module/>
    <specification><interface loc="44:/opt/tinyos-2.1.2/tos/chips/msp430/pins/Msp430GpioC.nc" name="HplGeneralIO" provided="0" ref="0x7fcf8fe2d140">
      <component-ref nicename="tos.chips.msp430.pins.Msp430GpioC" qname="Msp430GpioC"/>
      <type-interface alignment="I:2" size="I:2"><interface-ref name="HplGeneralIO" ref="0x7fcf8fe2d140" scoped=""/></type-interface>
      <instance>
        <interfacedef-ref nicename="tos.chips.msp430.pins.HplMsp430GeneralIO" qname="HplMsp430GeneralIO"/>
      </instance>
      <interface-functions>
        <function-ref name="makeInput" ref="0x7fcf8fe2d4c0" scoped=""/>
        <function-ref name="isInput" ref="0x7fcf8fe2d650" scoped=""/>
        <function-ref name="setResistor" ref="0x7fcf8fe2d7e0" scoped=""/>
        <function-ref name="toggle" ref="0x7fcf8fe2d970" scoped=""/>
        <function-ref name="isOutput" ref="0x7fcf8fe2db00" scoped=""/>
        <function-ref name="getResistor" ref="0x7fcf8fe2dc90" scoped=""/>
        <function-ref name="makeOutput" ref="0x7fcf8fe2de20" scoped=""/>
        <function-ref name="get" ref="0x7fcf8fe2c020" scoped=""/>
        <function-ref name="selectIOFunc" ref="0x7fcf8fe2c1b0" scoped=""/>
        <function-ref name="getRaw" ref="0x7fcf8fe2c340" scoped=""/>
        <function-ref name="set" ref="0x7fcf8fe2c4d0" scoped=""/>
        <function-ref name="selectModuleFunc" ref="0x7fcf8fe2c660" scoped=""/>
        <function-ref name="isIOFunc" ref="0x7fcf8fe2c7f0" scoped=""/>
        <function-ref name="isModuleFunc" ref="0x7fcf8fe2ca80" scoped=""/>
        <function-ref name="clr" ref="0x7fcf8fe2cc10" scoped=""/>
      </interface-functions>
    </interface><interface loc="43:/opt/tinyos-2.1.2/tos/chips/msp430/pins/Msp430GpioC.nc" name="GeneralIO" provided="1" ref="0x7fcf8fe31e20">
      <component-ref nicename="tos.chips.msp430.pins.Msp430GpioC" qname="Msp430GpioC"/>
      <type-interface alignment="I:2" size="I:2"><interface-ref name="GeneralIO" ref="0x7fcf8fe31e20" scoped=""/></type-interface>
      <instance>
        <interfacedef-ref nicename="tos.interfaces.GeneralIO" qname="GeneralIO"/>
      </instance>
      <interface-functions>
        <function-ref name="makeInput" ref="0x7fcf8fe2e1c0" scoped=""/>
        <function-ref name="isInput" ref="0x7fcf8fe2e350" scoped=""/>
        <function-ref name="toggle" ref="0x7fcf8fe2e4e0" scoped=""/>
        <function-ref name="isOutput" ref="0x7fcf8fe2e670" scoped=""/>
        <function-ref name="get" ref="0x7fcf8fe2e800" scoped=""/>
        <function-ref name="makeOutput" ref="0x7fcf8fe2e990" scoped=""/>
        <function-ref name="set" ref="0x7fcf8fe2eb20" scoped=""/>
        <function-ref name="clr" ref="0x7fcf8fe2ecb0" scoped=""/>
      </interface-functions>
    </interface></specification><referenced/></component>