<?xml version="1.0" ?><component loc="73:/opt/tinyos-2.1.2/tos/chips/msp430/usart/HplMsp430Usart1P.nc" nicename="tos.chips.msp430.usart.HplMsp430Usart1P" qname="HplMsp430Usart1P">
      <documentation loc="62:/opt/tinyos-2.1.2/tos/chips/msp430/usart/HplMsp430Usart1P.nc">
        <short>
 Implementation of USART1 lowlevel functionality - stateless.</short>
        <long>
 Implementation of USART1 lowlevel functionality - stateless.
 Setting a mode will by default disable USART-Interrupts.

 @author: Jan Hauer &lt;hauer@tkn.tu-berlin.de&gt;
 @author: Jonathan Hui &lt;jhui@archedrock.com&gt;
 @author: Vlado Handziski &lt;handzisk@tkn.tu-berlin.de&gt;
 @author: Joe Polastre
 @version $Revision: 1.7 $ $Date: 2010-06-04 22:30:21 $
</long>
      </documentation>
      <module/>
    <specification><interface loc="80:/opt/tinyos-2.1.2/tos/chips/msp430/usart/HplMsp430Usart1P.nc" name="UCLK" provided="0" ref="0x7fcf8f8b3cb0">
      <component-ref nicename="tos.chips.msp430.usart.HplMsp430Usart1P" qname="HplMsp430Usart1P"/>
      <type-interface alignment="I:2" size="I:2"><interface-ref name="UCLK" ref="0x7fcf8f8b3cb0" scoped=""/></type-interface>
      <instance>
        <interfacedef-ref nicename="tos.chips.msp430.pins.HplMsp430GeneralIO" qname="HplMsp430GeneralIO"/>
      </instance>
      <interface-functions>
        <function-ref name="makeInput" ref="0x7fcf8f8b20a0" scoped=""/>
        <function-ref name="isInput" ref="0x7fcf8f8b2230" scoped=""/>
        <function-ref name="setResistor" ref="0x7fcf8f8b23c0" scoped=""/>
        <function-ref name="toggle" ref="0x7fcf8f8b2550" scoped=""/>
        <function-ref name="isOutput" ref="0x7fcf8f8b26e0" scoped=""/>
        <function-ref name="getResistor" ref="0x7fcf8f8b2870" scoped=""/>
        <function-ref name="makeOutput" ref="0x7fcf8f8b2a00" scoped=""/>
        <function-ref name="get" ref="0x7fcf8f8b2b90" scoped=""/>
        <function-ref name="selectIOFunc" ref="0x7fcf8f8b2d20" scoped=""/>
        <function-ref name="getRaw" ref="0x7fcf8f8b1020" scoped=""/>
        <function-ref name="set" ref="0x7fcf8f8b11b0" scoped=""/>
        <function-ref name="selectModuleFunc" ref="0x7fcf8f8b1340" scoped=""/>
        <function-ref name="isIOFunc" ref="0x7fcf8f8b14d0" scoped=""/>
        <function-ref name="isModuleFunc" ref="0x7fcf8f8b1760" scoped=""/>
        <function-ref name="clr" ref="0x7fcf8f8b18f0" scoped=""/>
      </interface-functions>
    </interface><interface loc="76:/opt/tinyos-2.1.2/tos/chips/msp430/usart/HplMsp430Usart1P.nc" name="Interrupts" provided="1" ref="0x7fcf8f8b7460">
      <component-ref nicename="tos.chips.msp430.usart.HplMsp430Usart1P" qname="HplMsp430Usart1P"/>
      <type-interface alignment="I:2" size="I:2"><interface-ref name="Interrupts" ref="0x7fcf8f8b7460" scoped=""/></type-interface>
      <instance>
        <interfacedef-ref nicename="tos.chips.msp430.usart.HplMsp430UsartInterrupts" qname="HplMsp430UsartInterrupts"/>
      </instance>
      <interface-functions>
        <function-ref name="rxDone" ref="0x7fcf8f8b77e0" scoped=""/>
        <function-ref name="txDone" ref="0x7fcf8f8b7970" scoped=""/>
      </interface-functions>
    </interface><interface loc="81:/opt/tinyos-2.1.2/tos/chips/msp430/usart/HplMsp430Usart1P.nc" name="URXD" provided="0" ref="0x7fcf8f8b1cb0">
      <component-ref nicename="tos.chips.msp430.usart.HplMsp430Usart1P" qname="HplMsp430Usart1P"/>
      <type-interface alignment="I:2" size="I:2"><interface-ref name="URXD" ref="0x7fcf8f8b1cb0" scoped=""/></type-interface>
      <instance>
        <interfacedef-ref nicename="tos.chips.msp430.pins.HplMsp430GeneralIO" qname="HplMsp430GeneralIO"/>
      </instance>
      <interface-functions>
        <function-ref name="makeInput" ref="0x7fcf8f8b00a0" scoped=""/>
        <function-ref name="isInput" ref="0x7fcf8f8b0230" scoped=""/>
        <function-ref name="setResistor" ref="0x7fcf8f8b03c0" scoped=""/>
        <function-ref name="toggle" ref="0x7fcf8f8b0550" scoped=""/>
        <function-ref name="isOutput" ref="0x7fcf8f8b06e0" scoped=""/>
        <function-ref name="getResistor" ref="0x7fcf8f8b0870" scoped=""/>
        <function-ref name="makeOutput" ref="0x7fcf8f8b0a00" scoped=""/>
        <function-ref name="get" ref="0x7fcf8f8b0b90" scoped=""/>
        <function-ref name="selectIOFunc" ref="0x7fcf8f8b0d20" scoped=""/>
        <function-ref name="getRaw" ref="0x7fcf8f8af020" scoped=""/>
        <function-ref name="set" ref="0x7fcf8f8af1b0" scoped=""/>
        <function-ref name="selectModuleFunc" ref="0x7fcf8f8af340" scoped=""/>
        <function-ref name="isIOFunc" ref="0x7fcf8f8af4d0" scoped=""/>
        <function-ref name="isModuleFunc" ref="0x7fcf8f8af760" scoped=""/>
        <function-ref name="clr" ref="0x7fcf8f8af8f0" scoped=""/>
      </interface-functions>
    </interface><interface loc="82:/opt/tinyos-2.1.2/tos/chips/msp430/usart/HplMsp430Usart1P.nc" name="UTXD" provided="0" ref="0x7fcf8f8afcb0">
      <component-ref nicename="tos.chips.msp430.usart.HplMsp430Usart1P" qname="HplMsp430Usart1P"/>
      <type-interface alignment="I:2" size="I:2"><interface-ref name="UTXD" ref="0x7fcf8f8afcb0" scoped=""/></type-interface>
      <instance>
        <interfacedef-ref nicename="tos.chips.msp430.pins.HplMsp430GeneralIO" qname="HplMsp430GeneralIO"/>
      </instance>
      <interface-functions>
        <function-ref name="makeInput" ref="0x7fcf8f8ae0a0" scoped=""/>
        <function-ref name="isInput" ref="0x7fcf8f8ae230" scoped=""/>
        <function-ref name="setResistor" ref="0x7fcf8f8ae3c0" scoped=""/>
        <function-ref name="toggle" ref="0x7fcf8f8ae550" scoped=""/>
        <function-ref name="isOutput" ref="0x7fcf8f8ae6e0" scoped=""/>
        <function-ref name="getResistor" ref="0x7fcf8f8ae870" scoped=""/>
        <function-ref name="makeOutput" ref="0x7fcf8f8aea00" scoped=""/>
        <function-ref name="get" ref="0x7fcf8f8aeb90" scoped=""/>
        <function-ref name="selectIOFunc" ref="0x7fcf8f8aed20" scoped=""/>
        <function-ref name="getRaw" ref="0x7fcf8f8ad020" scoped=""/>
        <function-ref name="set" ref="0x7fcf8f8ad1b0" scoped=""/>
        <function-ref name="selectModuleFunc" ref="0x7fcf8f8ad340" scoped=""/>
        <function-ref name="isIOFunc" ref="0x7fcf8f8ad4d0" scoped=""/>
        <function-ref name="isModuleFunc" ref="0x7fcf8f8ad760" scoped=""/>
        <function-ref name="clr" ref="0x7fcf8f8ad8f0" scoped=""/>
      </interface-functions>
    </interface><interface loc="75:/opt/tinyos-2.1.2/tos/chips/msp430/usart/HplMsp430Usart1P.nc" name="Usart" provided="1" ref="0x7fcf8f8bd970">
      <component-ref nicename="tos.chips.msp430.usart.HplMsp430Usart1P" qname="HplMsp430Usart1P"/>
      <type-interface alignment="I:2" size="I:2"><interface-ref name="Usart" ref="0x7fcf8f8bd970" scoped=""/></type-interface>
      <instance>
        <interfacedef-ref nicename="tos.chips.msp430.usart.HplMsp430Usart" qname="HplMsp430Usart"/>
      </instance>
      <interface-functions>
        <function-ref name="isTxEmpty" ref="0x7fcf8f8bdcf0" scoped=""/>
        <function-ref name="enableUartRx" ref="0x7fcf8f8bde80" scoped=""/>
        <function-ref name="setUctl" ref="0x7fcf8f8bb030" scoped=""/>
        <function-ref name="enableUart" ref="0x7fcf8f8bb1c0" scoped=""/>
        <function-ref name="setUrctl" ref="0x7fcf8f8bb350" scoped=""/>
        <function-ref name="enableRxIntr" ref="0x7fcf8f8bb4e0" scoped=""/>
        <function-ref name="clrRxIntr" ref="0x7fcf8f8bb670" scoped=""/>
        <function-ref name="getUtctl" ref="0x7fcf8f8bb800" scoped=""/>
        <function-ref name="getUrctl" ref="0x7fcf8f8bb990" scoped=""/>
        <function-ref name="resetUsart" ref="0x7fcf8f8bbb20" scoped=""/>
        <function-ref name="getUmctl" ref="0x7fcf8f8bbcb0" scoped=""/>
        <function-ref name="disableIntr" ref="0x7fcf8f8bbe40" scoped=""/>
        <function-ref name="setUtctl" ref="0x7fcf8f8ba020" scoped=""/>
        <function-ref name="getUbr" ref="0x7fcf8f8ba2b0" scoped=""/>
        <function-ref name="enableTxIntr" ref="0x7fcf8f8ba440" scoped=""/>
        <function-ref name="setUmctl" ref="0x7fcf8f8ba5d0" scoped=""/>
        <function-ref name="isUartRx" ref="0x7fcf8f8ba760" scoped=""/>
        <function-ref name="isUart" ref="0x7fcf8f8ba8f0" scoped=""/>
        <function-ref name="disableRxIntr" ref="0x7fcf8f8baa80" scoped=""/>
        <function-ref name="isSpi" ref="0x7fcf8f8bac10" scoped=""/>
        <function-ref name="enableUartTx" ref="0x7fcf8f8bada0" scoped=""/>
        <function-ref name="disableTxIntr" ref="0x7fcf8f8b9020" scoped=""/>
        <function-ref name="disableUartRx" ref="0x7fcf8f8b91b0" scoped=""/>
        <function-ref name="enableIntr" ref="0x7fcf8f8b9340" scoped=""/>
        <function-ref name="getMode" ref="0x7fcf8f8b94d0" scoped=""/>
        <function-ref name="isTxIntrPending" ref="0x7fcf8f8b9860" scoped=""/>
        <function-ref name="clrIntr" ref="0x7fcf8f8b99f0" scoped=""/>
        <function-ref name="setUbr" ref="0x7fcf8f8b9b80" scoped=""/>
        <function-ref name="tx" ref="0x7fcf8f8b9d10" scoped=""/>
        <function-ref name="getUctl" ref="0x7fcf8f8b8020" scoped=""/>
        <function-ref name="disableUart" ref="0x7fcf8f8b81b0" scoped=""/>
        <function-ref name="enableSpi" ref="0x7fcf8f8b8340" scoped=""/>
        <function-ref name="setModeUart" ref="0x7fcf8f8b84d0" scoped=""/>
        <function-ref name="setModeSpi" ref="0x7fcf8f8b8660" scoped=""/>
        <function-ref name="rx" ref="0x7fcf8f8b87f0" scoped=""/>
        <function-ref name="isRxIntrPending" ref="0x7fcf8f8b8980" scoped=""/>
        <function-ref name="isUartTx" ref="0x7fcf8f8b8b10" scoped=""/>
        <function-ref name="clrTxIntr" ref="0x7fcf8f8b8ca0" scoped=""/>
        <function-ref name="disableSpi" ref="0x7fcf8f8b8e30" scoped=""/>
        <function-ref name="disableUartTx" ref="0x7fcf8f8b7020" scoped=""/>
      </interface-functions>
    </interface><interface loc="74:/opt/tinyos-2.1.2/tos/chips/msp430/usart/HplMsp430Usart1P.nc" name="AsyncStdControl" provided="1" ref="0x7fcf8f8bd0c0">
      <component-ref nicename="tos.chips.msp430.usart.HplMsp430Usart1P" qname="HplMsp430Usart1P"/>
      <type-interface alignment="I:2" size="I:2"><interface-ref name="AsyncStdControl" ref="0x7fcf8f8bd0c0" scoped=""/></type-interface>
      <instance>
        <interfacedef-ref nicename="tos.interfaces.AsyncStdControl" qname="AsyncStdControl"/>
      </instance>
      <interface-functions>
        <function-ref name="start" ref="0x7fcf8f8bd440" scoped=""/>
        <function-ref name="stop" ref="0x7fcf8f8bd5d0" scoped=""/>
      </interface-functions>
    </interface><interface loc="79:/opt/tinyos-2.1.2/tos/chips/msp430/usart/HplMsp430Usart1P.nc" name="SOMI" provided="0" ref="0x7fcf8f8b5cb0">
      <component-ref nicename="tos.chips.msp430.usart.HplMsp430Usart1P" qname="HplMsp430Usart1P"/>
      <type-interface alignment="I:2" size="I:2"><interface-ref name="SOMI" ref="0x7fcf8f8b5cb0" scoped=""/></type-interface>
      <instance>
        <interfacedef-ref nicename="tos.chips.msp430.pins.HplMsp430GeneralIO" qname="HplMsp430GeneralIO"/>
      </instance>
      <interface-functions>
        <function-ref name="makeInput" ref="0x7fcf8f8b40a0" scoped=""/>
        <function-ref name="isInput" ref="0x7fcf8f8b4230" scoped=""/>
        <function-ref name="setResistor" ref="0x7fcf8f8b43c0" scoped=""/>
        <function-ref name="toggle" ref="0x7fcf8f8b4550" scoped=""/>
        <function-ref name="isOutput" ref="0x7fcf8f8b46e0" scoped=""/>
        <function-ref name="getResistor" ref="0x7fcf8f8b4870" scoped=""/>
        <function-ref name="makeOutput" ref="0x7fcf8f8b4a00" scoped=""/>
        <function-ref name="get" ref="0x7fcf8f8b4b90" scoped=""/>
        <function-ref name="selectIOFunc" ref="0x7fcf8f8b4d20" scoped=""/>
        <function-ref name="getRaw" ref="0x7fcf8f8b3020" scoped=""/>
        <function-ref name="set" ref="0x7fcf8f8b31b0" scoped=""/>
        <function-ref name="selectModuleFunc" ref="0x7fcf8f8b3340" scoped=""/>
        <function-ref name="isIOFunc" ref="0x7fcf8f8b34d0" scoped=""/>
        <function-ref name="isModuleFunc" ref="0x7fcf8f8b3760" scoped=""/>
        <function-ref name="clr" ref="0x7fcf8f8b38f0" scoped=""/>
      </interface-functions>
    </interface><interface loc="78:/opt/tinyos-2.1.2/tos/chips/msp430/usart/HplMsp430Usart1P.nc" name="SIMO" provided="0" ref="0x7fcf8f8b7d30">
      <component-ref nicename="tos.chips.msp430.usart.HplMsp430Usart1P" qname="HplMsp430Usart1P"/>
      <type-interface alignment="I:2" size="I:2"><interface-ref name="SIMO" ref="0x7fcf8f8b7d30" scoped=""/></type-interface>
      <instance>
        <interfacedef-ref nicename="tos.chips.msp430.pins.HplMsp430GeneralIO" qname="HplMsp430GeneralIO"/>
      </instance>
      <interface-functions>
        <function-ref name="makeInput" ref="0x7fcf8f8b60e0" scoped=""/>
        <function-ref name="isInput" ref="0x7fcf8f8b6270" scoped=""/>
        <function-ref name="setResistor" ref="0x7fcf8f8b6400" scoped=""/>
        <function-ref name="toggle" ref="0x7fcf8f8b6590" scoped=""/>
        <function-ref name="isOutput" ref="0x7fcf8f8b6720" scoped=""/>
        <function-ref name="getResistor" ref="0x7fcf8f8b68b0" scoped=""/>
        <function-ref name="makeOutput" ref="0x7fcf8f8b6a40" scoped=""/>
        <function-ref name="get" ref="0x7fcf8f8b6bd0" scoped=""/>
        <function-ref name="selectIOFunc" ref="0x7fcf8f8b6d60" scoped=""/>
        <function-ref name="getRaw" ref="0x7fcf8f8b5020" scoped=""/>
        <function-ref name="set" ref="0x7fcf8f8b51b0" scoped=""/>
        <function-ref name="selectModuleFunc" ref="0x7fcf8f8b5340" scoped=""/>
        <function-ref name="isIOFunc" ref="0x7fcf8f8b54d0" scoped=""/>
        <function-ref name="isModuleFunc" ref="0x7fcf8f8b5760" scoped=""/>
        <function-ref name="clr" ref="0x7fcf8f8b58f0" scoped=""/>
      </interface-functions>
    </interface></specification><referenced/></component>