<?xml version="1.0" ?><component loc="55:/opt/tinyos-2.1.2/tos/lib/printf/PrintfC.nc" nicename="tos.lib.printf.PrintfC" qname="PrintfC">
      <documentation loc="33:/opt/tinyos-2.1.2/tos/lib/printf/printf.h">
        <short>

 </short>
        <long>

 @author Kevin Klues (klueska@cs.wustl.edu)
 @version $Revision: 1.17 $
 @date $Date: 2010-06-29 22:07:50 $
</long>
      </documentation>
      <configuration/>
      <wiring>
        <wire loc="65:/opt/tinyos-2.1.2/tos/lib/printf/PrintfC.nc">
          <from><interface-ref name="SoftwareInit" ref="0x7fcf90354d90" scoped=""/></from>
          <to><interface-ref name="Init" ref="0x7fcf8f6ea380" scoped=""/></to>
        </wire>
        <wire loc="66:/opt/tinyos-2.1.2/tos/lib/printf/PrintfC.nc">
          <from><interface-ref name="Queue" ref="0x7fcf8f6e92f0" scoped=""/></from>
          <to><interface-ref name="Queue" ref="0x7fcf8f712b70" scoped=""/></to>
        </wire>
        <wire loc="67:/opt/tinyos-2.1.2/tos/lib/printf/PrintfC.nc">
          <from><interface-ref name="AMSend" ref="0x7fcf8f6e48d0" scoped=""/></from>
          <to><interface-ref name="AMSend" ref="0x7fcf8f719540" scoped=""/></to>
        </wire>
        <wire loc="68:/opt/tinyos-2.1.2/tos/lib/printf/PrintfC.nc">
          <from><interface-ref name="Packet" ref="0x7fcf8f6e35d0" scoped=""/></from>
          <to><interface-ref name="Packet" ref="0x7fcf8f718270" scoped=""/></to>
        </wire>
        <wire loc="71:/opt/tinyos-2.1.2/tos/lib/printf/PrintfC.nc">
          <from><interface-ref name="Putchar" ref="0x7fcf8f6c3020" scoped=""/></from>
          <to><interface-ref name="Putchar" ref="0x7fcf8f6e7a30" scoped=""/></to>
        </wire>
      </wiring>
    <specification/><referenced><interface loc="90:/opt/tinyos-2.1.2/tos/lib/printf/PrintfP.nc" name="Putchar" provided="1" ref="0x7fcf8f6e7a30">
      <component-ref nicename="tos.lib.printf.PrintfP" qname="PrintfP"/>
      <type-interface alignment="I:2" size="I:2"><interface-ref name="Putchar" ref="0x7fcf8f6e7a30" scoped=""/></type-interface>
      <instance>
        <interfacedef-ref nicename="tos.lib.printf.Putchar" qname="Putchar"/>
      </instance>
      <interface-functions>
        <function-ref name="putchar" ref="0x7fcf8f6e7db0" scoped=""/>
      </interface-functions>
    </interface><interface loc="49:/opt/tinyos-2.1.2/tos/lib/serial/SerialAMSenderC.nc" name="AMSend" provided="1" ref="0x7fcf8f719540">
      <component-ref nicename="tos.lib.serial.SerialAMSenderC" qname="PrintfC.SerialAMSenderC"/>
      <type-interface alignment="I:2" size="I:2"><interface-ref name="AMSend" ref="0x7fcf8f719540" scoped=""/></type-interface>
      <instance>
        <interfacedef-ref nicename="tos.interfaces.AMSend" qname="AMSend"/>
      </instance>
      <interface-functions>
        <function-ref name="send" ref="0x7fcf8f7198c0" scoped=""/>
        <function-ref name="getPayload" ref="0x7fcf8f719a50" scoped=""/>
        <function-ref name="maxPayloadLength" ref="0x7fcf8f719be0" scoped=""/>
        <function-ref name="cancel" ref="0x7fcf8f719d70" scoped=""/>
        <function-ref name="sendDone" ref="0x7fcf8f718020" scoped=""/>
      </interface-functions>
    </interface><interface loc="50:/opt/tinyos-2.1.2/tos/lib/serial/SerialAMSenderC.nc" name="Packet" provided="1" ref="0x7fcf8f718270">
      <component-ref nicename="tos.lib.serial.SerialAMSenderC" qname="PrintfC.SerialAMSenderC"/>
      <type-interface alignment="I:2" size="I:2"><interface-ref name="Packet" ref="0x7fcf8f718270" scoped=""/></type-interface>
      <instance>
        <interfacedef-ref nicename="tos.interfaces.Packet" qname="Packet"/>
      </instance>
      <interface-functions>
        <function-ref name="clear" ref="0x7fcf8f7185f0" scoped=""/>
        <function-ref name="payloadLength" ref="0x7fcf8f718780" scoped=""/>
        <function-ref name="getPayload" ref="0x7fcf8f718910" scoped=""/>
        <function-ref name="maxPayloadLength" ref="0x7fcf8f718aa0" scoped=""/>
        <function-ref name="setPayloadLength" ref="0x7fcf8f718c30" scoped=""/>
      </interface-functions>
    </interface><interface loc="43:/opt/tinyos-2.1.2/tos/system/QueueC.nc" name="Queue" provided="1" ref="0x7fcf8f712b70">
      <component-ref nicename="tos.system.QueueC" qname="PrintfC.QueueC"/>
      <type-interface alignment="I:2" size="I:2"><interface-ref name="Queue" ref="0x7fcf8f712b70" scoped=""/></type-interface>
      <instance>
        <interfacedef-ref nicename="tos.interfaces.Queue" qname="Queue"/>
        <arguments>
          <type-int alignment="I:1" cname="unsigned char" size="I:1" unsigned="">
            <typename><typedef-ref name="uint8_t" ref="0x7fcf9126f160"/></typename>
          </type-int>
        </arguments>
      </instance>
      <interface-functions>
        <function-ref name="head" ref="0x7fcf8f6f0550" scoped=""/>
        <function-ref name="enqueue" ref="0x7fcf8f6ee2f0" scoped=""/>
        <function-ref name="element" ref="0x7fcf8f6ee960" scoped=""/>
        <function-ref name="maxSize" ref="0x7fcf8f6f00d0" scoped=""/>
        <function-ref name="dequeue" ref="0x7fcf8f6f0c00" scoped=""/>
        <function-ref name="empty" ref="0x7fcf8f711790" scoped=""/>
        <function-ref name="size" ref="0x7fcf8f711c10" scoped=""/>
      </interface-functions>
    </interface><interface loc="58:/opt/tinyos-2.1.2/tos/system/MainC.nc" name="SoftwareInit" provided="0" ref="0x7fcf90354d90">
      <component-ref nicename="tos.system.MainC" qname="MainC"/>
      <type-interface alignment="I:2" size="I:2"><interface-ref name="SoftwareInit" ref="0x7fcf90354d90" scoped=""/></type-interface>
      <instance>
        <interfacedef-ref nicename="tos.interfaces.Init" qname="Init"/>
      </instance>
      <interface-functions>
        <function-ref name="init" ref="0x7fcf90353180" scoped=""/>
      </interface-functions>
    </interface><interface loc="95:/opt/tinyos-2.1.2/tos/lib/printf/PrintfP.nc" name="Packet" provided="0" ref="0x7fcf8f6e35d0">
      <component-ref nicename="tos.lib.printf.PrintfP" qname="PrintfP"/>
      <type-interface alignment="I:2" size="I:2"><interface-ref name="Packet" ref="0x7fcf8f6e35d0" scoped=""/></type-interface>
      <instance>
        <interfacedef-ref nicename="tos.interfaces.Packet" qname="Packet"/>
      </instance>
      <interface-functions>
        <function-ref name="clear" ref="0x7fcf8f6e3950" scoped=""/>
        <function-ref name="payloadLength" ref="0x7fcf8f6e3ae0" scoped=""/>
        <function-ref name="getPayload" ref="0x7fcf8f6e3c70" scoped=""/>
        <function-ref name="maxPayloadLength" ref="0x7fcf8f6e3e00" scoped=""/>
        <function-ref name="setPayloadLength" ref="0x7fcf8f6e2020" scoped=""/>
      </interface-functions>
    </interface><interface loc="43:/opt/tinyos-2.1.2/tos/lib/printf/PutcharC.nc" name="Putchar" provided="0" ref="0x7fcf8f6c3020">
      <component-ref nicename="tos.lib.printf.PutcharC" qname="PutcharC"/>
      <type-interface alignment="I:2" size="I:2"><interface-ref name="Putchar" ref="0x7fcf8f6c3020" scoped=""/></type-interface>
      <instance>
        <interfacedef-ref nicename="tos.lib.printf.Putchar" qname="Putchar"/>
      </instance>
      <interface-functions>
        <function-ref name="putchar" ref="0x7fcf8f6c33a0" scoped=""/>
      </interface-functions>
    </interface><interface loc="94:/opt/tinyos-2.1.2/tos/lib/printf/PrintfP.nc" name="AMSend" provided="0" ref="0x7fcf8f6e48d0">
      <component-ref nicename="tos.lib.printf.PrintfP" qname="PrintfP"/>
      <type-interface alignment="I:2" size="I:2"><interface-ref name="AMSend" ref="0x7fcf8f6e48d0" scoped=""/></type-interface>
      <instance>
        <interfacedef-ref nicename="tos.interfaces.AMSend" qname="AMSend"/>
      </instance>
      <interface-functions>
        <function-ref name="send" ref="0x7fcf8f6e4c50" scoped=""/>
        <function-ref name="getPayload" ref="0x7fcf8f6e4de0" scoped=""/>
        <function-ref name="maxPayloadLength" ref="0x7fcf8f6e3020" scoped=""/>
        <function-ref name="cancel" ref="0x7fcf8f6e31b0" scoped=""/>
        <function-ref name="sendDone" ref="0x7fcf8f6e3340" scoped=""/>
      </interface-functions>
    </interface><interface loc="93:/opt/tinyos-2.1.2/tos/lib/printf/PrintfP.nc" name="Queue" provided="0" ref="0x7fcf8f6e92f0">
      <component-ref nicename="tos.lib.printf.PrintfP" qname="PrintfP"/>
      <type-interface alignment="I:2" size="I:2"><interface-ref name="Queue" ref="0x7fcf8f6e92f0" scoped=""/></type-interface>
      <instance>
        <interfacedef-ref nicename="tos.interfaces.Queue" qname="Queue"/>
        <arguments>
          <type-int alignment="I:1" cname="unsigned char" size="I:1" unsigned="">
            <typename><typedef-ref name="uint8_t" ref="0x7fcf9126f160"/></typename>
          </type-int>
        </arguments>
      </instance>
      <interface-functions>
        <function-ref name="head" ref="0x7fcf8f6e8da0" scoped=""/>
        <function-ref name="enqueue" ref="0x7fcf8f6e5b40" scoped=""/>
        <function-ref name="element" ref="0x7fcf8f6e4220" scoped=""/>
        <function-ref name="maxSize" ref="0x7fcf8f6e8920" scoped=""/>
        <function-ref name="dequeue" ref="0x7fcf8f6e5490" scoped=""/>
        <function-ref name="empty" ref="0x7fcf8f6e8020" scoped=""/>
        <function-ref name="size" ref="0x7fcf8f6e84a0" scoped=""/>
      </interface-functions>
    </interface><interface loc="89:/opt/tinyos-2.1.2/tos/lib/printf/PrintfP.nc" name="Init" provided="1" ref="0x7fcf8f6ea380">
      <component-ref nicename="tos.lib.printf.PrintfP" qname="PrintfP"/>
      <type-interface alignment="I:2" size="I:2"><interface-ref name="Init" ref="0x7fcf8f6ea380" scoped=""/></type-interface>
      <instance>
        <interfacedef-ref nicename="tos.interfaces.Init" qname="Init"/>
      </instance>
      <interface-functions>
        <function-ref name="init" ref="0x7fcf8f6ea700" scoped=""/>
      </interface-functions>
    </interface><component loc="42(PrintfC.QueueC):/opt/tinyos-2.1.2/tos/system/QueueC.nc" nicename="tos.system.QueueC" qname="PrintfC.QueueC">
      <documentation loc="33:/opt/tinyos-2.1.2/tos/system/QueueC.nc">
        <short>
  A general FIFO queue component, whose queue has a bounded size.</short>
        <long>
  A general FIFO queue component, whose queue has a bounded size.

  @author Philip Levis
  @author Geoffrey Mainland
  @date   $Date: 2009-06-25 18:37:24 $
</long>
      </documentation>
      <instance number="0">
        <component-ref nicename="tos.system.QueueC" qname="QueueC"/>
        <arguments>
          <type-int alignment="I:1" cname="unsigned char" size="I:1" unsigned="">
            <typename><typedef-ref name="uint8_t" ref="0x7fcf9126f160"/></typename>
          </type-int>
          <value cst="I:128">
            <type-int alignment="I:2" cname="int" size="I:2"/>
          </value>
        </arguments>
      </instance>
      <module/>
    </component><component loc="42:/opt/tinyos-2.1.2/tos/lib/printf/PutcharC.nc" nicename="tos.lib.printf.PutcharC" qname="PutcharC">
      <documentation loc="32:/opt/tinyos-2.1.2/tos/lib/printf/PutcharC.nc">
        <short>
 This component provides a TinyOS-compatible bridge to the
 system-specific mechanism of providing single-character output to
 the environment's printf(3c) infrastructure.</short>
        <long>
 This component provides a TinyOS-compatible bridge to the
 system-specific mechanism of providing single-character output to
 the environment's printf(3c) infrastructure.  Components that
 provide a libc-based printf facility in TinyOS should implement the
 Putchar interface and connect it to this module.

 @author Peter A. Bigot &lt;pabigot@users.sourceforge.net&gt;
</long>
      </documentation>
      <configuration/>
      <wiring>
        <wire loc="49:/opt/tinyos-2.1.2/tos/lib/printf/PutcharC.nc">
          <from><interface-ref name="SoftwareInit" ref="0x7fcf90354d90" scoped=""/></from>
          <to><interface-ref name="Init" ref="0x7fcf8f6c0360" scoped=""/></to>
        </wire>
        <wire loc="50:/opt/tinyos-2.1.2/tos/lib/printf/PutcharC.nc">
          <from><interface-ref name="Putchar" ref="0x7fcf8f6c09c0" scoped=""/></from>
          <to><interface-ref name="Putchar" ref="0x7fcf8f6c3020" scoped=""/></to>
        </wire>
      </wiring>
    </component><component loc="56:/opt/tinyos-2.1.2/tos/system/MainC.nc" nicename="tos.system.MainC" qname="MainC">
      <documentation loc="45:/opt/tinyos-2.1.2/tos/system/MainC.nc">
        <short>
 MainC is the system interface the TinyOS boot sequence.</short>
        <long>
 MainC is the system interface the TinyOS boot sequence. It wires the
 boot sequence implementation to the scheduler and hardware resources.

 @author Philip Levis
 @date   August 6 2005
 @see    TEP 107: Boot Sequence
</long>
      </documentation>
      <configuration/>
      <wiring>
        <wire loc="72:/opt/tinyos-2.1.2/tos/system/MainC.nc">
          <from><interface-ref name="Boot" ref="0x7fcf90352870" scoped=""/></from>
          <to><interface-ref name="Boot" ref="0x7fcf90187590" scoped=""/></to>
        </wire>
        <wire loc="67:/opt/tinyos-2.1.2/tos/system/MainC.nc">
          <from><interface-ref name="Scheduler" ref="0x7fcf90187c00" scoped=""/></from>
          <to><interface-ref name="Scheduler" ref="0x7fcf907e03a0" scoped=""/></to>
        </wire>
        <wire loc="68:/opt/tinyos-2.1.2/tos/system/MainC.nc">
          <from><interface-ref name="PlatformInit" ref="0x7fcf901866c0" scoped=""/></from>
          <to><interface-ref name="Init" ref="0x7fcf90353da0" scoped=""/></to>
        </wire>
        <wire loc="71:/opt/tinyos-2.1.2/tos/system/MainC.nc">
          <from><interface-ref name="SoftwareInit" ref="0x7fcf90186dc0" scoped=""/></from>
          <to><interface-ref name="SoftwareInit" ref="0x7fcf90354d90" scoped=""/></to>
        </wire>
      </wiring>
    </component><component loc="87:/opt/tinyos-2.1.2/tos/lib/printf/PrintfP.nc" nicename="tos.lib.printf.PrintfP" qname="PrintfP" safe="">
      <documentation loc="33:/opt/tinyos-2.1.2/tos/lib/printf/printf.h">
        <short>

 </short>
        <long>

 @author Kevin Klues (klueska@cs.wustl.edu)
 @version $Revision: 1.17 $
 @date $Date: 2010-06-29 22:07:50 $
</long>
      </documentation>
      <module/>
    </component><component loc="47(PrintfC.SerialAMSenderC):/opt/tinyos-2.1.2/tos/lib/serial/SerialAMSenderC.nc" nicename="tos.lib.serial.SerialAMSenderC" qname="PrintfC.SerialAMSenderC">
      <documentation loc="71:/opt/tinyos-2.1.2/tos/lib/serial/Serial.h">
        <short>
 </short>
        <long>
 @author Phil Buonadonna
 @author Lewis Girod
 @author Ben Greenstein
 @author Philip Levis
 @date   August 7 2005
</long>
      </documentation>
      <instance number="0">
        <component-ref nicename="tos.lib.serial.SerialAMSenderC" qname="SerialAMSenderC"/>
        <arguments>
          <value cst="I:100">
            <type-int alignment="I:2" cname="int" size="I:2"/>
          </value>
        </arguments>
      </instance>
      <configuration/>
      <wiring>
        <wire loc="63:/opt/tinyos-2.1.2/tos/lib/serial/SerialAMSenderC.nc">
          <from><interface-ref name="AMSend" ref="0x7fcf8f719540" scoped=""/></from>
          <to><interface-ref name="AMSend" ref="0x7fcf8f147390" scoped=""/></to>
        </wire>
        <wire loc="64:/opt/tinyos-2.1.2/tos/lib/serial/SerialAMSenderC.nc">
          <from><interface-ref name="Packet" ref="0x7fcf8f718270" scoped=""/></from>
          <to><interface-ref name="Packet" ref="0x7fcf8fbaa7e0" scoped=""/></to>
        </wire>
        <wire loc="65:/opt/tinyos-2.1.2/tos/lib/serial/SerialAMSenderC.nc">
          <from><interface-ref name="AMPacket" ref="0x7fcf8f718e80" scoped=""/></from>
          <to><interface-ref name="AMPacket" ref="0x7fcf8fba9470" scoped=""/></to>
        </wire>
        <wire loc="66:/opt/tinyos-2.1.2/tos/lib/serial/SerialAMSenderC.nc">
          <from><interface-ref name="Acks" ref="0x7fcf8f7155d0" scoped=""/></from>
          <to><interface-ref name="PacketAcknowledgements" ref="0x7fcf8fba6b20" scoped=""/></to>
        </wire>
        <wire loc="60:/opt/tinyos-2.1.2/tos/lib/serial/SerialAMSenderC.nc">
          <from><interface-ref name="Send" ref="0x7fcf8f146060" scoped=""/></from>
          <to><interface-ref name="Send" ref="0x7fcf8fc08cf0" scoped=""/>
          <arguments>
            <value cst="I:0">
              <type-int alignment="I:2" cname="unsigned int" size="I:2" unsigned=""/>
            </value>
          </arguments>
          </to>
        </wire>
        <wire loc="61:/opt/tinyos-2.1.2/tos/lib/serial/SerialAMSenderC.nc">
          <from><interface-ref name="AMPacket" ref="0x7fcf8f146c70" scoped=""/></from>
          <to><interface-ref name="AMPacket" ref="0x7fcf8fba9470" scoped=""/></to>
        </wire>
      </wiring>
    </component></referenced></component>