<?xml version="1.0" ?><component abstract="" loc="44:/opt/tinyos-2.1.2/tos/system/TimerMilliC.nc" nicename="tos.system.TimerMilliC" qname="TimerMilliC">
      <documentation loc="33:/opt/tinyos-2.1.2/tos/system/TimerMilliC.nc">
        <short>
 The virtualized millisecond timer abstraction.</short>
        <long>
 The virtualized millisecond timer abstraction. Instantiating this 
 component gives an independent millisecond granularity timer.

 @author Philip Levis
 @date   January 16 2006
 @see    TEP 102: Timers
</long>
      </documentation>
      <parameters>
      </parameters>
      <configuration/>
      <wiring>
        <wire loc="52:/opt/tinyos-2.1.2/tos/system/TimerMilliC.nc">
          <from><interface-ref name="Timer" ref="0x7fcf8fe05020" scoped=""/></from>
          <to><interface-ref name="TimerMilli" ref="0x7fcf8fdfd610" scoped=""/>
          <arguments>
            <value cst="U:">
              <type-int alignment="I:2" cname="unsigned int" size="I:2" unsigned=""/>
            </value>
          </arguments>
          </to>
        </wire>
      </wiring>
    <specification><interface loc="45:/opt/tinyos-2.1.2/tos/system/TimerMilliC.nc" name="Timer" provided="1" ref="0x7fcf8fe05020">
      <component-ref nicename="tos.system.TimerMilliC" qname="TimerMilliC"/>
      <type-interface alignment="I:2" size="I:2"><interface-ref name="Timer" ref="0x7fcf8fe05020" scoped=""/></type-interface>
      <instance>
        <interfacedef-ref nicename="tos.lib.timer.Timer" qname="Timer"/>
        <arguments>
          <type-tag alignment="I:2" size="I:2"><struct-ref ref="0x7fcf90355ec0"/>
            <typename><typedef-ref name="TMilli" ref="0x7fcf9017a260"/></typename>
          </type-tag>
        </arguments>
      </instance>
      <interface-functions>
        <function-ref name="getNow" ref="0x7fcf8fe02630" scoped=""/>
        <function-ref name="fired" ref="0x7fcf8fe04a60" scoped=""/>
        <function-ref name="startPeriodicAt" ref="0x7fcf8fe03920" scoped=""/>
        <function-ref name="isOneShot" ref="0x7fcf8fe034a0" scoped=""/>
        <function-ref name="getdt" ref="0x7fcf8fe00020" scoped=""/>
        <function-ref name="gett0" ref="0x7fcf8fe02ab0" scoped=""/>
        <function-ref name="isRunning" ref="0x7fcf8fe03020" scoped=""/>
        <function-ref name="startPeriodic" ref="0x7fcf8fe05c10" scoped=""/>
        <function-ref name="startOneShotAt" ref="0x7fcf8fe02020" scoped=""/>
        <function-ref name="startOneShot" ref="0x7fcf8fe04110" scoped=""/>
        <function-ref name="stop" ref="0x7fcf8fe045e0" scoped=""/>
      </interface-functions>
    </interface></specification><referenced><interface loc="49:/opt/tinyos-2.1.2/tos/system/TimerMilliP.nc" name="TimerMilli" provided="1" ref="0x7fcf8fdfd610">
      <component-ref nicename="tos.system.TimerMilliP" qname="TimerMilliP"/>
      <type-interface alignment="I:2" size="I:2"><interface-ref name="TimerMilli" ref="0x7fcf8fdfd610" scoped=""/></type-interface>
      <instance>
        <interfacedef-ref nicename="tos.lib.timer.Timer" qname="Timer"/>
        <arguments>
          <type-tag alignment="I:2" size="I:2"><struct-ref ref="0x7fcf90355ec0"/>
            <typename><typedef-ref name="TMilli" ref="0x7fcf9017a260"/></typename>
          </type-tag>
        </arguments>
      </instance>
      <interface-parameters>
        <type-int alignment="I:1" cname="unsigned char" size="I:1" unsigned="">
          <typename><typedef-ref name="uint8_t" ref="0x7fcf9126f160"/></typename>
        </type-int>
      </interface-parameters>
      <interface-functions>
        <function-ref name="getNow" ref="0x7fcf8fdfac40" scoped=""/>
        <function-ref name="fired" ref="0x7fcf8fdfb1e0" scoped=""/>
        <function-ref name="startPeriodicAt" ref="0x7fcf8fdfa020" scoped=""/>
        <function-ref name="isOneShot" ref="0x7fcf8fdfbae0" scoped=""/>
        <function-ref name="getdt" ref="0x7fcf8fdf8590" scoped=""/>
        <function-ref name="gett0" ref="0x7fcf8fdf8110" scoped=""/>
        <function-ref name="isRunning" ref="0x7fcf8fdfb660" scoped=""/>
        <function-ref name="startPeriodic" ref="0x7fcf8fdfc390" scoped=""/>
        <function-ref name="startOneShotAt" ref="0x7fcf8fdfa630" scoped=""/>
        <function-ref name="startOneShot" ref="0x7fcf8fdfc860" scoped=""/>
        <function-ref name="stop" ref="0x7fcf8fdfcd30" scoped=""/>
      </interface-functions>
    </interface><component loc="48:/opt/tinyos-2.1.2/tos/system/TimerMilliP.nc" nicename="tos.system.TimerMilliP" qname="TimerMilliP">
      <documentation loc="34:/opt/tinyos-2.1.2/tos/system/TimerMilliP.nc">
        <short>
 Components should never wire to this component.</short>
        <long>
 Components should never wire to this component. This is the
 underlying configuration of virtualized millisecond timers. 
 It auto-wires wires the timer
 implementation (TimerC) to the boot sequence and exports the
 various Timer interfaces.

 @author Philip Levis
 @author Cory Sharp
 @date   May 16 2005
</long>
      </documentation>
      <configuration/>
      <wiring>
        <wire loc="54:/opt/tinyos-2.1.2/tos/system/TimerMilliP.nc">
          <from><interface-ref name="TimerMilli" ref="0x7fcf8fdfd610" scoped=""/></from>
          <to><interface-ref name="TimerMilli" ref="0x7fcf8fdf41d0" scoped=""/></to>
        </wire>
        <wire loc="53:/opt/tinyos-2.1.2/tos/system/TimerMilliP.nc">
          <from><interface-ref name="SoftwareInit" ref="0x7fcf90354d90" scoped=""/></from>
          <to><interface-ref name="Init" ref="0x7fcf8fdf5400" scoped=""/></to>
        </wire>
      </wiring>
    </component></referenced></component>