<?xml version="1.0" ?><component abstract="" loc="41:/opt/tinyos-2.1.2/tos/chips/msp430/timer/Alarm32khz16C.nc" nicename="tos.chips.msp430.timer.Alarm32khz16C" qname="Alarm32khz16C">
      <documentation loc="33:/opt/tinyos-2.1.2/tos/chips/msp430/timer/Alarm32khz16C.nc">
        <short>
 Alarm32khzC is the alarm for async 32khz alarms

 </short>
        <long>
 Alarm32khzC is the alarm for async 32khz alarms

 @author Cory Sharp &lt;cssharp@eecs.berkeley.edu&gt;
 @see  Please refer to TEP 102 for more information about this component and its
          intended use.
</long>
      </documentation>
      <parameters>
      </parameters>
      <configuration/>
      <wiring>
        <wire loc="52:/opt/tinyos-2.1.2/tos/chips/msp430/timer/Alarm32khz16C.nc">
          <from><interface-ref name="Alarm" ref="0x7fcf8fdda9f0" scoped=""/></from>
          <to><interface-ref name="Alarm" ref="0x7fcf8fd8ba20" scoped=""/></to>
        </wire>
        <wire loc="51:/opt/tinyos-2.1.2/tos/chips/msp430/timer/Alarm32khz16C.nc">
          <from><interface-ref name="Init" ref="0x7fcf8fdda0c0" scoped=""/></from>
          <to><interface-ref name="Init" ref="0x7fcf8fd8b190" scoped=""/></to>
        </wire>
        <wire loc="54:/opt/tinyos-2.1.2/tos/chips/msp430/timer/Alarm32khz16C.nc">
          <from><interface-ref name="Msp430Timer" ref="0x7fcf8fd87b90" scoped=""/></from>
          <to><interface-ref name="Msp430Timer" ref="0x7fcf8fdb2830" scoped=""/></to>
        </wire>
        <wire loc="55:/opt/tinyos-2.1.2/tos/chips/msp430/timer/Alarm32khz16C.nc">
          <from><interface-ref name="Msp430TimerControl" ref="0x7fcf8fd852b0" scoped=""/></from>
          <to><interface-ref name="Msp430TimerControl" ref="0x7fcf8fdb0020" scoped=""/></to>
        </wire>
        <wire loc="56:/opt/tinyos-2.1.2/tos/chips/msp430/timer/Alarm32khz16C.nc">
          <from><interface-ref name="Msp430Compare" ref="0x7fcf8fd845d0" scoped=""/></from>
          <to><interface-ref name="Msp430Compare" ref="0x7fcf8fdae440" scoped=""/></to>
        </wire>
      </wiring>
    <specification><interface loc="44:/opt/tinyos-2.1.2/tos/chips/msp430/timer/Alarm32khz16C.nc" name="Alarm" provided="1" ref="0x7fcf8fdda9f0">
      <component-ref nicename="tos.chips.msp430.timer.Alarm32khz16C" qname="Alarm32khz16C"/>
      <type-interface alignment="I:2" size="I:2"><interface-ref name="Alarm" ref="0x7fcf8fdda9f0" scoped=""/></type-interface>
      <instance>
        <interfacedef-ref nicename="tos.lib.timer.Alarm" qname="Alarm"/>
        <arguments>
          <type-tag alignment="I:2" size="I:2"><struct-ref ref="0x7fcf9017a6a0"/>
            <typename><typedef-ref name="T32khz" ref="0x7fcf9017aa10"/></typename>
          </type-tag>
          <type-int alignment="I:2" cname="unsigned int" size="I:2" unsigned="">
            <typename><typedef-ref name="uint16_t" ref="0x7fcf9126f520"/></typename>
          </type-int>
        </arguments>
      </instance>
      <interface-functions>
        <function-ref name="getNow" ref="0x7fcf8fdd72a0" scoped=""/>
        <function-ref name="fired" ref="0x7fcf8fdd82a0" scoped=""/>
        <function-ref name="startAt" ref="0x7fcf8fdd8c20" scoped=""/>
        <function-ref name="isRunning" ref="0x7fcf8fdd8760" scoped=""/>
        <function-ref name="getAlarm" ref="0x7fcf8fdd7760" scoped=""/>
        <function-ref name="start" ref="0x7fcf8fdd9890" scoped=""/>
        <function-ref name="stop" ref="0x7fcf8fdd9da0" scoped=""/>
      </interface-functions>
    </interface><interface loc="43:/opt/tinyos-2.1.2/tos/chips/msp430/timer/Alarm32khz16C.nc" name="Init" provided="1" ref="0x7fcf8fdda0c0">
      <component-ref nicename="tos.chips.msp430.timer.Alarm32khz16C" qname="Alarm32khz16C"/>
      <type-interface alignment="I:2" size="I:2"><interface-ref name="Init" ref="0x7fcf8fdda0c0" scoped=""/></type-interface>
      <instance>
        <interfacedef-ref nicename="tos.interfaces.Init" qname="Init"/>
      </instance>
      <interface-functions>
        <function-ref name="init" ref="0x7fcf8fdda440" scoped=""/>
      </interface-functions>
    </interface></specification><referenced><interface loc="40:/opt/tinyos-2.1.2/tos/chips/msp430/timer/Msp430Timer32khzC.nc" name="Msp430TimerControl" provided="1" ref="0x7fcf8fdb0020">
      <component-ref nicename="tos.chips.msp430.timer.Msp430Timer32khzC" qname="Alarm32khz16C.Msp430Timer"/>
      <type-interface alignment="I:2" size="I:2"><interface-ref name="Msp430TimerControl" ref="0x7fcf8fdb0020" scoped=""/></type-interface>
      <instance>
        <interfacedef-ref nicename="tos.chips.msp430.timer.Msp430TimerControl" qname="Msp430TimerControl"/>
      </instance>
      <interface-functions>
        <function-ref name="setControlAsCapture" ref="0x7fcf8fdb03a0" scoped=""/>
        <function-ref name="getControl" ref="0x7fcf8fdb0530" scoped=""/>
        <function-ref name="enableEvents" ref="0x7fcf8fdb06c0" scoped=""/>
        <function-ref name="areEventsEnabled" ref="0x7fcf8fdb0850" scoped=""/>
        <function-ref name="setControlAsCompare" ref="0x7fcf8fdb09e0" scoped=""/>
        <function-ref name="disableEvents" ref="0x7fcf8fdb0b70" scoped=""/>
        <function-ref name="isInterruptPending" ref="0x7fcf8fdb0d00" scoped=""/>
        <function-ref name="clearPendingInterrupt" ref="0x7fcf8fdae020" scoped=""/>
        <function-ref name="setControl" ref="0x7fcf8fdae1b0" scoped=""/>
      </interface-functions>
    </interface><interface loc="45:/opt/tinyos-2.1.2/tos/chips/msp430/timer/Msp430AlarmC.nc" name="Init" provided="1" ref="0x7fcf8fd8b190">
      <component-ref nicename="tos.chips.msp430.timer.Msp430AlarmC" qname="Alarm32khz16C.Msp430Alarm"/>
      <type-interface alignment="I:2" size="I:2"><interface-ref name="Init" ref="0x7fcf8fd8b190" scoped=""/></type-interface>
      <instance>
        <interfacedef-ref nicename="tos.interfaces.Init" qname="Init"/>
      </instance>
      <interface-functions>
        <function-ref name="init" ref="0x7fcf8fd8b510" scoped=""/>
      </interface-functions>
    </interface><interface loc="48:/opt/tinyos-2.1.2/tos/chips/msp430/timer/Msp430AlarmC.nc" name="Msp430TimerControl" provided="0" ref="0x7fcf8fd852b0">
      <component-ref nicename="tos.chips.msp430.timer.Msp430AlarmC" qname="Alarm32khz16C.Msp430Alarm"/>
      <type-interface alignment="I:2" size="I:2"><interface-ref name="Msp430TimerControl" ref="0x7fcf8fd852b0" scoped=""/></type-interface>
      <instance>
        <interfacedef-ref nicename="tos.chips.msp430.timer.Msp430TimerControl" qname="Msp430TimerControl"/>
      </instance>
      <interface-functions>
        <function-ref name="setControlAsCapture" ref="0x7fcf8fd85630" scoped=""/>
        <function-ref name="getControl" ref="0x7fcf8fd857c0" scoped=""/>
        <function-ref name="enableEvents" ref="0x7fcf8fd85950" scoped=""/>
        <function-ref name="areEventsEnabled" ref="0x7fcf8fd85ae0" scoped=""/>
        <function-ref name="setControlAsCompare" ref="0x7fcf8fd85c70" scoped=""/>
        <function-ref name="disableEvents" ref="0x7fcf8fd85e00" scoped=""/>
        <function-ref name="isInterruptPending" ref="0x7fcf8fd84020" scoped=""/>
        <function-ref name="clearPendingInterrupt" ref="0x7fcf8fd841b0" scoped=""/>
        <function-ref name="setControl" ref="0x7fcf8fd84340" scoped=""/>
      </interface-functions>
    </interface><interface loc="49:/opt/tinyos-2.1.2/tos/chips/msp430/timer/Msp430AlarmC.nc" name="Msp430Compare" provided="0" ref="0x7fcf8fd845d0">
      <component-ref nicename="tos.chips.msp430.timer.Msp430AlarmC" qname="Alarm32khz16C.Msp430Alarm"/>
      <type-interface alignment="I:2" size="I:2"><interface-ref name="Msp430Compare" ref="0x7fcf8fd845d0" scoped=""/></type-interface>
      <instance>
        <interfacedef-ref nicename="tos.chips.msp430.timer.Msp430Compare" qname="Msp430Compare"/>
      </instance>
      <interface-functions>
        <function-ref name="getEvent" ref="0x7fcf8fd84950" scoped=""/>
        <function-ref name="setEvent" ref="0x7fcf8fd84ae0" scoped=""/>
        <function-ref name="setEventFromPrev" ref="0x7fcf8fd84c70" scoped=""/>
        <function-ref name="setEventFromNow" ref="0x7fcf8fd84e00" scoped=""/>
        <function-ref name="fired" ref="0x7fcf8fd83020" scoped=""/>
      </interface-functions>
    </interface><interface loc="41:/opt/tinyos-2.1.2/tos/chips/msp430/timer/Msp430Timer32khzC.nc" name="Msp430Compare" provided="1" ref="0x7fcf8fdae440">
      <component-ref nicename="tos.chips.msp430.timer.Msp430Timer32khzC" qname="Alarm32khz16C.Msp430Timer"/>
      <type-interface alignment="I:2" size="I:2"><interface-ref name="Msp430Compare" ref="0x7fcf8fdae440" scoped=""/></type-interface>
      <instance>
        <interfacedef-ref nicename="tos.chips.msp430.timer.Msp430Compare" qname="Msp430Compare"/>
      </instance>
      <interface-functions>
        <function-ref name="getEvent" ref="0x7fcf8fdae7c0" scoped=""/>
        <function-ref name="setEvent" ref="0x7fcf8fdae950" scoped=""/>
        <function-ref name="setEventFromPrev" ref="0x7fcf8fdaeae0" scoped=""/>
        <function-ref name="setEventFromNow" ref="0x7fcf8fdaec70" scoped=""/>
        <function-ref name="fired" ref="0x7fcf8fdaee00" scoped=""/>
      </interface-functions>
    </interface><interface loc="47:/opt/tinyos-2.1.2/tos/chips/msp430/timer/Msp430AlarmC.nc" name="Msp430Timer" provided="0" ref="0x7fcf8fd87b90">
      <component-ref nicename="tos.chips.msp430.timer.Msp430AlarmC" qname="Alarm32khz16C.Msp430Alarm"/>
      <type-interface alignment="I:2" size="I:2"><interface-ref name="Msp430Timer" ref="0x7fcf8fd87b90" scoped=""/></type-interface>
      <instance>
        <interfacedef-ref nicename="tos.chips.msp430.timer.Msp430Timer" qname="Msp430Timer"/>
      </instance>
      <interface-functions>
        <function-ref name="clear" ref="0x7fcf8fd86020" scoped=""/>
        <function-ref name="setClockSource" ref="0x7fcf8fd861b0" scoped=""/>
        <function-ref name="enableEvents" ref="0x7fcf8fd86340" scoped=""/>
        <function-ref name="get" ref="0x7fcf8fd864d0" scoped=""/>
        <function-ref name="disableEvents" ref="0x7fcf8fd86660" scoped=""/>
        <function-ref name="clearOverflow" ref="0x7fcf8fd867f0" scoped=""/>
        <function-ref name="getMode" ref="0x7fcf8fd86980" scoped=""/>
        <function-ref name="isOverflowPending" ref="0x7fcf8fd86b10" scoped=""/>
        <function-ref name="overflow" ref="0x7fcf8fd86ca0" scoped=""/>
        <function-ref name="setMode" ref="0x7fcf8fd86e30" scoped=""/>
        <function-ref name="setInputDivider" ref="0x7fcf8fd85020" scoped=""/>
      </interface-functions>
    </interface><interface loc="46:/opt/tinyos-2.1.2/tos/chips/msp430/timer/Msp430AlarmC.nc" name="Alarm" provided="1" ref="0x7fcf8fd8ba20">
      <component-ref nicename="tos.chips.msp430.timer.Msp430AlarmC" qname="Alarm32khz16C.Msp430Alarm"/>
      <type-interface alignment="I:2" size="I:2"><interface-ref name="Alarm" ref="0x7fcf8fd8ba20" scoped=""/></type-interface>
      <instance>
        <interfacedef-ref nicename="tos.lib.timer.Alarm" qname="Alarm"/>
        <arguments>
          <type-tag alignment="I:2" size="I:2"><struct-ref ref="0x7fcf9017a6a0"/>
            <typename><typedef-ref name="T32khz" ref="0x7fcf9017aa10"/></typename>
          </type-tag>
          <type-int alignment="I:2" cname="unsigned int" size="I:2" unsigned="">
            <typename><typedef-ref name="uint16_t" ref="0x7fcf9126f520"/></typename>
          </type-int>
        </arguments>
      </instance>
      <interface-functions>
        <function-ref name="getNow" ref="0x7fcf8fd872a0" scoped=""/>
        <function-ref name="fired" ref="0x7fcf8fd892a0" scoped=""/>
        <function-ref name="startAt" ref="0x7fcf8fd89c20" scoped=""/>
        <function-ref name="isRunning" ref="0x7fcf8fd89760" scoped=""/>
        <function-ref name="getAlarm" ref="0x7fcf8fd87760" scoped=""/>
        <function-ref name="start" ref="0x7fcf8fd8a890" scoped=""/>
        <function-ref name="stop" ref="0x7fcf8fd8ada0" scoped=""/>
      </interface-functions>
    </interface><interface loc="39:/opt/tinyos-2.1.2/tos/chips/msp430/timer/Msp430Timer32khzC.nc" name="Msp430Timer" provided="1" ref="0x7fcf8fdb2830">
      <component-ref nicename="tos.chips.msp430.timer.Msp430Timer32khzC" qname="Alarm32khz16C.Msp430Timer"/>
      <type-interface alignment="I:2" size="I:2"><interface-ref name="Msp430Timer" ref="0x7fcf8fdb2830" scoped=""/></type-interface>
      <instance>
        <interfacedef-ref nicename="tos.chips.msp430.timer.Msp430Timer" qname="Msp430Timer"/>
      </instance>
      <interface-functions>
        <function-ref name="clear" ref="0x7fcf8fdb2bb0" scoped=""/>
        <function-ref name="setClockSource" ref="0x7fcf8fdb2d40" scoped=""/>
        <function-ref name="enableEvents" ref="0x7fcf8fdb1020" scoped=""/>
        <function-ref name="get" ref="0x7fcf8fdb11b0" scoped=""/>
        <function-ref name="disableEvents" ref="0x7fcf8fdb1340" scoped=""/>
        <function-ref name="clearOverflow" ref="0x7fcf8fdb14d0" scoped=""/>
        <function-ref name="getMode" ref="0x7fcf8fdb1660" scoped=""/>
        <function-ref name="isOverflowPending" ref="0x7fcf8fdb17f0" scoped=""/>
        <function-ref name="overflow" ref="0x7fcf8fdb1980" scoped=""/>
        <function-ref name="setMode" ref="0x7fcf8fdb1b10" scoped=""/>
        <function-ref name="setInputDivider" ref="0x7fcf8fdb1ca0" scoped=""/>
      </interface-functions>
    </interface><component abstract="" loc="43(Alarm32khz16C.Msp430Alarm):/opt/tinyos-2.1.2/tos/chips/msp430/timer/Msp430AlarmC.nc" nicename="tos.chips.msp430.timer.Msp430AlarmC" qname="Alarm32khz16C.Msp430Alarm">
      <documentation loc="34:/opt/tinyos-2.1.2/tos/chips/msp430/timer/Msp430AlarmC.nc">
        <short>
 Msp430Alarm is a generic component that wraps the MSP430 HPL timers and
 compares into a TinyOS Alarm.</short>
        <long>
 Msp430Alarm is a generic component that wraps the MSP430 HPL timers and
 compares into a TinyOS Alarm.

 @author Cory Sharp &lt;cssharp@eecs.berkeley.edu&gt;
 @see  Please refer to TEP 102 for more information about this component and its
          intended use.
</long>
      </documentation>
      <instance>
        <component-ref nicename="tos.chips.msp430.timer.Msp430AlarmC" qname="Msp430AlarmC"/>
        <arguments>
          <type-tag alignment="I:2" size="I:2"><struct-ref ref="0x7fcf9017a6a0"/>
            <typename><typedef-ref name="T32khz" ref="0x7fcf9017aa10"/></typename>
          </type-tag>
        </arguments>
      </instance>
      <module/>
    </component><component abstract="" loc="37(Alarm32khz16C.Msp430Timer):/opt/tinyos-2.1.2/tos/chips/msp430/timer/Msp430Timer32khzC.nc" nicename="tos.chips.msp430.timer.Msp430Timer32khzC" qname="Alarm32khz16C.Msp430Timer">
      <documentation loc="33:/opt/tinyos-2.1.2/tos/chips/msp430/timer/Msp430Timer32khzC.nc">
        <short>
 </short>
        <long>
 @author Cory Sharp &lt;cssharp@eecs.berkeley.edu&gt;
</long>
      </documentation>
      <instance>
        <component-ref nicename="tos.chips.msp430.timer.Msp430Timer32khzC" qname="Msp430Timer32khzC"/>
      </instance>
      <configuration/>
    </component></referenced></component>