<?xml version="1.0" ?><component loc="43:/opt/tinyos-2.1.2/tos/chips/msp430/timer/HilTimerMilliC.nc" nicename="tos.chips.msp430.timer.HilTimerMilliC" qname="HilTimerMilliC">
      <documentation loc="33:/opt/tinyos-2.1.2/tos/chips/msp430/timer/HilTimerMilliC.nc">
        <short>
 HilTimerMilliC provides a parameterized interface to a virtualized
 millisecond timer.</short>
        <long>
 HilTimerMilliC provides a parameterized interface to a virtualized
 millisecond timer.  TimerMilliC in tos/system/ uses this component to
 allocate new timers.

 @author Cory Sharp &lt;cssharp@eecs.berkeley.edu&gt;
 @see  Please refer to TEP 102 for more information about this component and its
          intended use.
</long>
      </documentation>
      <configuration/>
      <wiring>
        <wire loc="58:/opt/tinyos-2.1.2/tos/chips/msp430/timer/HilTimerMilliC.nc">
          <from><interface-ref name="TimerMilli" ref="0x7fcf8fdf41d0" scoped=""/></from>
          <to><interface-ref name="Timer" ref="0x7fcf8fc7d150" scoped=""/></to>
        </wire>
        <wire loc="59:/opt/tinyos-2.1.2/tos/chips/msp430/timer/HilTimerMilliC.nc">
          <from><interface-ref name="LocalTime" ref="0x7fcf8fdeba80" scoped=""/></from>
          <to><interface-ref name="LocalTime" ref="0x7fcf8fc6e790" scoped=""/></to>
        </wire>
        <wire loc="57:/opt/tinyos-2.1.2/tos/chips/msp430/timer/HilTimerMilliC.nc">
          <from><interface-ref name="Init" ref="0x7fcf8fdf5400" scoped=""/></from>
          <to><interface-ref name="Init" ref="0x7fcf8fcf8020" scoped=""/></to>
        </wire>
        <wire loc="61:/opt/tinyos-2.1.2/tos/chips/msp430/timer/HilTimerMilliC.nc">
          <from><interface-ref name="TimerFrom" ref="0x7fcf8fc77640" scoped=""/></from>
          <to><interface-ref name="Timer" ref="0x7fcf8fccc2f0" scoped=""/></to>
        </wire>
        <wire loc="62:/opt/tinyos-2.1.2/tos/chips/msp430/timer/HilTimerMilliC.nc">
          <from><interface-ref name="Alarm" ref="0x7fcf8fcc7850" scoped=""/></from>
          <to><interface-ref name="Alarm" ref="0x7fcf8fcf8870" scoped=""/></to>
        </wire>
        <wire loc="63:/opt/tinyos-2.1.2/tos/chips/msp430/timer/HilTimerMilliC.nc">
          <from><interface-ref name="Counter" ref="0x7fcf8fc6da60" scoped=""/></from>
          <to><interface-ref name="Counter" ref="0x7fcf8fd728c0" scoped=""/></to>
        </wire>
      </wiring>
    <specification><interface loc="46:/opt/tinyos-2.1.2/tos/chips/msp430/timer/HilTimerMilliC.nc" name="TimerMilli" provided="1" ref="0x7fcf8fdf41d0">
      <component-ref nicename="tos.chips.msp430.timer.HilTimerMilliC" qname="HilTimerMilliC"/>
      <type-interface alignment="I:2" size="I:2"><interface-ref name="TimerMilli" ref="0x7fcf8fdf41d0" scoped=""/></type-interface>
      <instance>
        <interfacedef-ref nicename="tos.lib.timer.Timer" qname="Timer"/>
        <arguments>
          <type-tag alignment="I:2" size="I:2"><struct-ref ref="0x7fcf90355ec0"/>
            <typename><typedef-ref name="TMilli" ref="0x7fcf9017a260"/></typename>
          </type-tag>
        </arguments>
      </instance>
      <interface-parameters>
        <type-int alignment="I:1" cname="unsigned char" size="I:1" unsigned="">
          <typename><typedef-ref name="uint8_t" ref="0x7fcf9126f160"/></typename>
        </type-int>
      </interface-parameters>
      <interface-functions>
        <function-ref name="getNow" ref="0x7fcf8fdf0630" scoped=""/>
        <function-ref name="fired" ref="0x7fcf8fdf2c30" scoped=""/>
        <function-ref name="startPeriodicAt" ref="0x7fcf8fdf19d0" scoped=""/>
        <function-ref name="isOneShot" ref="0x7fcf8fdf1550" scoped=""/>
        <function-ref name="getdt" ref="0x7fcf8fdef020" scoped=""/>
        <function-ref name="gett0" ref="0x7fcf8fdf0ab0" scoped=""/>
        <function-ref name="isRunning" ref="0x7fcf8fdf10d0" scoped=""/>
        <function-ref name="startPeriodic" ref="0x7fcf8fdf4dc0" scoped=""/>
        <function-ref name="startOneShotAt" ref="0x7fcf8fdf0020" scoped=""/>
        <function-ref name="startOneShot" ref="0x7fcf8fdf22e0" scoped=""/>
        <function-ref name="stop" ref="0x7fcf8fdf27b0" scoped=""/>
      </interface-functions>
    </interface><interface loc="47:/opt/tinyos-2.1.2/tos/chips/msp430/timer/HilTimerMilliC.nc" name="LocalTime" provided="1" ref="0x7fcf8fdeba80">
      <component-ref nicename="tos.chips.msp430.timer.HilTimerMilliC" qname="HilTimerMilliC"/>
      <type-interface alignment="I:2" size="I:2"><interface-ref name="LocalTime" ref="0x7fcf8fdeba80" scoped=""/></type-interface>
      <instance>
        <interfacedef-ref nicename="tos.lib.timer.LocalTime" qname="LocalTime"/>
        <arguments>
          <type-tag alignment="I:2" size="I:2"><struct-ref ref="0x7fcf90355ec0"/>
            <typename><typedef-ref name="TMilli" ref="0x7fcf9017a260"/></typename>
          </type-tag>
        </arguments>
      </instance>
      <interface-functions>
        <function-ref name="get" ref="0x7fcf8fded6f0" scoped=""/>
      </interface-functions>
    </interface><interface loc="45:/opt/tinyos-2.1.2/tos/chips/msp430/timer/HilTimerMilliC.nc" name="Init" provided="1" ref="0x7fcf8fdf5400">
      <component-ref nicename="tos.chips.msp430.timer.HilTimerMilliC" qname="HilTimerMilliC"/>
      <type-interface alignment="I:2" size="I:2"><interface-ref name="Init" ref="0x7fcf8fdf5400" scoped=""/></type-interface>
      <instance>
        <interfacedef-ref nicename="tos.interfaces.Init" qname="Init"/>
      </instance>
      <interface-functions>
        <function-ref name="init" ref="0x7fcf8fdf5780" scoped=""/>
      </interface-functions>
    </interface></specification><referenced><interface loc="48:/opt/tinyos-2.1.2/tos/lib/timer/CounterToLocalTimeC.nc" name="LocalTime" provided="1" ref="0x7fcf8fc6e790">
      <component-ref nicename="tos.lib.timer.CounterToLocalTimeC" qname="HilTimerMilliC.CounterToLocalTimeC"/>
      <type-interface alignment="I:2" size="I:2"><interface-ref name="LocalTime" ref="0x7fcf8fc6e790" scoped=""/></type-interface>
      <instance>
        <interfacedef-ref nicename="tos.lib.timer.LocalTime" qname="LocalTime"/>
        <arguments>
          <type-tag alignment="I:2" size="I:2"><struct-ref ref="0x7fcf90355ec0"/>
            <typename><typedef-ref name="TMilli" ref="0x7fcf9017a260"/></typename>
          </type-tag>
        </arguments>
      </instance>
      <interface-functions>
        <function-ref name="get" ref="0x7fcf8fc6d3f0" scoped=""/>
      </interface-functions>
    </interface><interface loc="48:/opt/tinyos-2.1.2/tos/lib/timer/AlarmToTimerC.nc" name="Timer" provided="1" ref="0x7fcf8fccc2f0">
      <component-ref nicename="tos.lib.timer.AlarmToTimerC" qname="HilTimerMilliC.AlarmToTimerC"/>
      <type-interface alignment="I:2" size="I:2"><interface-ref name="Timer" ref="0x7fcf8fccc2f0" scoped=""/></type-interface>
      <instance>
        <interfacedef-ref nicename="tos.lib.timer.Timer" qname="Timer"/>
        <arguments>
          <type-tag alignment="I:2" size="I:2"><struct-ref ref="0x7fcf90355ec0"/>
            <typename><typedef-ref name="TMilli" ref="0x7fcf9017a260"/></typename>
          </type-tag>
        </arguments>
      </instance>
      <interface-functions>
        <function-ref name="getNow" ref="0x7fcf8fcc8870" scoped=""/>
        <function-ref name="fired" ref="0x7fcf8fccae40" scoped=""/>
        <function-ref name="startPeriodicAt" ref="0x7fcf8fcc9c00" scoped=""/>
        <function-ref name="isOneShot" ref="0x7fcf8fcc9780" scoped=""/>
        <function-ref name="getdt" ref="0x7fcf8fcc71e0" scoped=""/>
        <function-ref name="gett0" ref="0x7fcf8fcc8cf0" scoped=""/>
        <function-ref name="isRunning" ref="0x7fcf8fcc9300" scoped=""/>
        <function-ref name="startPeriodic" ref="0x7fcf8fcca020" scoped=""/>
        <function-ref name="startOneShotAt" ref="0x7fcf8fcc8260" scoped=""/>
        <function-ref name="startOneShot" ref="0x7fcf8fcca4f0" scoped=""/>
        <function-ref name="stop" ref="0x7fcf8fcca9c0" scoped=""/>
      </interface-functions>
    </interface><interface loc="44:/opt/tinyos-2.1.2/tos/chips/msp430/timer/AlarmMilli32C.nc" name="Alarm" provided="1" ref="0x7fcf8fcf8870">
      <component-ref nicename="tos.chips.msp430.timer.AlarmMilli32C" qname="HilTimerMilliC.AlarmMilli32C"/>
      <type-interface alignment="I:2" size="I:2"><interface-ref name="Alarm" ref="0x7fcf8fcf8870" scoped=""/></type-interface>
      <instance>
        <interfacedef-ref nicename="tos.lib.timer.Alarm" qname="Alarm"/>
        <arguments>
          <type-tag alignment="I:2" size="I:2"><struct-ref ref="0x7fcf90355ec0"/>
            <typename><typedef-ref name="TMilli" ref="0x7fcf9017a260"/></typename>
          </type-tag>
          <type-int alignment="I:2" cname="unsigned long" size="I:4" unsigned="">
            <typename><typedef-ref name="uint32_t" ref="0x7fcf9126f920"/></typename>
          </type-int>
        </arguments>
      </instance>
      <interface-functions>
        <function-ref name="getNow" ref="0x7fcf8fcf4090" scoped=""/>
        <function-ref name="fired" ref="0x7fcf8fcf6090" scoped=""/>
        <function-ref name="startAt" ref="0x7fcf8fcf6a10" scoped=""/>
        <function-ref name="isRunning" ref="0x7fcf8fcf6550" scoped=""/>
        <function-ref name="getAlarm" ref="0x7fcf8fcf4550" scoped=""/>
        <function-ref name="start" ref="0x7fcf8fcf76a0" scoped=""/>
        <function-ref name="stop" ref="0x7fcf8fcf7bb0" scoped=""/>
      </interface-functions>
    </interface><interface loc="43:/opt/tinyos-2.1.2/tos/chips/msp430/timer/CounterMilli32C.nc" name="Counter" provided="1" ref="0x7fcf8fd728c0">
      <component-ref nicename="tos.chips.msp430.timer.CounterMilli32C" qname="CounterMilli32C"/>
      <type-interface alignment="I:2" size="I:2"><interface-ref name="Counter" ref="0x7fcf8fd728c0" scoped=""/></type-interface>
      <instance>
        <interfacedef-ref nicename="tos.lib.timer.Counter" qname="Counter"/>
        <arguments>
          <type-tag alignment="I:2" size="I:2"><struct-ref ref="0x7fcf90355ec0"/>
            <typename><typedef-ref name="TMilli" ref="0x7fcf9017a260"/></typename>
          </type-tag>
          <type-int alignment="I:2" cname="unsigned long" size="I:4" unsigned="">
            <typename><typedef-ref name="uint32_t" ref="0x7fcf9126f920"/></typename>
          </type-int>
        </arguments>
      </instance>
      <interface-functions>
        <function-ref name="get" ref="0x7fcf8fd75700" scoped=""/>
        <function-ref name="clearOverflow" ref="0x7fcf8fd710d0" scoped=""/>
        <function-ref name="isOverflowPending" ref="0x7fcf8fd75bc0" scoped=""/>
        <function-ref name="overflow" ref="0x7fcf8fd71590" scoped=""/>
      </interface-functions>
    </interface><interface loc="48:/opt/tinyos-2.1.2/tos/lib/timer/VirtualizeTimerC.nc" name="Timer" provided="1" ref="0x7fcf8fc7d150">
      <component-ref nicename="tos.lib.timer.VirtualizeTimerC" qname="HilTimerMilliC.VirtualizeTimerC"/>
      <type-interface alignment="I:2" size="I:2"><interface-ref name="Timer" ref="0x7fcf8fc7d150" scoped=""/></type-interface>
      <instance>
        <interfacedef-ref nicename="tos.lib.timer.Timer" qname="Timer"/>
        <arguments>
          <type-tag alignment="I:2" size="I:2"><struct-ref ref="0x7fcf90355ec0"/>
            <typename><typedef-ref name="TMilli" ref="0x7fcf9017a260"/></typename>
          </type-tag>
        </arguments>
      </instance>
      <interface-parameters>
        <type-int alignment="I:1" cname="unsigned char" size="I:1" unsigned="">
          <typename><typedef-ref name="uint8_t" ref="0x7fcf9126f160"/></typename>
        </type-int>
      </interface-parameters>
      <interface-functions>
        <function-ref name="getNow" ref="0x7fcf8fc78700" scoped=""/>
        <function-ref name="fired" ref="0x7fcf8fc7bc30" scoped=""/>
        <function-ref name="startPeriodicAt" ref="0x7fcf8fc7aa50" scoped=""/>
        <function-ref name="isOneShot" ref="0x7fcf8fc7a5b0" scoped=""/>
        <function-ref name="getdt" ref="0x7fcf8fc77090" scoped=""/>
        <function-ref name="gett0" ref="0x7fcf8fc78ba0" scoped=""/>
        <function-ref name="isRunning" ref="0x7fcf8fc7a110" scoped=""/>
        <function-ref name="startPeriodic" ref="0x7fcf8fc7dd60" scoped=""/>
        <function-ref name="startOneShotAt" ref="0x7fcf8fc780d0" scoped=""/>
        <function-ref name="startOneShot" ref="0x7fcf8fc7b2a0" scoped=""/>
        <function-ref name="stop" ref="0x7fcf8fc7b790" scoped=""/>
      </interface-functions>
    </interface><interface loc="49:/opt/tinyos-2.1.2/tos/lib/timer/AlarmToTimerC.nc" name="Alarm" provided="0" ref="0x7fcf8fcc7850">
      <component-ref nicename="tos.lib.timer.AlarmToTimerC" qname="HilTimerMilliC.AlarmToTimerC"/>
      <type-interface alignment="I:2" size="I:2"><interface-ref name="Alarm" ref="0x7fcf8fcc7850" scoped=""/></type-interface>
      <instance>
        <interfacedef-ref nicename="tos.lib.timer.Alarm" qname="Alarm"/>
        <arguments>
          <type-tag alignment="I:2" size="I:2"><struct-ref ref="0x7fcf90355ec0"/>
            <typename><typedef-ref name="TMilli" ref="0x7fcf9017a260"/></typename>
          </type-tag>
          <type-int alignment="I:2" cname="unsigned long" size="I:4" unsigned="">
            <typename><typedef-ref name="uint32_t" ref="0x7fcf9126f920"/></typename>
          </type-int>
        </arguments>
      </instance>
      <interface-functions>
        <function-ref name="getNow" ref="0x7fcf8fcc3090" scoped=""/>
        <function-ref name="fired" ref="0x7fcf8fcc4090" scoped=""/>
        <function-ref name="startAt" ref="0x7fcf8fcc4a10" scoped=""/>
        <function-ref name="isRunning" ref="0x7fcf8fcc4550" scoped=""/>
        <function-ref name="getAlarm" ref="0x7fcf8fcc3550" scoped=""/>
        <function-ref name="start" ref="0x7fcf8fcc56a0" scoped=""/>
        <function-ref name="stop" ref="0x7fcf8fcc5bb0" scoped=""/>
      </interface-functions>
    </interface><interface loc="43:/opt/tinyos-2.1.2/tos/chips/msp430/timer/AlarmMilli32C.nc" name="Init" provided="1" ref="0x7fcf8fcf8020">
      <component-ref nicename="tos.chips.msp430.timer.AlarmMilli32C" qname="HilTimerMilliC.AlarmMilli32C"/>
      <type-interface alignment="I:2" size="I:2"><interface-ref name="Init" ref="0x7fcf8fcf8020" scoped=""/></type-interface>
      <instance>
        <interfacedef-ref nicename="tos.interfaces.Init" qname="Init"/>
      </instance>
      <interface-functions>
        <function-ref name="init" ref="0x7fcf8fcf83a0" scoped=""/>
      </interface-functions>
    </interface><interface loc="49:/opt/tinyos-2.1.2/tos/lib/timer/CounterToLocalTimeC.nc" name="Counter" provided="0" ref="0x7fcf8fc6da60">
      <component-ref nicename="tos.lib.timer.CounterToLocalTimeC" qname="HilTimerMilliC.CounterToLocalTimeC"/>
      <type-interface alignment="I:2" size="I:2"><interface-ref name="Counter" ref="0x7fcf8fc6da60" scoped=""/></type-interface>
      <instance>
        <interfacedef-ref nicename="tos.lib.timer.Counter" qname="Counter"/>
        <arguments>
          <type-tag alignment="I:2" size="I:2"><struct-ref ref="0x7fcf90355ec0"/>
            <typename><typedef-ref name="TMilli" ref="0x7fcf9017a260"/></typename>
          </type-tag>
          <type-int alignment="I:2" cname="unsigned long" size="I:4" unsigned="">
            <typename><typedef-ref name="uint32_t" ref="0x7fcf9126f920"/></typename>
          </type-int>
        </arguments>
      </instance>
      <interface-functions>
        <function-ref name="get" ref="0x7fcf8fc63890" scoped=""/>
        <function-ref name="clearOverflow" ref="0x7fcf8fc62260" scoped=""/>
        <function-ref name="isOverflowPending" ref="0x7fcf8fc63d50" scoped=""/>
        <function-ref name="overflow" ref="0x7fcf8fc62720" scoped=""/>
      </interface-functions>
    </interface><interface loc="49:/opt/tinyos-2.1.2/tos/lib/timer/VirtualizeTimerC.nc" name="TimerFrom" provided="0" ref="0x7fcf8fc77640">
      <component-ref nicename="tos.lib.timer.VirtualizeTimerC" qname="HilTimerMilliC.VirtualizeTimerC"/>
      <type-interface alignment="I:2" size="I:2"><interface-ref name="TimerFrom" ref="0x7fcf8fc77640" scoped=""/></type-interface>
      <instance>
        <interfacedef-ref nicename="tos.lib.timer.Timer" qname="Timer"/>
        <arguments>
          <type-tag alignment="I:2" size="I:2"><struct-ref ref="0x7fcf90355ec0"/>
            <typename><typedef-ref name="TMilli" ref="0x7fcf9017a260"/></typename>
          </type-tag>
        </arguments>
      </instance>
      <interface-functions>
        <function-ref name="getNow" ref="0x7fcf8fc73c40" scoped=""/>
        <function-ref name="fired" ref="0x7fcf8fc741e0" scoped=""/>
        <function-ref name="startPeriodicAt" ref="0x7fcf8fc73020" scoped=""/>
        <function-ref name="isOneShot" ref="0x7fcf8fc74ae0" scoped=""/>
        <function-ref name="getdt" ref="0x7fcf8fc71590" scoped=""/>
        <function-ref name="gett0" ref="0x7fcf8fc71110" scoped=""/>
        <function-ref name="isRunning" ref="0x7fcf8fc74660" scoped=""/>
        <function-ref name="startPeriodic" ref="0x7fcf8fc75390" scoped=""/>
        <function-ref name="startOneShotAt" ref="0x7fcf8fc73630" scoped=""/>
        <function-ref name="startOneShot" ref="0x7fcf8fc75860" scoped=""/>
        <function-ref name="stop" ref="0x7fcf8fc75d30" scoped=""/>
      </interface-functions>
    </interface><component loc="46(HilTimerMilliC.AlarmToTimerC):/opt/tinyos-2.1.2/tos/lib/timer/AlarmToTimerC.nc" nicename="tos.lib.timer.AlarmToTimerC" qname="HilTimerMilliC.AlarmToTimerC">
      <documentation loc="36:/opt/tinyos-2.1.2/tos/lib/timer/AlarmToTimerC.nc">
        <short>
 AlarmToTimerC converts a 32-bit Alarm to a Timer.</short>
        <long>
 AlarmToTimerC converts a 32-bit Alarm to a Timer.  

 &lt;p&gt;See TEP102 for more details.
 @param precision_tag A type indicating the precision of the Alarm and
 Timer being converted.

 @author Cory Sharp &lt;cssharp@eecs.berkeley.edu&gt;
</long>
      </documentation>
      <instance number="0">
        <component-ref nicename="tos.lib.timer.AlarmToTimerC" qname="AlarmToTimerC"/>
        <arguments>
          <type-tag alignment="I:2" size="I:2"><struct-ref ref="0x7fcf90355ec0"/>
            <typename><typedef-ref name="TMilli" ref="0x7fcf9017a260"/></typename>
          </type-tag>
        </arguments>
      </instance>
      <module/>
    </component><component loc="46(HilTimerMilliC.CounterToLocalTimeC):/opt/tinyos-2.1.2/tos/lib/timer/CounterToLocalTimeC.nc" nicename="tos.lib.timer.CounterToLocalTimeC" qname="HilTimerMilliC.CounterToLocalTimeC">
      <documentation loc="36:/opt/tinyos-2.1.2/tos/lib/timer/CounterToLocalTimeC.nc">
        <short>
 CounterToLocalTimeC converts a 32-bit LocalTime to a Counter.</short>
        <long>
 CounterToLocalTimeC converts a 32-bit LocalTime to a Counter.  

 &lt;p&gt;See TEP102 for more details.
 @param precision_tag A type indicating the precision of the LocalTime and
 Counter being converted.

 @author Cory Sharp &lt;cssharp@eecs.berkeley.edu&gt;
</long>
      </documentation>
      <instance number="0">
        <component-ref nicename="tos.lib.timer.CounterToLocalTimeC" qname="CounterToLocalTimeC"/>
        <arguments>
          <type-tag alignment="I:2" size="I:2"><struct-ref ref="0x7fcf90355ec0"/>
            <typename><typedef-ref name="TMilli" ref="0x7fcf9017a260"/></typename>
          </type-tag>
        </arguments>
      </instance>
      <module/>
    </component><component loc="41:/opt/tinyos-2.1.2/tos/chips/msp430/timer/CounterMilli32C.nc" nicename="tos.chips.msp430.timer.CounterMilli32C" qname="CounterMilli32C">
      <documentation loc="33:/opt/tinyos-2.1.2/tos/chips/msp430/timer/CounterMilli32C.nc">
        <short>
 CounterMilli32C provides at 32-bit counter at 1024 ticks per second.</short>
        <long>
 CounterMilli32C provides at 32-bit counter at 1024 ticks per second.

 @author Cory Sharp &lt;cssharp@eecs.berkeley.edu&gt;
 @see  Please refer to TEP 102 for more information about this component and its
          intended use.
</long>
      </documentation>
      <configuration/>
      <wiring>
        <wire loc="50:/opt/tinyos-2.1.2/tos/chips/msp430/timer/CounterMilli32C.nc">
          <from><interface-ref name="Counter" ref="0x7fcf8fd728c0" scoped=""/></from>
          <to><interface-ref name="Counter" ref="0x7fcf8fd54cf0" scoped=""/></to>
        </wire>
        <wire loc="52:/opt/tinyos-2.1.2/tos/chips/msp430/timer/CounterMilli32C.nc">
          <from><interface-ref name="CounterFrom" ref="0x7fcf8fd360f0" scoped=""/></from>
          <to><interface-ref name="Msp430Counter32khz" ref="0x7fcf8fd708e0" scoped=""/></to>
        </wire>
      </wiring>
    </component><component loc="41(HilTimerMilliC.AlarmMilli32C):/opt/tinyos-2.1.2/tos/chips/msp430/timer/AlarmMilli32C.nc" nicename="tos.chips.msp430.timer.AlarmMilli32C" qname="HilTimerMilliC.AlarmMilli32C">
      <documentation loc="33:/opt/tinyos-2.1.2/tos/chips/msp430/timer/AlarmMilli32C.nc">
        <short>
 AlarmMilliC is the alarm for async millisecond alarms

 </short>
        <long>
 AlarmMilliC is the alarm for async millisecond alarms

 @author Cory Sharp &lt;cssharp@eecs.berkeley.edu&gt;
 @see  Please refer to TEP 102 for more information about this component and its
          intended use.
</long>
      </documentation>
      <instance number="0">
        <component-ref nicename="tos.chips.msp430.timer.AlarmMilli32C" qname="AlarmMilli32C"/>
      </instance>
      <configuration/>
      <wiring>
        <wire loc="53:/opt/tinyos-2.1.2/tos/chips/msp430/timer/AlarmMilli32C.nc">
          <from><interface-ref name="Alarm" ref="0x7fcf8fcf8870" scoped=""/></from>
          <to><interface-ref name="Alarm" ref="0x7fcf8f1e4890" scoped=""/></to>
        </wire>
        <wire loc="52:/opt/tinyos-2.1.2/tos/chips/msp430/timer/AlarmMilli32C.nc">
          <from><interface-ref name="Init" ref="0x7fcf8fcf8020" scoped=""/></from>
          <to><interface-ref name="Init" ref="0x7fcf8f1ebc40" scoped=""/></to>
        </wire>
        <wire loc="55:/opt/tinyos-2.1.2/tos/chips/msp430/timer/AlarmMilli32C.nc">
          <from><interface-ref name="AlarmFrom" ref="0x7fcf8f1dd0a0" scoped=""/></from>
          <to><interface-ref name="Alarm" ref="0x7fcf8f1ea4f0" scoped=""/></to>
        </wire>
        <wire loc="56:/opt/tinyos-2.1.2/tos/chips/msp430/timer/AlarmMilli32C.nc">
          <from><interface-ref name="Counter" ref="0x7fcf8f1e0c00" scoped=""/></from>
          <to><interface-ref name="Counter" ref="0x7fcf8fd728c0" scoped=""/></to>
        </wire>
      </wiring>
    </component><component loc="46(HilTimerMilliC.VirtualizeTimerC):/opt/tinyos-2.1.2/tos/lib/timer/VirtualizeTimerC.nc" nicename="tos.lib.timer.VirtualizeTimerC" qname="HilTimerMilliC.VirtualizeTimerC">
      <documentation loc="34:/opt/tinyos-2.1.2/tos/lib/timer/VirtualizeTimerC.nc">
        <short>
 VirtualizeTimerC uses a single Timer to create up to 255 virtual timers.</short>
        <long>
 VirtualizeTimerC uses a single Timer to create up to 255 virtual timers.

 &lt;p&gt;See TEP102 for more details.

 @param precision_tag A type indicating the precision of the Timer being 
   virtualized.
 @param max_timers Number of virtual timers to create.

 @author Cory Sharp &lt;cssharp@eecs.berkeley.edu&gt;
</long>
      </documentation>
      <instance number="0">
        <component-ref nicename="tos.lib.timer.VirtualizeTimerC" qname="VirtualizeTimerC"/>
        <arguments>
          <type-tag alignment="I:2" size="I:2"><struct-ref ref="0x7fcf90355ec0"/>
            <typename><typedef-ref name="TMilli" ref="0x7fcf9017a260"/></typename>
          </type-tag>
          <value cst="I:1">
            <type-int alignment="I:2" cname="unsigned int" size="I:2" unsigned=""/>
          </value>
        </arguments>
      </instance>
      <module/>
    </component></referenced></component>