<?xml version="1.0" ?><component loc="45:/opt/tinyos-2.1.2/tos/system/LedsC.nc" nicename="tos.system.LedsC" qname="LedsC">
      <documentation loc="34:/opt/tinyos-2.1.2/tos/system/LedsC.nc">
        <short>

 The basic TinyOS LEDs abstraction.</short>
        <long>

 The basic TinyOS LEDs abstraction.

 @author Phil Buonadonna
 @author David Gay
 @author Philip Levis
 @author Joe Polastre
</long>
      </documentation>
      <configuration/>
      <wiring>
        <wire loc="51:/opt/tinyos-2.1.2/tos/system/LedsC.nc">
          <from><interface-ref name="Leds" ref="0x7fcf9017c950" scoped=""/></from>
          <to><interface-ref name="Leds" ref="0x7fcf900f02a0" scoped=""/></to>
        </wire>
        <wire loc="53:/opt/tinyos-2.1.2/tos/system/LedsC.nc">
          <from><interface-ref name="Init" ref="0x7fcf900c8c40" scoped=""/></from>
          <to><interface-ref name="Init" ref="0x7fcf900f3c40" scoped=""/></to>
        </wire>
        <wire loc="54:/opt/tinyos-2.1.2/tos/system/LedsC.nc">
          <from><interface-ref name="Led0" ref="0x7fcf900e8910" scoped=""/></from>
          <to><interface-ref name="Led0" ref="0x7fcf900cb360" scoped=""/></to>
        </wire>
        <wire loc="55:/opt/tinyos-2.1.2/tos/system/LedsC.nc">
          <from><interface-ref name="Led1" ref="0x7fcf900eeb10" scoped=""/></from>
          <to><interface-ref name="Led1" ref="0x7fcf900ca6a0" scoped=""/></to>
        </wire>
        <wire loc="56:/opt/tinyos-2.1.2/tos/system/LedsC.nc">
          <from><interface-ref name="Led2" ref="0x7fcf900ede30" scoped=""/></from>
          <to><interface-ref name="Led2" ref="0x7fcf900c99c0" scoped=""/></to>
        </wire>
      </wiring>
    <specification><interface loc="46:/opt/tinyos-2.1.2/tos/system/LedsC.nc" name="Leds" provided="1" ref="0x7fcf9017c950">
      <component-ref nicename="tos.system.LedsC" qname="LedsC"/>
      <type-interface alignment="I:2" size="I:2"><interface-ref name="Leds" ref="0x7fcf9017c950" scoped=""/></type-interface>
      <instance>
        <interfacedef-ref nicename="tos.interfaces.Leds" qname="Leds"/>
      </instance>
      <interface-functions>
        <function-ref name="led0Off" ref="0x7fcf9017ccd0" scoped=""/>
        <function-ref name="led0Toggle" ref="0x7fcf9017ce60" scoped=""/>
        <function-ref name="led1On" ref="0x7fcf900f4020" scoped=""/>
        <function-ref name="led1Toggle" ref="0x7fcf900f41b0" scoped=""/>
        <function-ref name="led2Toggle" ref="0x7fcf900f4340" scoped=""/>
        <function-ref name="get" ref="0x7fcf900f44d0" scoped=""/>
        <function-ref name="led1Off" ref="0x7fcf900f4660" scoped=""/>
        <function-ref name="led2Off" ref="0x7fcf900f4ca0" scoped=""/>
        <function-ref name="set" ref="0x7fcf900f47f0" scoped=""/>
        <function-ref name="led0On" ref="0x7fcf900f4980" scoped=""/>
        <function-ref name="led2On" ref="0x7fcf900f4b10" scoped=""/>
      </interface-functions>
    </interface></specification><referenced><interface loc="44:/opt/tinyos-2.1.2/tos/platforms/telosa/PlatformLedsC.nc" name="Init" provided="0" ref="0x7fcf900c8c40">
      <component-ref nicename="tos.platforms.telosa.PlatformLedsC" qname="PlatformLedsC"/>
      <type-interface alignment="I:2" size="I:2"><interface-ref name="Init" ref="0x7fcf900c8c40" scoped=""/></type-interface>
      <instance>
        <interfacedef-ref nicename="tos.interfaces.Init" qname="Init"/>
      </instance>
      <interface-functions>
        <function-ref name="init" ref="0x7fcf900c7020" scoped=""/>
      </interface-functions>
    </interface><interface loc="42:/opt/tinyos-2.1.2/tos/platforms/telosa/PlatformLedsC.nc" name="Led1" provided="1" ref="0x7fcf900ca6a0">
      <component-ref nicename="tos.platforms.telosa.PlatformLedsC" qname="PlatformLedsC"/>
      <type-interface alignment="I:2" size="I:2"><interface-ref name="Led1" ref="0x7fcf900ca6a0" scoped=""/></type-interface>
      <instance>
        <interfacedef-ref nicename="tos.interfaces.GeneralIO" qname="GeneralIO"/>
      </instance>
      <interface-functions>
        <function-ref name="makeInput" ref="0x7fcf900caa20" scoped=""/>
        <function-ref name="isInput" ref="0x7fcf900cabb0" scoped=""/>
        <function-ref name="toggle" ref="0x7fcf900cad40" scoped=""/>
        <function-ref name="isOutput" ref="0x7fcf900c9020" scoped=""/>
        <function-ref name="get" ref="0x7fcf900c91b0" scoped=""/>
        <function-ref name="makeOutput" ref="0x7fcf900c9340" scoped=""/>
        <function-ref name="set" ref="0x7fcf900c94d0" scoped=""/>
        <function-ref name="clr" ref="0x7fcf900c9660" scoped=""/>
      </interface-functions>
    </interface><interface loc="41:/opt/tinyos-2.1.2/tos/platforms/telosa/PlatformLedsC.nc" name="Led0" provided="1" ref="0x7fcf900cb360">
      <component-ref nicename="tos.platforms.telosa.PlatformLedsC" qname="PlatformLedsC"/>
      <type-interface alignment="I:2" size="I:2"><interface-ref name="Led0" ref="0x7fcf900cb360" scoped=""/></type-interface>
      <instance>
        <interfacedef-ref nicename="tos.interfaces.GeneralIO" qname="GeneralIO"/>
      </instance>
      <interface-functions>
        <function-ref name="makeInput" ref="0x7fcf900cb6e0" scoped=""/>
        <function-ref name="isInput" ref="0x7fcf900cb870" scoped=""/>
        <function-ref name="toggle" ref="0x7fcf900cba00" scoped=""/>
        <function-ref name="isOutput" ref="0x7fcf900cbb90" scoped=""/>
        <function-ref name="get" ref="0x7fcf900cbd20" scoped=""/>
        <function-ref name="makeOutput" ref="0x7fcf900ca020" scoped=""/>
        <function-ref name="set" ref="0x7fcf900ca1b0" scoped=""/>
        <function-ref name="clr" ref="0x7fcf900ca340" scoped=""/>
      </interface-functions>
    </interface><interface loc="43:/opt/tinyos-2.1.2/tos/platforms/telosa/PlatformLedsC.nc" name="Led2" provided="1" ref="0x7fcf900c99c0">
      <component-ref nicename="tos.platforms.telosa.PlatformLedsC" qname="PlatformLedsC"/>
      <type-interface alignment="I:2" size="I:2"><interface-ref name="Led2" ref="0x7fcf900c99c0" scoped=""/></type-interface>
      <instance>
        <interfacedef-ref nicename="tos.interfaces.GeneralIO" qname="GeneralIO"/>
      </instance>
      <interface-functions>
        <function-ref name="makeInput" ref="0x7fcf900c9d40" scoped=""/>
        <function-ref name="isInput" ref="0x7fcf900c8020" scoped=""/>
        <function-ref name="toggle" ref="0x7fcf900c81b0" scoped=""/>
        <function-ref name="isOutput" ref="0x7fcf900c8340" scoped=""/>
        <function-ref name="get" ref="0x7fcf900c84d0" scoped=""/>
        <function-ref name="makeOutput" ref="0x7fcf900c8660" scoped=""/>
        <function-ref name="set" ref="0x7fcf900c87f0" scoped=""/>
        <function-ref name="clr" ref="0x7fcf900c8980" scoped=""/>
      </interface-functions>
    </interface><interface loc="52:/opt/tinyos-2.1.2/tos/system/LedsP.nc" name="Led2" provided="0" ref="0x7fcf900ede30">
      <component-ref nicename="tos.system.LedsP" qname="LedsP"/>
      <type-interface alignment="I:2" size="I:2"><interface-ref name="Led2" ref="0x7fcf900ede30" scoped=""/></type-interface>
      <instance>
        <interfacedef-ref nicename="tos.interfaces.GeneralIO" qname="GeneralIO"/>
      </instance>
      <interface-functions>
        <function-ref name="makeInput" ref="0x7fcf900e61e0" scoped=""/>
        <function-ref name="isInput" ref="0x7fcf900e6370" scoped=""/>
        <function-ref name="toggle" ref="0x7fcf900e6500" scoped=""/>
        <function-ref name="isOutput" ref="0x7fcf900e6690" scoped=""/>
        <function-ref name="get" ref="0x7fcf900e6820" scoped=""/>
        <function-ref name="makeOutput" ref="0x7fcf900e69b0" scoped=""/>
        <function-ref name="set" ref="0x7fcf900e6b40" scoped=""/>
        <function-ref name="clr" ref="0x7fcf900e6cd0" scoped=""/>
      </interface-functions>
    </interface><interface loc="51:/opt/tinyos-2.1.2/tos/system/LedsP.nc" name="Led1" provided="0" ref="0x7fcf900eeb10">
      <component-ref nicename="tos.system.LedsP" qname="LedsP"/>
      <type-interface alignment="I:2" size="I:2"><interface-ref name="Led1" ref="0x7fcf900eeb10" scoped=""/></type-interface>
      <instance>
        <interfacedef-ref nicename="tos.interfaces.GeneralIO" qname="GeneralIO"/>
      </instance>
      <interface-functions>
        <function-ref name="makeInput" ref="0x7fcf900ed020" scoped=""/>
        <function-ref name="isInput" ref="0x7fcf900ed1b0" scoped=""/>
        <function-ref name="toggle" ref="0x7fcf900ed340" scoped=""/>
        <function-ref name="isOutput" ref="0x7fcf900ed4d0" scoped=""/>
        <function-ref name="get" ref="0x7fcf900ed660" scoped=""/>
        <function-ref name="makeOutput" ref="0x7fcf900ed7f0" scoped=""/>
        <function-ref name="set" ref="0x7fcf900ed980" scoped=""/>
        <function-ref name="clr" ref="0x7fcf900edb10" scoped=""/>
      </interface-functions>
    </interface><interface loc="46:/opt/tinyos-2.1.2/tos/system/LedsP.nc" name="Init" provided="1" ref="0x7fcf900f3c40">
      <component-ref nicename="tos.system.LedsP" qname="LedsP"/>
      <type-interface alignment="I:2" size="I:2"><interface-ref name="Init" ref="0x7fcf900f3c40" scoped=""/></type-interface>
      <instance>
        <interfacedef-ref nicename="tos.interfaces.Init" qname="Init"/>
      </instance>
      <interface-functions>
        <function-ref name="init" ref="0x7fcf900f0020" scoped=""/>
      </interface-functions>
    </interface><interface loc="50:/opt/tinyos-2.1.2/tos/system/LedsP.nc" name="Led0" provided="0" ref="0x7fcf900e8910">
      <component-ref nicename="tos.system.LedsP" qname="LedsP"/>
      <type-interface alignment="I:2" size="I:2"><interface-ref name="Led0" ref="0x7fcf900e8910" scoped=""/></type-interface>
      <instance>
        <interfacedef-ref nicename="tos.interfaces.GeneralIO" qname="GeneralIO"/>
      </instance>
      <interface-functions>
        <function-ref name="makeInput" ref="0x7fcf900e8c90" scoped=""/>
        <function-ref name="isInput" ref="0x7fcf900e8e20" scoped=""/>
        <function-ref name="toggle" ref="0x7fcf900ee020" scoped=""/>
        <function-ref name="isOutput" ref="0x7fcf900ee1b0" scoped=""/>
        <function-ref name="get" ref="0x7fcf900ee340" scoped=""/>
        <function-ref name="makeOutput" ref="0x7fcf900ee4d0" scoped=""/>
        <function-ref name="set" ref="0x7fcf900ee660" scoped=""/>
        <function-ref name="clr" ref="0x7fcf900ee7f0" scoped=""/>
      </interface-functions>
    </interface><interface loc="47:/opt/tinyos-2.1.2/tos/system/LedsP.nc" name="Leds" provided="1" ref="0x7fcf900f02a0">
      <component-ref nicename="tos.system.LedsP" qname="LedsP"/>
      <type-interface alignment="I:2" size="I:2"><interface-ref name="Leds" ref="0x7fcf900f02a0" scoped=""/></type-interface>
      <instance>
        <interfacedef-ref nicename="tos.interfaces.Leds" qname="Leds"/>
      </instance>
      <interface-functions>
        <function-ref name="led0Off" ref="0x7fcf900f0620" scoped=""/>
        <function-ref name="led0Toggle" ref="0x7fcf900f07b0" scoped=""/>
        <function-ref name="led1On" ref="0x7fcf900f0940" scoped=""/>
        <function-ref name="led1Toggle" ref="0x7fcf900f0ad0" scoped=""/>
        <function-ref name="led2Toggle" ref="0x7fcf900f0c60" scoped=""/>
        <function-ref name="get" ref="0x7fcf900f0df0" scoped=""/>
        <function-ref name="led1Off" ref="0x7fcf900ef020" scoped=""/>
        <function-ref name="led2Off" ref="0x7fcf900ef660" scoped=""/>
        <function-ref name="set" ref="0x7fcf900ef1b0" scoped=""/>
        <function-ref name="led0On" ref="0x7fcf900ef340" scoped=""/>
        <function-ref name="led2On" ref="0x7fcf900ef4d0" scoped=""/>
      </interface-functions>
    </interface><component loc="40:/opt/tinyos-2.1.2/tos/platforms/telosa/PlatformLedsC.nc" nicename="tos.platforms.telosa.PlatformLedsC" qname="PlatformLedsC">
      <documentation loc="34:/opt/tinyos-2.1.2/tos/platforms/telosa/PlatformLedsC.nc">
        <short>
 </short>
        <long>
 @author Joe Polastre
 @version $Revision: 1.5 $ $Date: 2010-06-29 22:07:55 $
</long>
      </documentation>
      <configuration/>
      <wiring>
        <wire loc="58:/opt/tinyos-2.1.2/tos/platforms/telosa/PlatformLedsC.nc">
          <from><interface-ref name="Led0" ref="0x7fcf900cb360" scoped=""/></from>
          <to><interface-ref name="GeneralIO" ref="0x7fcf8fe2f020" scoped=""/></to>
        </wire>
        <wire loc="61:/opt/tinyos-2.1.2/tos/platforms/telosa/PlatformLedsC.nc">
          <from><interface-ref name="Led1" ref="0x7fcf900ca6a0" scoped=""/></from>
          <to><interface-ref name="GeneralIO" ref="0x7fcf8fe1bb90" scoped=""/></to>
        </wire>
        <wire loc="64:/opt/tinyos-2.1.2/tos/platforms/telosa/PlatformLedsC.nc">
          <from><interface-ref name="Led2" ref="0x7fcf900c99c0" scoped=""/></from>
          <to><interface-ref name="GeneralIO" ref="0x7fcf8fe16710" scoped=""/></to>
        </wire>
        <wire loc="56:/opt/tinyos-2.1.2/tos/platforms/telosa/PlatformLedsC.nc">
          <from><interface-ref name="LedsInit" ref="0x7fcf9034a520" scoped=""/></from>
          <to><interface-ref name="Init" ref="0x7fcf900c8c40" scoped=""/></to>
        </wire>
        <wire loc="59:/opt/tinyos-2.1.2/tos/platforms/telosa/PlatformLedsC.nc">
          <from><interface-ref name="HplGeneralIO" ref="0x7fcf8fe1e2f0" scoped=""/></from>
          <to><interface-ref name="Port54" ref="0x7fcf90070200" scoped=""/></to>
        </wire>
        <wire loc="62:/opt/tinyos-2.1.2/tos/platforms/telosa/PlatformLedsC.nc">
          <from><interface-ref name="HplGeneralIO" ref="0x7fcf8fe1ade0" scoped=""/></from>
          <to><interface-ref name="Port55" ref="0x7fcf9006e200" scoped=""/></to>
        </wire>
        <wire loc="65:/opt/tinyos-2.1.2/tos/platforms/telosa/PlatformLedsC.nc">
          <from><interface-ref name="HplGeneralIO" ref="0x7fcf8fe15930" scoped=""/></from>
          <to><interface-ref name="Port56" ref="0x7fcf9006c200" scoped=""/></to>
        </wire>
      </wiring>
    </component><component loc="44:/opt/tinyos-2.1.2/tos/system/LedsP.nc" nicename="tos.system.LedsP" qname="LedsP" safe="">
      <documentation loc="35:/opt/tinyos-2.1.2/tos/system/LedsP.nc">
        <short>
 The implementation of the standard 3 LED mote abstraction.</short>
        <long>
 The implementation of the standard 3 LED mote abstraction.

 @author Joe Polastre
 @author Philip Levis

 @date   March 21, 2005
</long>
      </documentation>
      <module/>
    </component></referenced></component>