<?xml version="1.0" ?><component loc="44:/opt/tinyos-2.1.2/tos/system/LedsP.nc" nicename="tos.system.LedsP" qname="LedsP" safe="">
      <documentation loc="35:/opt/tinyos-2.1.2/tos/system/LedsP.nc">
        <short>
 The implementation of the standard 3 LED mote abstraction.</short>
        <long>
 The implementation of the standard 3 LED mote abstraction.

 @author Joe Polastre
 @author Philip Levis

 @date   March 21, 2005
</long>
      </documentation>
      <module/>
    <specification><interface loc="50:/opt/tinyos-2.1.2/tos/system/LedsP.nc" name="Led0" provided="0" ref="0x7fcf900e8910">
      <component-ref nicename="tos.system.LedsP" qname="LedsP"/>
      <type-interface alignment="I:2" size="I:2"><interface-ref name="Led0" ref="0x7fcf900e8910" scoped=""/></type-interface>
      <instance>
        <interfacedef-ref nicename="tos.interfaces.GeneralIO" qname="GeneralIO"/>
      </instance>
      <interface-functions>
        <function-ref name="makeInput" ref="0x7fcf900e8c90" scoped=""/>
        <function-ref name="isInput" ref="0x7fcf900e8e20" scoped=""/>
        <function-ref name="toggle" ref="0x7fcf900ee020" scoped=""/>
        <function-ref name="isOutput" ref="0x7fcf900ee1b0" scoped=""/>
        <function-ref name="get" ref="0x7fcf900ee340" scoped=""/>
        <function-ref name="makeOutput" ref="0x7fcf900ee4d0" scoped=""/>
        <function-ref name="set" ref="0x7fcf900ee660" scoped=""/>
        <function-ref name="clr" ref="0x7fcf900ee7f0" scoped=""/>
      </interface-functions>
    </interface><interface loc="46:/opt/tinyos-2.1.2/tos/system/LedsP.nc" name="Init" provided="1" ref="0x7fcf900f3c40">
      <component-ref nicename="tos.system.LedsP" qname="LedsP"/>
      <type-interface alignment="I:2" size="I:2"><interface-ref name="Init" ref="0x7fcf900f3c40" scoped=""/></type-interface>
      <instance>
        <interfacedef-ref nicename="tos.interfaces.Init" qname="Init"/>
      </instance>
      <interface-functions>
        <function-ref name="init" ref="0x7fcf900f0020" scoped=""/>
      </interface-functions>
    </interface><interface loc="51:/opt/tinyos-2.1.2/tos/system/LedsP.nc" name="Led1" provided="0" ref="0x7fcf900eeb10">
      <component-ref nicename="tos.system.LedsP" qname="LedsP"/>
      <type-interface alignment="I:2" size="I:2"><interface-ref name="Led1" ref="0x7fcf900eeb10" scoped=""/></type-interface>
      <instance>
        <interfacedef-ref nicename="tos.interfaces.GeneralIO" qname="GeneralIO"/>
      </instance>
      <interface-functions>
        <function-ref name="makeInput" ref="0x7fcf900ed020" scoped=""/>
        <function-ref name="isInput" ref="0x7fcf900ed1b0" scoped=""/>
        <function-ref name="toggle" ref="0x7fcf900ed340" scoped=""/>
        <function-ref name="isOutput" ref="0x7fcf900ed4d0" scoped=""/>
        <function-ref name="get" ref="0x7fcf900ed660" scoped=""/>
        <function-ref name="makeOutput" ref="0x7fcf900ed7f0" scoped=""/>
        <function-ref name="set" ref="0x7fcf900ed980" scoped=""/>
        <function-ref name="clr" ref="0x7fcf900edb10" scoped=""/>
      </interface-functions>
    </interface><interface loc="47:/opt/tinyos-2.1.2/tos/system/LedsP.nc" name="Leds" provided="1" ref="0x7fcf900f02a0">
      <component-ref nicename="tos.system.LedsP" qname="LedsP"/>
      <type-interface alignment="I:2" size="I:2"><interface-ref name="Leds" ref="0x7fcf900f02a0" scoped=""/></type-interface>
      <instance>
        <interfacedef-ref nicename="tos.interfaces.Leds" qname="Leds"/>
      </instance>
      <interface-functions>
        <function-ref name="led0Off" ref="0x7fcf900f0620" scoped=""/>
        <function-ref name="led0Toggle" ref="0x7fcf900f07b0" scoped=""/>
        <function-ref name="led1On" ref="0x7fcf900f0940" scoped=""/>
        <function-ref name="led1Toggle" ref="0x7fcf900f0ad0" scoped=""/>
        <function-ref name="led2Toggle" ref="0x7fcf900f0c60" scoped=""/>
        <function-ref name="get" ref="0x7fcf900f0df0" scoped=""/>
        <function-ref name="led1Off" ref="0x7fcf900ef020" scoped=""/>
        <function-ref name="led2Off" ref="0x7fcf900ef660" scoped=""/>
        <function-ref name="set" ref="0x7fcf900ef1b0" scoped=""/>
        <function-ref name="led0On" ref="0x7fcf900ef340" scoped=""/>
        <function-ref name="led2On" ref="0x7fcf900ef4d0" scoped=""/>
      </interface-functions>
    </interface><interface loc="52:/opt/tinyos-2.1.2/tos/system/LedsP.nc" name="Led2" provided="0" ref="0x7fcf900ede30">
      <component-ref nicename="tos.system.LedsP" qname="LedsP"/>
      <type-interface alignment="I:2" size="I:2"><interface-ref name="Led2" ref="0x7fcf900ede30" scoped=""/></type-interface>
      <instance>
        <interfacedef-ref nicename="tos.interfaces.GeneralIO" qname="GeneralIO"/>
      </instance>
      <interface-functions>
        <function-ref name="makeInput" ref="0x7fcf900e61e0" scoped=""/>
        <function-ref name="isInput" ref="0x7fcf900e6370" scoped=""/>
        <function-ref name="toggle" ref="0x7fcf900e6500" scoped=""/>
        <function-ref name="isOutput" ref="0x7fcf900e6690" scoped=""/>
        <function-ref name="get" ref="0x7fcf900e6820" scoped=""/>
        <function-ref name="makeOutput" ref="0x7fcf900e69b0" scoped=""/>
        <function-ref name="set" ref="0x7fcf900e6b40" scoped=""/>
        <function-ref name="clr" ref="0x7fcf900e6cd0" scoped=""/>
      </interface-functions>
    </interface></specification><referenced/></component>