<?xml version="1.0" ?><component loc="37:/opt/tinyos-2.1.2/tos/platforms/telosb/MoteClockC.nc" nicename="tos.platforms.telosb.MoteClockC" qname="MoteClockC">
      <documentation loc="33:/opt/tinyos-2.1.2/tos/platforms/telosb/MoteClockC.nc">
        <short>
 </short>
        <long>
 @author Vlado Handziski &lt;handzisk@tkn.tu-berlind.de&gt;
</long>
      </documentation>
      <configuration/>
      <wiring>
        <wire loc="46:/opt/tinyos-2.1.2/tos/platforms/telosb/MoteClockC.nc">
          <from><interface-ref name="MoteClockInit" ref="0x7fcf9034c3a0" scoped=""/></from>
          <to><interface-ref name="Init" ref="0x7fcf9032a2a0" scoped=""/></to>
        </wire>
      </wiring>
    <specification><interface loc="39:/opt/tinyos-2.1.2/tos/platforms/telosb/MoteClockC.nc" name="MoteClockInit" provided="1" ref="0x7fcf9034c3a0">
      <component-ref nicename="tos.platforms.telosb.MoteClockC" qname="MoteClockC"/>
      <type-interface alignment="I:2" size="I:2"><interface-ref name="MoteClockInit" ref="0x7fcf9034c3a0" scoped=""/></type-interface>
      <instance>
        <interfacedef-ref nicename="tos.interfaces.Init" qname="Init"/>
      </instance>
      <interface-functions>
        <function-ref name="init" ref="0x7fcf9034c720" scoped=""/>
      </interface-functions>
    </interface></specification><referenced><interface loc="39:/opt/tinyos-2.1.2/tos/chips/msp430/timer/Msp430ClockC.nc" name="Init" provided="1" ref="0x7fcf9032a2a0">
      <component-ref nicename="tos.chips.msp430.timer.Msp430ClockC" qname="Msp430ClockC"/>
      <type-interface alignment="I:2" size="I:2"><interface-ref name="Init" ref="0x7fcf9032a2a0" scoped=""/></type-interface>
      <instance>
        <interfacedef-ref nicename="tos.interfaces.Init" qname="Init"/>
      </instance>
      <interface-functions>
        <function-ref name="init" ref="0x7fcf9032a620" scoped=""/>
      </interface-functions>
    </interface><component loc="37:/opt/tinyos-2.1.2/tos/chips/msp430/timer/Msp430ClockC.nc" nicename="tos.chips.msp430.timer.Msp430ClockC" qname="Msp430ClockC">
      <documentation loc="33:/opt/tinyos-2.1.2/tos/chips/msp430/timer/Msp430ClockC.nc">
        <short>
 </short>
        <long>
 @author Cory Sharp &lt;cssharp@eecs.berkeley.edu&gt;
</long>
      </documentation>
      <configuration/>
      <wiring>
        <wire loc="47:/opt/tinyos-2.1.2/tos/chips/msp430/timer/Msp430ClockC.nc">
          <from><interface-ref name="Msp430ClockInit" ref="0x7fcf90323850" scoped=""/></from>
          <to><interface-ref name="Msp430ClockInit" ref="0x7fcf90313a70" scoped=""/></to>
        </wire>
        <wire loc="46:/opt/tinyos-2.1.2/tos/chips/msp430/timer/Msp430ClockC.nc">
          <from><interface-ref name="Init" ref="0x7fcf9032a2a0" scoped=""/></from>
          <to><interface-ref name="Init" ref="0x7fcf903133c0" scoped=""/></to>
        </wire>
        <wire loc="48:/opt/tinyos-2.1.2/tos/chips/msp430/timer/Msp430ClockC.nc">
          <from><interface-ref name="McuPowerOverride" ref="0x7fcf9063e080" scoped=""/></from>
          <to><interface-ref name="McuPowerOverride" ref="0x7fcf90312cc0" scoped=""/></to>
        </wire>
      </wiring>
    </component></referenced></component>