<?xml version="1.0" ?><component abstract="" loc="42:/opt/tinyos-2.1.2/tos/chips/msp430/usart/Msp430Uart1C.nc" nicename="tos.chips.msp430.usart.Msp430Uart1C" qname="Msp430Uart1C">
      <parameters>
      </parameters>
      <configuration/>
      <wiring>
        <wire loc="65:/opt/tinyos-2.1.2/tos/chips/msp430/usart/Msp430Uart1C.nc">
          <from><interface-ref name="ResourceRequested" ref="0x7fcf8f96f940" scoped=""/></from>
          <to><interface-ref name="ResourceRequested" ref="0x7fcf8f7562b0" scoped=""/></to>
        </wire>
        <wire loc="61:/opt/tinyos-2.1.2/tos/chips/msp430/usart/Msp430Uart1C.nc">
          <from><interface-ref name="UartByte" ref="0x7fcf8f971190" scoped=""/></from>
          <to><interface-ref name="UartByte" ref="0x7fcf8f964850" scoped=""/>
          <arguments>
            <value cst="U:">
              <type-int alignment="I:2" cname="int" size="I:2"/>
            </value>
          </arguments>
          </to>
        </wire>
        <wire loc="60:/opt/tinyos-2.1.2/tos/chips/msp430/usart/Msp430Uart1C.nc">
          <from><interface-ref name="UartStream" ref="0x7fcf8f975190" scoped=""/></from>
          <to><interface-ref name="UartStream" ref="0x7fcf8f9661d0" scoped=""/>
          <arguments>
            <value cst="U:">
              <type-int alignment="I:2" cname="int" size="I:2"/>
            </value>
          </arguments>
          </to>
        </wire>
        <wire loc="59:/opt/tinyos-2.1.2/tos/chips/msp430/usart/Msp430Uart1C.nc">
          <from><interface-ref name="Resource" ref="0x7fcf8f9721d0" scoped=""/></from>
          <to><interface-ref name="Resource" ref="0x7fcf8f96d8d0" scoped=""/>
          <arguments>
            <value cst="U:">
              <type-int alignment="I:2" cname="int" size="I:2"/>
            </value>
          </arguments>
          </to>
        </wire>
        <wire loc="62:/opt/tinyos-2.1.2/tos/chips/msp430/usart/Msp430Uart1C.nc">
          <from><interface-ref name="Msp430UartConfigure" ref="0x7fcf8f961a40" scoped=""/>
          <arguments>
            <value cst="U:">
              <type-int alignment="I:2" cname="int" size="I:2"/>
            </value>
          </arguments>
          </from>
          <to><interface-ref name="Msp430UartConfigure" ref="0x7fcf8f96c8b0" scoped=""/></to>
        </wire>
        <wire loc="66:/opt/tinyos-2.1.2/tos/chips/msp430/usart/Msp430Uart1C.nc">
          <from><interface-ref name="ResourceConfigure" ref="0x7fcf8f74f440" scoped=""/></from>
          <to><interface-ref name="ResourceConfigure" ref="0x7fcf8f967450" scoped=""/>
          <arguments>
            <value cst="U:">
              <type-int alignment="I:2" cname="int" size="I:2"/>
            </value>
          </arguments>
          </to>
        </wire>
        <wire loc="67:/opt/tinyos-2.1.2/tos/chips/msp430/usart/Msp430Uart1C.nc">
          <from><interface-ref name="UsartResource" ref="0x7fcf8f962690" scoped=""/>
          <arguments>
            <value cst="U:">
              <type-int alignment="I:2" cname="int" size="I:2"/>
            </value>
          </arguments>
          </from>
          <to><interface-ref name="Resource" ref="0x7fcf8f757500" scoped=""/></to>
        </wire>
        <wire loc="68:/opt/tinyos-2.1.2/tos/chips/msp430/usart/Msp430Uart1C.nc">
          <from><interface-ref name="UsartInterrupts" ref="0x7fcf8f95f020" scoped=""/>
          <arguments>
            <value cst="U:">
              <type-int alignment="I:2" cname="int" size="I:2"/>
            </value>
          </arguments>
          </from>
          <to><interface-ref name="HplMsp430UsartInterrupts" ref="0x7fcf8f750c10" scoped=""/></to>
        </wire>
      </wiring>
    <specification><interface loc="45:/opt/tinyos-2.1.2/tos/chips/msp430/usart/Msp430Uart1C.nc" name="ResourceRequested" provided="1" ref="0x7fcf8f96f940">
      <component-ref nicename="tos.chips.msp430.usart.Msp430Uart1C" qname="Msp430Uart1C"/>
      <type-interface alignment="I:2" size="I:2"><interface-ref name="ResourceRequested" ref="0x7fcf8f96f940" scoped=""/></type-interface>
      <instance>
        <interfacedef-ref nicename="tos.interfaces.ResourceRequested" qname="ResourceRequested"/>
      </instance>
      <interface-functions>
        <function-ref name="requested" ref="0x7fcf8f96fcc0" scoped=""/>
        <function-ref name="immediateRequested" ref="0x7fcf8f96fe50" scoped=""/>
      </interface-functions>
    </interface><interface loc="47:/opt/tinyos-2.1.2/tos/chips/msp430/usart/Msp430Uart1C.nc" name="UartByte" provided="1" ref="0x7fcf8f971190">
      <component-ref nicename="tos.chips.msp430.usart.Msp430Uart1C" qname="Msp430Uart1C"/>
      <type-interface alignment="I:2" size="I:2"><interface-ref name="UartByte" ref="0x7fcf8f971190" scoped=""/></type-interface>
      <instance>
        <interfacedef-ref nicename="tos.interfaces.UartByte" qname="UartByte"/>
      </instance>
      <interface-functions>
        <function-ref name="send" ref="0x7fcf8f971510" scoped=""/>
        <function-ref name="receive" ref="0x7fcf8f9716a0" scoped=""/>
      </interface-functions>
    </interface><interface loc="49:/opt/tinyos-2.1.2/tos/chips/msp430/usart/Msp430Uart1C.nc" name="Msp430UartConfigure" provided="0" ref="0x7fcf8f96c8b0">
      <component-ref nicename="tos.chips.msp430.usart.Msp430Uart1C" qname="Msp430Uart1C"/>
      <type-interface alignment="I:2" size="I:2"><interface-ref name="Msp430UartConfigure" ref="0x7fcf8f96c8b0" scoped=""/></type-interface>
      <instance>
        <interfacedef-ref nicename="tos.chips.msp430.usart.Msp430UartConfigure" qname="Msp430UartConfigure"/>
      </instance>
      <interface-functions>
        <function-ref name="getConfig" ref="0x7fcf8f96cc30" scoped=""/>
      </interface-functions>
    </interface><interface loc="46:/opt/tinyos-2.1.2/tos/chips/msp430/usart/Msp430Uart1C.nc" name="UartStream" provided="1" ref="0x7fcf8f975190">
      <component-ref nicename="tos.chips.msp430.usart.Msp430Uart1C" qname="Msp430Uart1C"/>
      <type-interface alignment="I:2" size="I:2"><interface-ref name="UartStream" ref="0x7fcf8f975190" scoped=""/></type-interface>
      <instance>
        <interfacedef-ref nicename="tos.interfaces.UartStream" qname="UartStream"/>
      </instance>
      <interface-functions>
        <function-ref name="send" ref="0x7fcf8f975510" scoped=""/>
        <function-ref name="receivedByte" ref="0x7fcf8f9756a0" scoped=""/>
        <function-ref name="receive" ref="0x7fcf8f975830" scoped=""/>
        <function-ref name="enableReceiveInterrupt" ref="0x7fcf8f9759c0" scoped=""/>
        <function-ref name="receiveDone" ref="0x7fcf8f975b50" scoped=""/>
        <function-ref name="disableReceiveInterrupt" ref="0x7fcf8f975ce0" scoped=""/>
        <function-ref name="sendDone" ref="0x7fcf8f975e70" scoped=""/>
      </interface-functions>
    </interface><interface loc="44:/opt/tinyos-2.1.2/tos/chips/msp430/usart/Msp430Uart1C.nc" name="Resource" provided="1" ref="0x7fcf8f9721d0">
      <component-ref nicename="tos.chips.msp430.usart.Msp430Uart1C" qname="Msp430Uart1C"/>
      <type-interface alignment="I:2" size="I:2"><interface-ref name="Resource" ref="0x7fcf8f9721d0" scoped=""/></type-interface>
      <instance>
        <interfacedef-ref nicename="tos.interfaces.Resource" qname="Resource"/>
      </instance>
      <interface-functions>
        <function-ref name="release" ref="0x7fcf8f972550" scoped=""/>
        <function-ref name="immediateRequest" ref="0x7fcf8f9726e0" scoped=""/>
        <function-ref name="request" ref="0x7fcf8f972870" scoped=""/>
        <function-ref name="granted" ref="0x7fcf8f972a00" scoped=""/>
        <function-ref name="isOwner" ref="0x7fcf8f972b90" scoped=""/>
      </interface-functions>
    </interface></specification><referenced><interface loc="48:/opt/tinyos-2.1.2/tos/chips/msp430/usart/Msp430Usart1C.nc" name="ResourceConfigure" provided="0" ref="0x7fcf8f74f440">
      <component-ref nicename="tos.chips.msp430.usart.Msp430Usart1C" qname="Msp430Uart1C.UsartC"/>
      <type-interface alignment="I:2" size="I:2"><interface-ref name="ResourceConfigure" ref="0x7fcf8f74f440" scoped=""/></type-interface>
      <instance>
        <interfacedef-ref nicename="tos.interfaces.ResourceConfigure" qname="ResourceConfigure"/>
      </instance>
      <interface-functions>
        <function-ref name="unconfigure" ref="0x7fcf8f74f7c0" scoped=""/>
        <function-ref name="configure" ref="0x7fcf8f74f950" scoped=""/>
      </interface-functions>
    </interface><interface loc="46:/opt/tinyos-2.1.2/tos/chips/msp430/usart/Msp430Usart1C.nc" name="HplMsp430UsartInterrupts" provided="1" ref="0x7fcf8f750c10">
      <component-ref nicename="tos.chips.msp430.usart.Msp430Usart1C" qname="Msp430Uart1C.UsartC"/>
      <type-interface alignment="I:2" size="I:2"><interface-ref name="HplMsp430UsartInterrupts" ref="0x7fcf8f750c10" scoped=""/></type-interface>
      <instance>
        <interfacedef-ref nicename="tos.chips.msp430.usart.HplMsp430UsartInterrupts" qname="HplMsp430UsartInterrupts"/>
      </instance>
      <interface-functions>
        <function-ref name="rxDone" ref="0x7fcf8f74f020" scoped=""/>
        <function-ref name="txDone" ref="0x7fcf8f74f1b0" scoped=""/>
      </interface-functions>
    </interface><interface loc="43:/opt/tinyos-2.1.2/tos/chips/msp430/usart/Msp430Uart1P.nc" name="UartStream" provided="1" ref="0x7fcf8f9661d0">
      <component-ref nicename="tos.chips.msp430.usart.Msp430Uart1P" qname="Msp430Uart1P"/>
      <type-interface alignment="I:2" size="I:2"><interface-ref name="UartStream" ref="0x7fcf8f9661d0" scoped=""/></type-interface>
      <instance>
        <interfacedef-ref nicename="tos.interfaces.UartStream" qname="UartStream"/>
      </instance>
      <interface-parameters>
        <type-int alignment="I:1" cname="unsigned char" size="I:1" unsigned="">
          <typename><typedef-ref name="uint8_t" ref="0x7fcf9126f160"/></typename>
        </type-int>
      </interface-parameters>
      <interface-functions>
        <function-ref name="send" ref="0x7fcf8f966550" scoped=""/>
        <function-ref name="receivedByte" ref="0x7fcf8f9666e0" scoped=""/>
        <function-ref name="receive" ref="0x7fcf8f966870" scoped=""/>
        <function-ref name="enableReceiveInterrupt" ref="0x7fcf8f966a00" scoped=""/>
        <function-ref name="receiveDone" ref="0x7fcf8f966b90" scoped=""/>
        <function-ref name="disableReceiveInterrupt" ref="0x7fcf8f966d20" scoped=""/>
        <function-ref name="sendDone" ref="0x7fcf8f964020" scoped=""/>
      </interface-functions>
    </interface><interface loc="48:/opt/tinyos-2.1.2/tos/chips/msp430/usart/Msp430Uart1P.nc" name="UsartInterrupts" provided="0" ref="0x7fcf8f95f020">
      <component-ref nicename="tos.chips.msp430.usart.Msp430Uart1P" qname="Msp430Uart1P"/>
      <type-interface alignment="I:2" size="I:2"><interface-ref name="UsartInterrupts" ref="0x7fcf8f95f020" scoped=""/></type-interface>
      <instance>
        <interfacedef-ref nicename="tos.chips.msp430.usart.HplMsp430UsartInterrupts" qname="HplMsp430UsartInterrupts"/>
      </instance>
      <interface-parameters>
        <type-int alignment="I:1" cname="unsigned char" size="I:1" unsigned="">
          <typename><typedef-ref name="uint8_t" ref="0x7fcf9126f160"/></typename>
        </type-int>
      </interface-parameters>
      <interface-functions>
        <function-ref name="rxDone" ref="0x7fcf8f95f3a0" scoped=""/>
        <function-ref name="txDone" ref="0x7fcf8f95f530" scoped=""/>
      </interface-functions>
    </interface><interface loc="42:/opt/tinyos-2.1.2/tos/chips/msp430/usart/Msp430Uart1P.nc" name="ResourceConfigure" provided="1" ref="0x7fcf8f967450">
      <component-ref nicename="tos.chips.msp430.usart.Msp430Uart1P" qname="Msp430Uart1P"/>
      <type-interface alignment="I:2" size="I:2"><interface-ref name="ResourceConfigure" ref="0x7fcf8f967450" scoped=""/></type-interface>
      <instance>
        <interfacedef-ref nicename="tos.interfaces.ResourceConfigure" qname="ResourceConfigure"/>
      </instance>
      <interface-parameters>
        <type-int alignment="I:1" cname="unsigned char" size="I:1" unsigned="">
          <typename><typedef-ref name="uint8_t" ref="0x7fcf9126f160"/></typename>
        </type-int>
      </interface-parameters>
      <interface-functions>
        <function-ref name="unconfigure" ref="0x7fcf8f9677d0" scoped=""/>
        <function-ref name="configure" ref="0x7fcf8f967960" scoped=""/>
      </interface-functions>
    </interface><interface loc="43:/opt/tinyos-2.1.2/tos/chips/msp430/usart/Msp430Usart1C.nc" name="ResourceRequested" provided="1" ref="0x7fcf8f7562b0">
      <component-ref nicename="tos.chips.msp430.usart.Msp430Usart1C" qname="Msp430Uart1C.UsartC"/>
      <type-interface alignment="I:2" size="I:2"><interface-ref name="ResourceRequested" ref="0x7fcf8f7562b0" scoped=""/></type-interface>
      <instance>
        <interfacedef-ref nicename="tos.interfaces.ResourceRequested" qname="ResourceRequested"/>
      </instance>
      <interface-functions>
        <function-ref name="requested" ref="0x7fcf8f756630" scoped=""/>
        <function-ref name="immediateRequested" ref="0x7fcf8f7567c0" scoped=""/>
      </interface-functions>
    </interface><interface loc="46:/opt/tinyos-2.1.2/tos/chips/msp430/usart/Msp430Uart1P.nc" name="UsartResource" provided="0" ref="0x7fcf8f962690">
      <component-ref nicename="tos.chips.msp430.usart.Msp430Uart1P" qname="Msp430Uart1P"/>
      <type-interface alignment="I:2" size="I:2"><interface-ref name="UsartResource" ref="0x7fcf8f962690" scoped=""/></type-interface>
      <instance>
        <interfacedef-ref nicename="tos.interfaces.Resource" qname="Resource"/>
      </instance>
      <interface-parameters>
        <type-int alignment="I:1" cname="unsigned char" size="I:1" unsigned="">
          <typename><typedef-ref name="uint8_t" ref="0x7fcf9126f160"/></typename>
        </type-int>
      </interface-parameters>
      <interface-functions>
        <function-ref name="release" ref="0x7fcf8f962a10" scoped=""/>
        <function-ref name="immediateRequest" ref="0x7fcf8f962ba0" scoped=""/>
        <function-ref name="request" ref="0x7fcf8f962d30" scoped=""/>
        <function-ref name="granted" ref="0x7fcf8f961020" scoped=""/>
        <function-ref name="isOwner" ref="0x7fcf8f9611b0" scoped=""/>
      </interface-functions>
    </interface><interface loc="42:/opt/tinyos-2.1.2/tos/chips/msp430/usart/Msp430Usart1C.nc" name="Resource" provided="1" ref="0x7fcf8f757500">
      <component-ref nicename="tos.chips.msp430.usart.Msp430Usart1C" qname="Msp430Uart1C.UsartC"/>
      <type-interface alignment="I:2" size="I:2"><interface-ref name="Resource" ref="0x7fcf8f757500" scoped=""/></type-interface>
      <instance>
        <interfacedef-ref nicename="tos.interfaces.Resource" qname="Resource"/>
      </instance>
      <interface-functions>
        <function-ref name="release" ref="0x7fcf8f757880" scoped=""/>
        <function-ref name="immediateRequest" ref="0x7fcf8f757a10" scoped=""/>
        <function-ref name="request" ref="0x7fcf8f757ba0" scoped=""/>
        <function-ref name="granted" ref="0x7fcf8f757d30" scoped=""/>
        <function-ref name="isOwner" ref="0x7fcf8f756020" scoped=""/>
      </interface-functions>
    </interface><interface loc="41:/opt/tinyos-2.1.2/tos/chips/msp430/usart/Msp430Uart1P.nc" name="Resource" provided="1" ref="0x7fcf8f96d8d0">
      <component-ref nicename="tos.chips.msp430.usart.Msp430Uart1P" qname="Msp430Uart1P"/>
      <type-interface alignment="I:2" size="I:2"><interface-ref name="Resource" ref="0x7fcf8f96d8d0" scoped=""/></type-interface>
      <instance>
        <interfacedef-ref nicename="tos.interfaces.Resource" qname="Resource"/>
      </instance>
      <interface-parameters>
        <type-int alignment="I:1" cname="unsigned char" size="I:1" unsigned="">
          <typename><typedef-ref name="uint8_t" ref="0x7fcf9126f160"/></typename>
        </type-int>
      </interface-parameters>
      <interface-functions>
        <function-ref name="release" ref="0x7fcf8f96dc50" scoped=""/>
        <function-ref name="immediateRequest" ref="0x7fcf8f96dde0" scoped=""/>
        <function-ref name="request" ref="0x7fcf8f969020" scoped=""/>
        <function-ref name="granted" ref="0x7fcf8f9691b0" scoped=""/>
        <function-ref name="isOwner" ref="0x7fcf8f969340" scoped=""/>
      </interface-functions>
    </interface><interface loc="44:/opt/tinyos-2.1.2/tos/chips/msp430/usart/Msp430Uart1P.nc" name="UartByte" provided="1" ref="0x7fcf8f964850">
      <component-ref nicename="tos.chips.msp430.usart.Msp430Uart1P" qname="Msp430Uart1P"/>
      <type-interface alignment="I:2" size="I:2"><interface-ref name="UartByte" ref="0x7fcf8f964850" scoped=""/></type-interface>
      <instance>
        <interfacedef-ref nicename="tos.interfaces.UartByte" qname="UartByte"/>
      </instance>
      <interface-parameters>
        <type-int alignment="I:1" cname="unsigned char" size="I:1" unsigned="">
          <typename><typedef-ref name="uint8_t" ref="0x7fcf9126f160"/></typename>
        </type-int>
      </interface-parameters>
      <interface-functions>
        <function-ref name="send" ref="0x7fcf8f964bd0" scoped=""/>
        <function-ref name="receive" ref="0x7fcf8f964d60" scoped=""/>
      </interface-functions>
    </interface><interface loc="47:/opt/tinyos-2.1.2/tos/chips/msp430/usart/Msp430Uart1P.nc" name="Msp430UartConfigure" provided="0" ref="0x7fcf8f961a40">
      <component-ref nicename="tos.chips.msp430.usart.Msp430Uart1P" qname="Msp430Uart1P"/>
      <type-interface alignment="I:2" size="I:2"><interface-ref name="Msp430UartConfigure" ref="0x7fcf8f961a40" scoped=""/></type-interface>
      <instance>
        <interfacedef-ref nicename="tos.chips.msp430.usart.Msp430UartConfigure" qname="Msp430UartConfigure"/>
      </instance>
      <interface-parameters>
        <type-int alignment="I:1" cname="unsigned char" size="I:1" unsigned="">
          <typename><typedef-ref name="uint8_t" ref="0x7fcf9126f160"/></typename>
        </type-int>
      </interface-parameters>
      <interface-functions>
        <function-ref name="getConfig" ref="0x7fcf8f961dc0" scoped=""/>
      </interface-functions>
    </interface><component abstract="" loc="40(Msp430Uart1C.UsartC):/opt/tinyos-2.1.2/tos/chips/msp430/usart/Msp430Usart1C.nc" nicename="tos.chips.msp430.usart.Msp430Usart1C" qname="Msp430Uart1C.UsartC">
      <documentation loc="32:/opt/tinyos-2.1.2/tos/chips/msp430/usart/Msp430Usart1C.nc">
        <short>
 Provides an interface for USART1 on the MSP430.</short>
        <long>
 Provides an interface for USART1 on the MSP430.

 @author Vlado Handziski &lt;handisk@tkn.tu-berlin.de&gt;
 @author Jonathan Hui &lt;jhui@archedrock.com&gt;
 @version $Revision: 1.5 $ $Date: 2008-05-21 22:11:57 $
</long>
      </documentation>
      <instance>
        <component-ref nicename="tos.chips.msp430.usart.Msp430Usart1C" qname="Msp430Usart1C"/>
      </instance>
      <configuration/>
    </component><component loc="39:/opt/tinyos-2.1.2/tos/chips/msp430/usart/Msp430Uart1P.nc" nicename="tos.chips.msp430.usart.Msp430Uart1P" qname="Msp430Uart1P">
      <documentation loc="32:/opt/tinyos-2.1.2/tos/chips/msp430/usart/Msp430Uart1P.nc">
        <short>
 </short>
        <long>
 @author Jonathan Hui &lt;jhui@archedrock.com&gt;
 @author Vlado Handziski &lt;handzisk@tkn.tu-berlin.de&gt;
 @author Eric B. Decker &lt;cire831@gmail.com&gt;
 @version $Revision: 1.5 $ $Date: 2008-05-21 22:11:57 $
</long>
      </documentation>
      <configuration/>
      <wiring>
        <wire loc="56:/opt/tinyos-2.1.2/tos/chips/msp430/usart/Msp430Uart1P.nc">
          <from><interface-ref name="ResourceConfigure" ref="0x7fcf8f967450" scoped=""/></from>
          <to><interface-ref name="ResourceConfigure" ref="0x7fcf8f8dddc0" scoped=""/></to>
        </wire>
        <wire loc="59:/opt/tinyos-2.1.2/tos/chips/msp430/usart/Msp430Uart1P.nc">
          <from><interface-ref name="UartByte" ref="0x7fcf8f964850" scoped=""/></from>
          <to><interface-ref name="UartByte" ref="0x7fcf8f8db890" scoped=""/></to>
        </wire>
        <wire loc="58:/opt/tinyos-2.1.2/tos/chips/msp430/usart/Msp430Uart1P.nc">
          <from><interface-ref name="UartStream" ref="0x7fcf8f9661d0" scoped=""/></from>
          <to><interface-ref name="UartStream" ref="0x7fcf8f8dc6d0" scoped=""/></to>
        </wire>
        <wire loc="55:/opt/tinyos-2.1.2/tos/chips/msp430/usart/Msp430Uart1P.nc">
          <from><interface-ref name="Resource" ref="0x7fcf8f96d8d0" scoped=""/></from>
          <to><interface-ref name="Resource" ref="0x7fcf8f8dd020" scoped=""/></to>
        </wire>
        <wire loc="57:/opt/tinyos-2.1.2/tos/chips/msp430/usart/Msp430Uart1P.nc">
          <from><interface-ref name="Msp430UartConfigure" ref="0x7fcf8f8d9020" scoped=""/></from>
          <to><interface-ref name="Msp430UartConfigure" ref="0x7fcf8f961a40" scoped=""/></to>
        </wire>
        <wire loc="60:/opt/tinyos-2.1.2/tos/chips/msp430/usart/Msp430Uart1P.nc">
          <from><interface-ref name="UsartResource" ref="0x7fcf8f8da230" scoped=""/></from>
          <to><interface-ref name="UsartResource" ref="0x7fcf8f962690" scoped=""/></to>
        </wire>
        <wire loc="61:/opt/tinyos-2.1.2/tos/chips/msp430/usart/Msp430Uart1P.nc">
          <from><interface-ref name="UsartInterrupts" ref="0x7fcf8f8d4290" scoped=""/></from>
          <to><interface-ref name="UsartInterrupts" ref="0x7fcf8f95f020" scoped=""/></to>
        </wire>
        <wire loc="64:/opt/tinyos-2.1.2/tos/chips/msp430/usart/Msp430Uart1P.nc">
          <from><interface-ref name="Usart" ref="0x7fcf8f8d9690" scoped=""/></from>
          <to><interface-ref name="HplMsp430Usart" ref="0x7fcf8f8c60c0" scoped=""/></to>
        </wire>
        <wire loc="67:/opt/tinyos-2.1.2/tos/chips/msp430/usart/Msp430Uart1P.nc">
          <from><interface-ref name="Counter" ref="0x7fcf8f8d4c90" scoped=""/></from>
          <to><interface-ref name="Counter" ref="0x7fcf8f830110" scoped=""/></to>
        </wire>
        <wire loc="70:/opt/tinyos-2.1.2/tos/chips/msp430/usart/Msp430Uart1P.nc">
          <from><interface-ref name="Leds" ref="0x7fcf8f8d1dd0" scoped=""/></from>
          <to><interface-ref name="Leds" ref="0x7fcf9017c950" scoped=""/></to>
        </wire>
      </wiring>
    </component></referenced></component>