<?xml version="1.0" ?><component loc="41:/opt/tinyos-2.1.2/tos/chips/msp430/timer/Msp430Counter32khzC.nc" nicename="tos.chips.msp430.timer.Msp430Counter32khzC" qname="Msp430Counter32khzC">
      <documentation loc="33:/opt/tinyos-2.1.2/tos/chips/msp430/timer/Msp430Counter32khzC.nc">
        <short>
 Msp430Counter32khC provides the standard 32khz counter for the MSP430.</short>
        <long>
 Msp430Counter32khC provides the standard 32khz counter for the MSP430.

 @author Cory Sharp &lt;cssharp@eecs.berkeley.edu&gt;
 @see  Please refer to TEP 102 for more information about this component and its
          intended use.
</long>
      </documentation>
      <configuration/>
      <wiring>
        <wire loc="50:/opt/tinyos-2.1.2/tos/chips/msp430/timer/Msp430Counter32khzC.nc">
          <from><interface-ref name="Msp430Counter32khz" ref="0x7fcf8fd708e0" scoped=""/></from>
          <to><interface-ref name="Counter" ref="0x7fcf8fd69b80" scoped=""/></to>
        </wire>
        <wire loc="51:/opt/tinyos-2.1.2/tos/chips/msp430/timer/Msp430Counter32khzC.nc">
          <from><interface-ref name="Msp430Timer" ref="0x7fcf8fd5ac50" scoped=""/></from>
          <to><interface-ref name="TimerB" ref="0x7fcf902bfb70" scoped=""/></to>
        </wire>
      </wiring>
    <specification><interface loc="43:/opt/tinyos-2.1.2/tos/chips/msp430/timer/Msp430Counter32khzC.nc" name="Msp430Counter32khz" provided="1" ref="0x7fcf8fd708e0">
      <component-ref nicename="tos.chips.msp430.timer.Msp430Counter32khzC" qname="Msp430Counter32khzC"/>
      <type-interface alignment="I:2" size="I:2"><interface-ref name="Msp430Counter32khz" ref="0x7fcf8fd708e0" scoped=""/></type-interface>
      <instance>
        <interfacedef-ref nicename="tos.lib.timer.Counter" qname="Counter"/>
        <arguments>
          <type-tag alignment="I:2" size="I:2"><struct-ref ref="0x7fcf9017a6a0"/>
            <typename><typedef-ref name="T32khz" ref="0x7fcf9017aa10"/></typename>
          </type-tag>
          <type-int alignment="I:2" cname="unsigned int" size="I:2" unsigned="">
            <typename><typedef-ref name="uint16_t" ref="0x7fcf9126f520"/></typename>
          </type-int>
        </arguments>
      </instance>
      <interface-functions>
        <function-ref name="get" ref="0x7fcf8fd6d780" scoped=""/>
        <function-ref name="clearOverflow" ref="0x7fcf8fd6c150" scoped=""/>
        <function-ref name="isOverflowPending" ref="0x7fcf8fd6dc40" scoped=""/>
        <function-ref name="overflow" ref="0x7fcf8fd6c610" scoped=""/>
      </interface-functions>
    </interface></specification><referenced><interface loc="50:/opt/tinyos-2.1.2/tos/chips/msp430/timer/Msp430TimerC.nc" name="TimerB" provided="1" ref="0x7fcf902bfb70">
      <component-ref nicename="tos.chips.msp430.timer.Msp430TimerC" qname="Msp430TimerC"/>
      <type-interface alignment="I:2" size="I:2"><interface-ref name="TimerB" ref="0x7fcf902bfb70" scoped=""/></type-interface>
      <instance>
        <interfacedef-ref nicename="tos.chips.msp430.timer.Msp430Timer" qname="Msp430Timer"/>
      </instance>
      <interface-functions>
        <function-ref name="clear" ref="0x7fcf902be020" scoped=""/>
        <function-ref name="setClockSource" ref="0x7fcf902be1b0" scoped=""/>
        <function-ref name="enableEvents" ref="0x7fcf902be340" scoped=""/>
        <function-ref name="get" ref="0x7fcf902be4d0" scoped=""/>
        <function-ref name="disableEvents" ref="0x7fcf902be660" scoped=""/>
        <function-ref name="clearOverflow" ref="0x7fcf902be7f0" scoped=""/>
        <function-ref name="getMode" ref="0x7fcf902be980" scoped=""/>
        <function-ref name="isOverflowPending" ref="0x7fcf902beb10" scoped=""/>
        <function-ref name="overflow" ref="0x7fcf902beca0" scoped=""/>
        <function-ref name="setMode" ref="0x7fcf902bee30" scoped=""/>
        <function-ref name="setInputDivider" ref="0x7fcf902bd020" scoped=""/>
      </interface-functions>
    </interface><interface loc="44:/opt/tinyos-2.1.2/tos/chips/msp430/timer/Msp430CounterC.nc" name="Counter" provided="1" ref="0x7fcf8fd69b80">
      <component-ref nicename="tos.chips.msp430.timer.Msp430CounterC" qname="Msp430Counter32khzC.Counter"/>
      <type-interface alignment="I:2" size="I:2"><interface-ref name="Counter" ref="0x7fcf8fd69b80" scoped=""/></type-interface>
      <instance>
        <interfacedef-ref nicename="tos.lib.timer.Counter" qname="Counter"/>
        <arguments>
          <type-tag alignment="I:2" size="I:2"><struct-ref ref="0x7fcf9017a6a0"/>
            <typename><typedef-ref name="T32khz" ref="0x7fcf9017aa10"/></typename>
          </type-tag>
          <type-int alignment="I:2" cname="unsigned int" size="I:2" unsigned="">
            <typename><typedef-ref name="uint16_t" ref="0x7fcf9126f520"/></typename>
          </type-int>
        </arguments>
      </instance>
      <interface-functions>
        <function-ref name="get" ref="0x7fcf8fd679b0" scoped=""/>
        <function-ref name="clearOverflow" ref="0x7fcf8fd5a360" scoped=""/>
        <function-ref name="isOverflowPending" ref="0x7fcf8fd67e70" scoped=""/>
        <function-ref name="overflow" ref="0x7fcf8fd5a820" scoped=""/>
      </interface-functions>
    </interface><interface loc="45:/opt/tinyos-2.1.2/tos/chips/msp430/timer/Msp430CounterC.nc" name="Msp430Timer" provided="0" ref="0x7fcf8fd5ac50">
      <component-ref nicename="tos.chips.msp430.timer.Msp430CounterC" qname="Msp430Counter32khzC.Counter"/>
      <type-interface alignment="I:2" size="I:2"><interface-ref name="Msp430Timer" ref="0x7fcf8fd5ac50" scoped=""/></type-interface>
      <instance>
        <interfacedef-ref nicename="tos.chips.msp430.timer.Msp430Timer" qname="Msp430Timer"/>
      </instance>
      <interface-functions>
        <function-ref name="clear" ref="0x7fcf8fd58020" scoped=""/>
        <function-ref name="setClockSource" ref="0x7fcf8fd581b0" scoped=""/>
        <function-ref name="enableEvents" ref="0x7fcf8fd58340" scoped=""/>
        <function-ref name="get" ref="0x7fcf8fd584d0" scoped=""/>
        <function-ref name="disableEvents" ref="0x7fcf8fd58660" scoped=""/>
        <function-ref name="clearOverflow" ref="0x7fcf8fd587f0" scoped=""/>
        <function-ref name="getMode" ref="0x7fcf8fd58980" scoped=""/>
        <function-ref name="isOverflowPending" ref="0x7fcf8fd58b10" scoped=""/>
        <function-ref name="overflow" ref="0x7fcf8fd58ca0" scoped=""/>
        <function-ref name="setMode" ref="0x7fcf8fd58e30" scoped=""/>
        <function-ref name="setInputDivider" ref="0x7fcf8fd57020" scoped=""/>
      </interface-functions>
    </interface><component loc="42(Msp430Counter32khzC.Counter):/opt/tinyos-2.1.2/tos/chips/msp430/timer/Msp430CounterC.nc" nicename="tos.chips.msp430.timer.Msp430CounterC" qname="Msp430Counter32khzC.Counter">
      <documentation loc="33:/opt/tinyos-2.1.2/tos/chips/msp430/timer/Msp430CounterC.nc">
        <short>
 Msp430Counter is a generic component that wraps the MSP430 HPL timers into a
 TinyOS Counter.</short>
        <long>
 Msp430Counter is a generic component that wraps the MSP430 HPL timers into a
 TinyOS Counter.

 @author Cory Sharp &lt;cssharp@eecs.berkeley.edu&gt;
 @see  Please refer to TEP 102 for more information about this component and its
          intended use.
</long>
      </documentation>
      <instance number="0">
        <component-ref nicename="tos.chips.msp430.timer.Msp430CounterC" qname="Msp430CounterC"/>
        <arguments>
          <type-tag alignment="I:2" size="I:2"><struct-ref ref="0x7fcf9017a6a0"/>
            <typename><typedef-ref name="T32khz" ref="0x7fcf9017aa10"/></typename>
          </type-tag>
        </arguments>
      </instance>
      <module/>
    </component><component loc="37:/opt/tinyos-2.1.2/tos/chips/msp430/timer/Msp430TimerC.nc" nicename="tos.chips.msp430.timer.Msp430TimerC" qname="Msp430TimerC">
      <documentation loc="33:/opt/tinyos-2.1.2/tos/chips/msp430/timer/Msp430TimerC.nc">
        <short>
 </short>
        <long>
 @author Cory Sharp &lt;cssharp@eecs.berkeley.edu&gt;
</long>
      </documentation>
      <configuration/>
      <wiring>
        <wire loc="113:/opt/tinyos-2.1.2/tos/chips/msp430/timer/Msp430TimerC.nc">
          <from><interface-ref name="ControlA2" ref="0x7fcf902cfa50" scoped=""/></from>
          <to><interface-ref name="Control" ref="0x7fcf9020c6d0" scoped=""/></to>
        </wire>
        <wire loc="126:/opt/tinyos-2.1.2/tos/chips/msp430/timer/Msp430TimerC.nc">
          <from><interface-ref name="ControlB0" ref="0x7fcf902bd410" scoped=""/></from>
          <to><interface-ref name="Control" ref="0x7fcf90205b30" scoped=""/></to>
        </wire>
        <wire loc="108:/opt/tinyos-2.1.2/tos/chips/msp430/timer/Msp430TimerC.nc">
          <from><interface-ref name="CaptureA1" ref="0x7fcf902c6bb0" scoped=""/></from>
          <to><interface-ref name="Capture" ref="0x7fcf90212160" scoped=""/></to>
        </wire>
        <wire loc="149:/opt/tinyos-2.1.2/tos/chips/msp430/timer/Msp430TimerC.nc">
          <from><interface-ref name="CaptureB3" ref="0x7fcf902a9020" scoped=""/></from>
          <to><interface-ref name="Capture" ref="0x7fcf901ebcb0" scoped=""/></to>
        </wire>
        <wire loc="107:/opt/tinyos-2.1.2/tos/chips/msp430/timer/Msp430TimerC.nc">
          <from><interface-ref name="CompareA1" ref="0x7fcf902cb020" scoped=""/></from>
          <to><interface-ref name="Compare" ref="0x7fcf90213480" scoped=""/></to>
        </wire>
        <wire loc="148:/opt/tinyos-2.1.2/tos/chips/msp430/timer/Msp430TimerC.nc">
          <from><interface-ref name="CompareB3" ref="0x7fcf902b0570" scoped=""/></from>
          <to><interface-ref name="Compare" ref="0x7fcf901eb020" scoped=""/></to>
        </wire>
        <wire loc="170:/opt/tinyos-2.1.2/tos/chips/msp430/timer/Msp430TimerC.nc">
          <from><interface-ref name="CaptureB6" ref="0x7fcf902a6020" scoped=""/></from>
          <to><interface-ref name="Capture" ref="0x7fcf901d4cb0" scoped=""/></to>
        </wire>
        <wire loc="154:/opt/tinyos-2.1.2/tos/chips/msp430/timer/Msp430TimerC.nc">
          <from><interface-ref name="ControlB4" ref="0x7fcf902b7a50" scoped=""/></from>
          <to><interface-ref name="Control" ref="0x7fcf901e5220" scoped=""/></to>
        </wire>
        <wire loc="99:/opt/tinyos-2.1.2/tos/chips/msp430/timer/Msp430TimerC.nc">
          <from><interface-ref name="ControlA0" ref="0x7fcf902d6020" scoped=""/></from>
          <to><interface-ref name="Control" ref="0x7fcf902629d0" scoped=""/></to>
        </wire>
        <wire loc="135:/opt/tinyos-2.1.2/tos/chips/msp430/timer/Msp430TimerC.nc">
          <from><interface-ref name="CaptureB1" ref="0x7fcf902ab020" scoped=""/></from>
          <to><interface-ref name="Capture" ref="0x7fcf901fa2f0" scoped=""/></to>
        </wire>
        <wire loc="134:/opt/tinyos-2.1.2/tos/chips/msp430/timer/Msp430TimerC.nc">
          <from><interface-ref name="CompareB1" ref="0x7fcf902b2890" scoped=""/></from>
          <to><interface-ref name="Compare" ref="0x7fcf901fb610" scoped=""/></to>
        </wire>
        <wire loc="133:/opt/tinyos-2.1.2/tos/chips/msp430/timer/Msp430TimerC.nc">
          <from><interface-ref name="ControlB1" ref="0x7fcf902bc8c0" scoped=""/></from>
          <to><interface-ref name="Control" ref="0x7fcf901fc220" scoped=""/></to>
        </wire>
        <wire loc="115:/opt/tinyos-2.1.2/tos/chips/msp430/timer/Msp430TimerC.nc">
          <from><interface-ref name="CaptureA2" ref="0x7fcf902c5bb0" scoped=""/></from>
          <to><interface-ref name="Capture" ref="0x7fcf9020a7a0" scoped=""/></to>
        </wire>
        <wire loc="156:/opt/tinyos-2.1.2/tos/chips/msp430/timer/Msp430TimerC.nc">
          <from><interface-ref name="CaptureB4" ref="0x7fcf902a8020" scoped=""/></from>
          <to><interface-ref name="Capture" ref="0x7fcf901e32f0" scoped=""/></to>
        </wire>
        <wire loc="140:/opt/tinyos-2.1.2/tos/chips/msp430/timer/Msp430TimerC.nc">
          <from><interface-ref name="ControlB2" ref="0x7fcf902ba020" scoped=""/></from>
          <to><interface-ref name="Control" ref="0x7fcf901f56d0" scoped=""/></to>
        </wire>
        <wire loc="114:/opt/tinyos-2.1.2/tos/chips/msp430/timer/Msp430TimerC.nc">
          <from><interface-ref name="CompareA2" ref="0x7fcf902cbda0" scoped=""/></from>
          <to><interface-ref name="Compare" ref="0x7fcf9020bac0" scoped=""/></to>
        </wire>
        <wire loc="93:/opt/tinyos-2.1.2/tos/chips/msp430/timer/Msp430TimerC.nc">
          <from><interface-ref name="TimerA" ref="0x7fcf902d77b0" scoped=""/></from>
          <to><interface-ref name="Timer" ref="0x7fcf90270540" scoped=""/></to>
        </wire>
        <wire loc="155:/opt/tinyos-2.1.2/tos/chips/msp430/timer/Msp430TimerC.nc">
          <from><interface-ref name="CompareB4" ref="0x7fcf902af3e0" scoped=""/></from>
          <to><interface-ref name="Compare" ref="0x7fcf901e4610" scoped=""/></to>
        </wire>
        <wire loc="106:/opt/tinyos-2.1.2/tos/chips/msp430/timer/Msp430TimerC.nc">
          <from><interface-ref name="ControlA1" ref="0x7fcf902d55a0" scoped=""/></from>
          <to><interface-ref name="Control" ref="0x7fcf90214020" scoped=""/></to>
        </wire>
        <wire loc="161:/opt/tinyos-2.1.2/tos/chips/msp430/timer/Msp430TimerC.nc">
          <from><interface-ref name="ControlB5" ref="0x7fcf902b5020" scoped=""/></from>
          <to><interface-ref name="Control" ref="0x7fcf901dd6d0" scoped=""/></to>
        </wire>
        <wire loc="101:/opt/tinyos-2.1.2/tos/chips/msp430/timer/Msp430TimerC.nc">
          <from><interface-ref name="CaptureA0" ref="0x7fcf902c0b60" scoped=""/></from>
          <to><interface-ref name="Capture" ref="0x7fcf9021aa90" scoped=""/></to>
        </wire>
        <wire loc="142:/opt/tinyos-2.1.2/tos/chips/msp430/timer/Msp430TimerC.nc">
          <from><interface-ref name="CaptureB2" ref="0x7fcf902aa020" scoped=""/></from>
          <to><interface-ref name="Capture" ref="0x7fcf901f37a0" scoped=""/></to>
        </wire>
        <wire loc="100:/opt/tinyos-2.1.2/tos/chips/msp430/timer/Msp430TimerC.nc">
          <from><interface-ref name="CompareA0" ref="0x7fcf902cc140" scoped=""/></from>
          <to><interface-ref name="Compare" ref="0x7fcf9021bde0" scoped=""/></to>
        </wire>
        <wire loc="141:/opt/tinyos-2.1.2/tos/chips/msp430/timer/Msp430TimerC.nc">
          <from><interface-ref name="CompareB2" ref="0x7fcf902b1700" scoped=""/></from>
          <to><interface-ref name="Compare" ref="0x7fcf901f4ac0" scoped=""/></to>
        </wire>
        <wire loc="163:/opt/tinyos-2.1.2/tos/chips/msp430/timer/Msp430TimerC.nc">
          <from><interface-ref name="CaptureB5" ref="0x7fcf902a7020" scoped=""/></from>
          <to><interface-ref name="Capture" ref="0x7fcf901db7a0" scoped=""/></to>
        </wire>
        <wire loc="147:/opt/tinyos-2.1.2/tos/chips/msp430/timer/Msp430TimerC.nc">
          <from><interface-ref name="ControlB3" ref="0x7fcf902b95a0" scoped=""/></from>
          <to><interface-ref name="Control" ref="0x7fcf901edb30" scoped=""/></to>
        </wire>
        <wire loc="120:/opt/tinyos-2.1.2/tos/chips/msp430/timer/Msp430TimerC.nc">
          <from><interface-ref name="TimerB" ref="0x7fcf902bfb70" scoped=""/></from>
          <to><interface-ref name="Timer" ref="0x7fcf902683e0" scoped=""/></to>
        </wire>
        <wire loc="162:/opt/tinyos-2.1.2/tos/chips/msp430/timer/Msp430TimerC.nc">
          <from><interface-ref name="CompareB5" ref="0x7fcf902ae1f0" scoped=""/></from>
          <to><interface-ref name="Compare" ref="0x7fcf901dcac0" scoped=""/></to>
        </wire>
        <wire loc="128:/opt/tinyos-2.1.2/tos/chips/msp430/timer/Msp430TimerC.nc">
          <from><interface-ref name="CaptureB0" ref="0x7fcf902ac020" scoped=""/></from>
          <to><interface-ref name="Capture" ref="0x7fcf90203cb0" scoped=""/></to>
        </wire>
        <wire loc="169:/opt/tinyos-2.1.2/tos/chips/msp430/timer/Msp430TimerC.nc">
          <from><interface-ref name="CompareB6" ref="0x7fcf902ad020" scoped=""/></from>
          <to><interface-ref name="Compare" ref="0x7fcf901d4020" scoped=""/></to>
        </wire>
        <wire loc="127:/opt/tinyos-2.1.2/tos/chips/msp430/timer/Msp430TimerC.nc">
          <from><interface-ref name="CompareB0" ref="0x7fcf902b3a20" scoped=""/></from>
          <to><interface-ref name="Compare" ref="0x7fcf90203020" scoped=""/></to>
        </wire>
        <wire loc="168:/opt/tinyos-2.1.2/tos/chips/msp430/timer/Msp430TimerC.nc">
          <from><interface-ref name="ControlB6" ref="0x7fcf902b45a0" scoped=""/></from>
          <to><interface-ref name="Control" ref="0x7fcf901d6b30" scoped=""/></to>
        </wire>
        <wire loc="94:/opt/tinyos-2.1.2/tos/chips/msp430/timer/Msp430TimerC.nc">
          <from><interface-ref name="Overflow" ref="0x7fcf9026e450" scoped=""/></from>
          <to><interface-ref name="Event" ref="0x7fcf9026fd80" scoped=""/>
          <arguments>
            <value cst="I:5">
              <type-int alignment="I:2" cname="int" size="I:2"/>
            </value>
          </arguments>
          </to>
        </wire>
        <wire loc="95:/opt/tinyos-2.1.2/tos/chips/msp430/timer/Msp430TimerC.nc">
          <from><interface-ref name="VectorTimerX0" ref="0x7fcf9026eaa0" scoped=""/></from>
          <to><interface-ref name="VectorTimerA0" ref="0x7fcf901cfa90" scoped=""/></to>
        </wire>
        <wire loc="96:/opt/tinyos-2.1.2/tos/chips/msp430/timer/Msp430TimerC.nc">
          <from><interface-ref name="VectorTimerX1" ref="0x7fcf9026d120" scoped=""/></from>
          <to><interface-ref name="VectorTimerA1" ref="0x7fcf901cb260" scoped=""/></to>
        </wire>
        <wire loc="102:/opt/tinyos-2.1.2/tos/chips/msp430/timer/Msp430TimerC.nc">
          <from><interface-ref name="Timer" ref="0x7fcf90219930" scoped=""/></from>
          <to><interface-ref name="Timer" ref="0x7fcf90270540" scoped=""/></to>
        </wire>
        <wire loc="103:/opt/tinyos-2.1.2/tos/chips/msp430/timer/Msp430TimerC.nc">
          <from><interface-ref name="Event" ref="0x7fcf90217020" scoped=""/></from>
          <to><interface-ref name="Event" ref="0x7fcf9026fd80" scoped=""/>
          <arguments>
            <value cst="I:0">
              <type-int alignment="I:2" cname="int" size="I:2"/>
            </value>
          </arguments>
          </to>
        </wire>
        <wire loc="109:/opt/tinyos-2.1.2/tos/chips/msp430/timer/Msp430TimerC.nc">
          <from><interface-ref name="Timer" ref="0x7fcf90211020" scoped=""/></from>
          <to><interface-ref name="Timer" ref="0x7fcf90270540" scoped=""/></to>
        </wire>
        <wire loc="110:/opt/tinyos-2.1.2/tos/chips/msp430/timer/Msp430TimerC.nc">
          <from><interface-ref name="Event" ref="0x7fcf9020f7a0" scoped=""/></from>
          <to><interface-ref name="Event" ref="0x7fcf9026fd80" scoped=""/>
          <arguments>
            <value cst="I:1">
              <type-int alignment="I:2" cname="int" size="I:2"/>
            </value>
          </arguments>
          </to>
        </wire>
        <wire loc="116:/opt/tinyos-2.1.2/tos/chips/msp430/timer/Msp430TimerC.nc">
          <from><interface-ref name="Timer" ref="0x7fcf90209610" scoped=""/></from>
          <to><interface-ref name="Timer" ref="0x7fcf90270540" scoped=""/></to>
        </wire>
        <wire loc="117:/opt/tinyos-2.1.2/tos/chips/msp430/timer/Msp430TimerC.nc">
          <from><interface-ref name="Event" ref="0x7fcf90208c50" scoped=""/></from>
          <to><interface-ref name="Event" ref="0x7fcf9026fd80" scoped=""/>
          <arguments>
            <value cst="I:2">
              <type-int alignment="I:2" cname="int" size="I:2"/>
            </value>
          </arguments>
          </to>
        </wire>
        <wire loc="121:/opt/tinyos-2.1.2/tos/chips/msp430/timer/Msp430TimerC.nc">
          <from><interface-ref name="Overflow" ref="0x7fcf902662f0" scoped=""/></from>
          <to><interface-ref name="Event" ref="0x7fcf90267bf0" scoped=""/>
          <arguments>
            <value cst="I:7">
              <type-int alignment="I:2" cname="int" size="I:2"/>
            </value>
          </arguments>
          </to>
        </wire>
        <wire loc="122:/opt/tinyos-2.1.2/tos/chips/msp430/timer/Msp430TimerC.nc">
          <from><interface-ref name="VectorTimerX0" ref="0x7fcf90266940" scoped=""/></from>
          <to><interface-ref name="VectorTimerB0" ref="0x7fcf901cb9f0" scoped=""/></to>
        </wire>
        <wire loc="123:/opt/tinyos-2.1.2/tos/chips/msp430/timer/Msp430TimerC.nc">
          <from><interface-ref name="VectorTimerX1" ref="0x7fcf90265020" scoped=""/></from>
          <to><interface-ref name="VectorTimerB1" ref="0x7fcf901ca240" scoped=""/></to>
        </wire>
        <wire loc="129:/opt/tinyos-2.1.2/tos/chips/msp430/timer/Msp430TimerC.nc">
          <from><interface-ref name="Timer" ref="0x7fcf90202b40" scoped=""/></from>
          <to><interface-ref name="Timer" ref="0x7fcf902683e0" scoped=""/></to>
        </wire>
        <wire loc="130:/opt/tinyos-2.1.2/tos/chips/msp430/timer/Msp430TimerC.nc">
          <from><interface-ref name="Event" ref="0x7fcf902002f0" scoped=""/></from>
          <to><interface-ref name="Event" ref="0x7fcf90267bf0" scoped=""/>
          <arguments>
            <value cst="I:0">
              <type-int alignment="I:2" cname="int" size="I:2"/>
            </value>
          </arguments>
          </to>
        </wire>
        <wire loc="136:/opt/tinyos-2.1.2/tos/chips/msp430/timer/Msp430TimerC.nc">
          <from><interface-ref name="Timer" ref="0x7fcf901f9160" scoped=""/></from>
          <to><interface-ref name="Timer" ref="0x7fcf902683e0" scoped=""/></to>
        </wire>
        <wire loc="137:/opt/tinyos-2.1.2/tos/chips/msp430/timer/Msp430TimerC.nc">
          <from><interface-ref name="Event" ref="0x7fcf901f87a0" scoped=""/></from>
          <to><interface-ref name="Event" ref="0x7fcf90267bf0" scoped=""/>
          <arguments>
            <value cst="I:1">
              <type-int alignment="I:2" cname="int" size="I:2"/>
            </value>
          </arguments>
          </to>
        </wire>
        <wire loc="143:/opt/tinyos-2.1.2/tos/chips/msp430/timer/Msp430TimerC.nc">
          <from><interface-ref name="Timer" ref="0x7fcf901f2610" scoped=""/></from>
          <to><interface-ref name="Timer" ref="0x7fcf902683e0" scoped=""/></to>
        </wire>
        <wire loc="144:/opt/tinyos-2.1.2/tos/chips/msp430/timer/Msp430TimerC.nc">
          <from><interface-ref name="Event" ref="0x7fcf901f1c50" scoped=""/></from>
          <to><interface-ref name="Event" ref="0x7fcf90267bf0" scoped=""/>
          <arguments>
            <value cst="I:2">
              <type-int alignment="I:2" cname="int" size="I:2"/>
            </value>
          </arguments>
          </to>
        </wire>
        <wire loc="150:/opt/tinyos-2.1.2/tos/chips/msp430/timer/Msp430TimerC.nc">
          <from><interface-ref name="Timer" ref="0x7fcf901eab40" scoped=""/></from>
          <to><interface-ref name="Timer" ref="0x7fcf902683e0" scoped=""/></to>
        </wire>
        <wire loc="151:/opt/tinyos-2.1.2/tos/chips/msp430/timer/Msp430TimerC.nc">
          <from><interface-ref name="Event" ref="0x7fcf901e82f0" scoped=""/></from>
          <to><interface-ref name="Event" ref="0x7fcf90267bf0" scoped=""/>
          <arguments>
            <value cst="I:3">
              <type-int alignment="I:2" cname="int" size="I:2"/>
            </value>
          </arguments>
          </to>
        </wire>
        <wire loc="157:/opt/tinyos-2.1.2/tos/chips/msp430/timer/Msp430TimerC.nc">
          <from><interface-ref name="Timer" ref="0x7fcf901e2160" scoped=""/></from>
          <to><interface-ref name="Timer" ref="0x7fcf902683e0" scoped=""/></to>
        </wire>
        <wire loc="158:/opt/tinyos-2.1.2/tos/chips/msp430/timer/Msp430TimerC.nc">
          <from><interface-ref name="Event" ref="0x7fcf901e17a0" scoped=""/></from>
          <to><interface-ref name="Event" ref="0x7fcf90267bf0" scoped=""/>
          <arguments>
            <value cst="I:4">
              <type-int alignment="I:2" cname="int" size="I:2"/>
            </value>
          </arguments>
          </to>
        </wire>
        <wire loc="164:/opt/tinyos-2.1.2/tos/chips/msp430/timer/Msp430TimerC.nc">
          <from><interface-ref name="Timer" ref="0x7fcf901da610" scoped=""/></from>
          <to><interface-ref name="Timer" ref="0x7fcf902683e0" scoped=""/></to>
        </wire>
        <wire loc="165:/opt/tinyos-2.1.2/tos/chips/msp430/timer/Msp430TimerC.nc">
          <from><interface-ref name="Event" ref="0x7fcf901d9c50" scoped=""/></from>
          <to><interface-ref name="Event" ref="0x7fcf90267bf0" scoped=""/>
          <arguments>
            <value cst="I:5">
              <type-int alignment="I:2" cname="int" size="I:2"/>
            </value>
          </arguments>
          </to>
        </wire>
        <wire loc="171:/opt/tinyos-2.1.2/tos/chips/msp430/timer/Msp430TimerC.nc">
          <from><interface-ref name="Timer" ref="0x7fcf901d3b40" scoped=""/></from>
          <to><interface-ref name="Timer" ref="0x7fcf902683e0" scoped=""/></to>
        </wire>
        <wire loc="172:/opt/tinyos-2.1.2/tos/chips/msp430/timer/Msp430TimerC.nc">
          <from><interface-ref name="Event" ref="0x7fcf901d12f0" scoped=""/></from>
          <to><interface-ref name="Event" ref="0x7fcf90267bf0" scoped=""/>
          <arguments>
            <value cst="I:6">
              <type-int alignment="I:2" cname="int" size="I:2"/>
            </value>
          </arguments>
          </to>
        </wire>
      </wiring>
    </component></referenced></component>