<?xml version="1.0" ?><component abstract="" loc="45:/opt/tinyos-2.1.2/tos/lib/serial/SerialActiveMessageP.nc" nicename="tos.lib.serial.SerialActiveMessageP" qname="SerialActiveMessageP">
      <documentation loc="71:/opt/tinyos-2.1.2/tos/lib/serial/Serial.h">
        <short>
 </short>
        <long>
 @author Phil Buonadonna
 @author Lewis Girod
 @author Ben Greenstein
 @author Philip Levis
 @date   August 7 2005
</long>
      </documentation>
      <parameters>
      </parameters>
      <module/>
    <specification><interface loc="54:/opt/tinyos-2.1.2/tos/lib/serial/SerialActiveMessageP.nc" name="SubSend" provided="0" ref="0x7fcf8fb9a540">
      <component-ref nicename="tos.lib.serial.SerialActiveMessageP" qname="SerialActiveMessageP"/>
      <type-interface alignment="I:2" size="I:2"><interface-ref name="SubSend" ref="0x7fcf8fb9a540" scoped=""/></type-interface>
      <instance>
        <interfacedef-ref nicename="tos.interfaces.Send" qname="Send"/>
      </instance>
      <interface-functions>
        <function-ref name="send" ref="0x7fcf8fb9a8c0" scoped=""/>
        <function-ref name="getPayload" ref="0x7fcf8fb9aa50" scoped=""/>
        <function-ref name="maxPayloadLength" ref="0x7fcf8fb9abe0" scoped=""/>
        <function-ref name="cancel" ref="0x7fcf8fb9ad70" scoped=""/>
        <function-ref name="sendDone" ref="0x7fcf8fb99020" scoped=""/>
      </interface-functions>
    </interface><interface loc="55:/opt/tinyos-2.1.2/tos/lib/serial/SerialActiveMessageP.nc" name="SubReceive" provided="0" ref="0x7fcf8fb99370">
      <component-ref nicename="tos.lib.serial.SerialActiveMessageP" qname="SerialActiveMessageP"/>
      <type-interface alignment="I:2" size="I:2"><interface-ref name="SubReceive" ref="0x7fcf8fb99370" scoped=""/></type-interface>
      <instance>
        <interfacedef-ref nicename="tos.interfaces.Receive" qname="Receive"/>
      </instance>
      <interface-functions>
        <function-ref name="receive" ref="0x7fcf8fb996f0" scoped=""/>
      </interface-functions>
    </interface><interface loc="47:/opt/tinyos-2.1.2/tos/lib/serial/SerialActiveMessageP.nc" name="AMSend" provided="1" ref="0x7fcf8fba1e00">
      <component-ref nicename="tos.lib.serial.SerialActiveMessageP" qname="SerialActiveMessageP"/>
      <type-interface alignment="I:2" size="I:2"><interface-ref name="AMSend" ref="0x7fcf8fba1e00" scoped=""/></type-interface>
      <instance>
        <interfacedef-ref nicename="tos.interfaces.AMSend" qname="AMSend"/>
      </instance>
      <interface-parameters>
        <type-int alignment="I:1" cname="unsigned char" size="I:1" unsigned="">
          <typename><typedef-ref name="am_id_t" ref="0x7fcf9012e550"/></typename>
        </type-int>
      </interface-parameters>
      <interface-functions>
        <function-ref name="send" ref="0x7fcf8fb9e1c0" scoped=""/>
        <function-ref name="getPayload" ref="0x7fcf8fb9e350" scoped=""/>
        <function-ref name="maxPayloadLength" ref="0x7fcf8fb9e4e0" scoped=""/>
        <function-ref name="cancel" ref="0x7fcf8fb9e670" scoped=""/>
        <function-ref name="sendDone" ref="0x7fcf8fb9e800" scoped=""/>
      </interface-functions>
    </interface><interface loc="50:/opt/tinyos-2.1.2/tos/lib/serial/SerialActiveMessageP.nc" name="Packet" provided="1" ref="0x7fcf8fb9cc20">
      <component-ref nicename="tos.lib.serial.SerialActiveMessageP" qname="SerialActiveMessageP"/>
      <type-interface alignment="I:2" size="I:2"><interface-ref name="Packet" ref="0x7fcf8fb9cc20" scoped=""/></type-interface>
      <instance>
        <interfacedef-ref nicename="tos.interfaces.Packet" qname="Packet"/>
      </instance>
      <interface-functions>
        <function-ref name="clear" ref="0x7fcf8fb9b020" scoped=""/>
        <function-ref name="payloadLength" ref="0x7fcf8fb9b1b0" scoped=""/>
        <function-ref name="getPayload" ref="0x7fcf8fb9b340" scoped=""/>
        <function-ref name="maxPayloadLength" ref="0x7fcf8fb9b4d0" scoped=""/>
        <function-ref name="setPayloadLength" ref="0x7fcf8fb9b660" scoped=""/>
      </interface-functions>
    </interface><interface loc="48:/opt/tinyos-2.1.2/tos/lib/serial/SerialActiveMessageP.nc" name="Receive" provided="1" ref="0x7fcf8fb9d020">
      <component-ref nicename="tos.lib.serial.SerialActiveMessageP" qname="SerialActiveMessageP"/>
      <type-interface alignment="I:2" size="I:2"><interface-ref name="Receive" ref="0x7fcf8fb9d020" scoped=""/></type-interface>
      <instance>
        <interfacedef-ref nicename="tos.interfaces.Receive" qname="Receive"/>
      </instance>
      <interface-parameters>
        <type-int alignment="I:1" cname="unsigned char" size="I:1" unsigned="">
          <typename><typedef-ref name="am_id_t" ref="0x7fcf9012e550"/></typename>
        </type-int>
      </interface-parameters>
      <interface-functions>
        <function-ref name="receive" ref="0x7fcf8fb9d3a0" scoped=""/>
      </interface-functions>
    </interface><interface loc="51:/opt/tinyos-2.1.2/tos/lib/serial/SerialActiveMessageP.nc" name="PacketAcknowledgements" provided="1" ref="0x7fcf8fb9b990">
      <component-ref nicename="tos.lib.serial.SerialActiveMessageP" qname="SerialActiveMessageP"/>
      <type-interface alignment="I:2" size="I:2"><interface-ref name="PacketAcknowledgements" ref="0x7fcf8fb9b990" scoped=""/></type-interface>
      <instance>
        <interfacedef-ref nicename="tos.interfaces.PacketAcknowledgements" qname="PacketAcknowledgements"/>
      </instance>
      <interface-functions>
        <function-ref name="requestAck" ref="0x7fcf8fb9bd10" scoped=""/>
        <function-ref name="noAck" ref="0x7fcf8fb9a020" scoped=""/>
        <function-ref name="wasAcked" ref="0x7fcf8fb9a1b0" scoped=""/>
      </interface-functions>
    </interface><interface loc="49:/opt/tinyos-2.1.2/tos/lib/serial/SerialActiveMessageP.nc" name="AMPacket" provided="1" ref="0x7fcf8fb9d650">
      <component-ref nicename="tos.lib.serial.SerialActiveMessageP" qname="SerialActiveMessageP"/>
      <type-interface alignment="I:2" size="I:2"><interface-ref name="AMPacket" ref="0x7fcf8fb9d650" scoped=""/></type-interface>
      <instance>
        <interfacedef-ref nicename="tos.interfaces.AMPacket" qname="AMPacket"/>
      </instance>
      <interface-functions>
        <function-ref name="group" ref="0x7fcf8fb9d9d0" scoped=""/>
        <function-ref name="source" ref="0x7fcf8fb9db60" scoped=""/>
        <function-ref name="address" ref="0x7fcf8fb9dcf0" scoped=""/>
        <function-ref name="destination" ref="0x7fcf8fb9de80" scoped=""/>
        <function-ref name="setSource" ref="0x7fcf8fb9c030" scoped=""/>
        <function-ref name="setDestination" ref="0x7fcf8fb9c1c0" scoped=""/>
        <function-ref name="type" ref="0x7fcf8fb9c350" scoped=""/>
        <function-ref name="setType" ref="0x7fcf8fb9c4e0" scoped=""/>
        <function-ref name="isForMe" ref="0x7fcf8fb9c670" scoped=""/>
        <function-ref name="setGroup" ref="0x7fcf8fb9c800" scoped=""/>
        <function-ref name="localGroup" ref="0x7fcf8fb9c990" scoped=""/>
      </interface-functions>
    </interface></specification><referenced/></component>