<?xml version="1.0" ?><component abstract="" loc="40:/opt/tinyos-2.1.2/tos/chips/msp430/usart/Msp430Usart1C.nc" nicename="tos.chips.msp430.usart.Msp430Usart1C" qname="Msp430Usart1C">
      <documentation loc="32:/opt/tinyos-2.1.2/tos/chips/msp430/usart/Msp430Usart1C.nc">
        <short>
 Provides an interface for USART1 on the MSP430.</short>
        <long>
 Provides an interface for USART1 on the MSP430.

 @author Vlado Handziski &lt;handisk@tkn.tu-berlin.de&gt;
 @author Jonathan Hui &lt;jhui@archedrock.com&gt;
 @version $Revision: 1.5 $ $Date: 2008-05-21 22:11:57 $
</long>
      </documentation>
      <parameters>
      </parameters>
      <configuration/>
      <wiring>
        <wire loc="60:/opt/tinyos-2.1.2/tos/chips/msp430/usart/Msp430Usart1C.nc">
          <from><interface-ref name="ResourceRequested" ref="0x7fcf8f821810" scoped=""/></from>
          <to><interface-ref name="ResourceRequested" ref="0x7fcf8f812bc0" scoped=""/>
          <arguments>
            <value cst="U:">
              <type-int alignment="I:2" cname="int" size="I:2"/>
            </value>
          </arguments>
          </to>
        </wire>
        <wire loc="63:/opt/tinyos-2.1.2/tos/chips/msp430/usart/Msp430Usart1C.nc">
          <from><interface-ref name="HplMsp430UsartInterrupts" ref="0x7fcf8f819d10" scoped=""/></from>
          <to><interface-ref name="Interrupts" ref="0x7fcf8f814980" scoped=""/>
          <arguments>
            <value cst="U:">
              <type-int alignment="I:2" cname="int" size="I:2"/>
            </value>
          </arguments>
          </to>
        </wire>
        <wire loc="59:/opt/tinyos-2.1.2/tos/chips/msp430/usart/Msp430Usart1C.nc">
          <from><interface-ref name="Resource" ref="0x7fcf8f824a10" scoped=""/></from>
          <to><interface-ref name="Resource" ref="0x7fcf8f813850" scoped=""/>
          <arguments>
            <value cst="U:">
              <type-int alignment="I:2" cname="int" size="I:2"/>
            </value>
          </arguments>
          </to>
        </wire>
        <wire loc="66:/opt/tinyos-2.1.2/tos/chips/msp430/usart/Msp430Usart1C.nc">
          <from><interface-ref name="HplMsp430Usart" ref="0x7fcf8f81e150" scoped=""/></from>
          <to><interface-ref name="HplMsp430Usart" ref="0x7fcf8f8c60c0" scoped=""/></to>
        </wire>
        <wire loc="62:/opt/tinyos-2.1.2/tos/chips/msp430/usart/Msp430Usart1C.nc">
          <from><interface-ref name="ArbiterInfo" ref="0x7fcf8f81c880" scoped=""/></from>
          <to><interface-ref name="ArbiterInfo" ref="0x7fcf8f8104b0" scoped=""/></to>
        </wire>
        <wire loc="61:/opt/tinyos-2.1.2/tos/chips/msp430/usart/Msp430Usart1C.nc">
          <from><interface-ref name="ResourceConfigure" ref="0x7fcf8f80f280" scoped=""/>
          <arguments>
            <value cst="U:">
              <type-int alignment="I:2" cname="int" size="I:2"/>
            </value>
          </arguments>
          </from>
          <to><interface-ref name="ResourceConfigure" ref="0x7fcf8f8185b0" scoped=""/></to>
        </wire>
      </wiring>
    <specification><interface loc="43:/opt/tinyos-2.1.2/tos/chips/msp430/usart/Msp430Usart1C.nc" name="ResourceRequested" provided="1" ref="0x7fcf8f821810">
      <component-ref nicename="tos.chips.msp430.usart.Msp430Usart1C" qname="Msp430Usart1C"/>
      <type-interface alignment="I:2" size="I:2"><interface-ref name="ResourceRequested" ref="0x7fcf8f821810" scoped=""/></type-interface>
      <instance>
        <interfacedef-ref nicename="tos.interfaces.ResourceRequested" qname="ResourceRequested"/>
      </instance>
      <interface-functions>
        <function-ref name="requested" ref="0x7fcf8f821b90" scoped=""/>
        <function-ref name="immediateRequested" ref="0x7fcf8f821d20" scoped=""/>
      </interface-functions>
    </interface><interface loc="48:/opt/tinyos-2.1.2/tos/chips/msp430/usart/Msp430Usart1C.nc" name="ResourceConfigure" provided="0" ref="0x7fcf8f8185b0">
      <component-ref nicename="tos.chips.msp430.usart.Msp430Usart1C" qname="Msp430Usart1C"/>
      <type-interface alignment="I:2" size="I:2"><interface-ref name="ResourceConfigure" ref="0x7fcf8f8185b0" scoped=""/></type-interface>
      <instance>
        <interfacedef-ref nicename="tos.interfaces.ResourceConfigure" qname="ResourceConfigure"/>
      </instance>
      <interface-functions>
        <function-ref name="unconfigure" ref="0x7fcf8f818930" scoped=""/>
        <function-ref name="configure" ref="0x7fcf8f818ac0" scoped=""/>
      </interface-functions>
    </interface><interface loc="46:/opt/tinyos-2.1.2/tos/chips/msp430/usart/Msp430Usart1C.nc" name="HplMsp430UsartInterrupts" provided="1" ref="0x7fcf8f819d10">
      <component-ref nicename="tos.chips.msp430.usart.Msp430Usart1C" qname="Msp430Usart1C"/>
      <type-interface alignment="I:2" size="I:2"><interface-ref name="HplMsp430UsartInterrupts" ref="0x7fcf8f819d10" scoped=""/></type-interface>
      <instance>
        <interfacedef-ref nicename="tos.chips.msp430.usart.HplMsp430UsartInterrupts" qname="HplMsp430UsartInterrupts"/>
      </instance>
      <interface-functions>
        <function-ref name="rxDone" ref="0x7fcf8f8180e0" scoped=""/>
        <function-ref name="txDone" ref="0x7fcf8f818270" scoped=""/>
      </interface-functions>
    </interface><interface loc="42:/opt/tinyos-2.1.2/tos/chips/msp430/usart/Msp430Usart1C.nc" name="Resource" provided="1" ref="0x7fcf8f824a10">
      <component-ref nicename="tos.chips.msp430.usart.Msp430Usart1C" qname="Msp430Usart1C"/>
      <type-interface alignment="I:2" size="I:2"><interface-ref name="Resource" ref="0x7fcf8f824a10" scoped=""/></type-interface>
      <instance>
        <interfacedef-ref nicename="tos.interfaces.Resource" qname="Resource"/>
      </instance>
      <interface-functions>
        <function-ref name="release" ref="0x7fcf8f824d90" scoped=""/>
        <function-ref name="immediateRequest" ref="0x7fcf8f821020" scoped=""/>
        <function-ref name="request" ref="0x7fcf8f8211b0" scoped=""/>
        <function-ref name="granted" ref="0x7fcf8f821340" scoped=""/>
        <function-ref name="isOwner" ref="0x7fcf8f8214d0" scoped=""/>
      </interface-functions>
    </interface><interface loc="45:/opt/tinyos-2.1.2/tos/chips/msp430/usart/Msp430Usart1C.nc" name="HplMsp430Usart" provided="1" ref="0x7fcf8f81e150">
      <component-ref nicename="tos.chips.msp430.usart.Msp430Usart1C" qname="Msp430Usart1C"/>
      <type-interface alignment="I:2" size="I:2"><interface-ref name="HplMsp430Usart" ref="0x7fcf8f81e150" scoped=""/></type-interface>
      <instance>
        <interfacedef-ref nicename="tos.chips.msp430.usart.HplMsp430Usart" qname="HplMsp430Usart"/>
      </instance>
      <interface-functions>
        <function-ref name="isTxEmpty" ref="0x7fcf8f81e4d0" scoped=""/>
        <function-ref name="enableUartRx" ref="0x7fcf8f81e660" scoped=""/>
        <function-ref name="setUctl" ref="0x7fcf8f81e7f0" scoped=""/>
        <function-ref name="enableUart" ref="0x7fcf8f81e980" scoped=""/>
        <function-ref name="setUrctl" ref="0x7fcf8f81eb10" scoped=""/>
        <function-ref name="enableRxIntr" ref="0x7fcf8f81eca0" scoped=""/>
        <function-ref name="clrRxIntr" ref="0x7fcf8f81ee30" scoped=""/>
        <function-ref name="getUtctl" ref="0x7fcf8f81d020" scoped=""/>
        <function-ref name="getUrctl" ref="0x7fcf8f81d1b0" scoped=""/>
        <function-ref name="resetUsart" ref="0x7fcf8f81d340" scoped=""/>
        <function-ref name="getUmctl" ref="0x7fcf8f81d4d0" scoped=""/>
        <function-ref name="disableIntr" ref="0x7fcf8f81d660" scoped=""/>
        <function-ref name="setUtctl" ref="0x7fcf8f81d7f0" scoped=""/>
        <function-ref name="getUbr" ref="0x7fcf8f81da80" scoped=""/>
        <function-ref name="enableTxIntr" ref="0x7fcf8f81dc10" scoped=""/>
        <function-ref name="setUmctl" ref="0x7fcf8f81dda0" scoped=""/>
        <function-ref name="isUartRx" ref="0x7fcf8f81b020" scoped=""/>
        <function-ref name="isUart" ref="0x7fcf8f81b1b0" scoped=""/>
        <function-ref name="disableRxIntr" ref="0x7fcf8f81b340" scoped=""/>
        <function-ref name="isSpi" ref="0x7fcf8f81b4d0" scoped=""/>
        <function-ref name="enableUartTx" ref="0x7fcf8f81b660" scoped=""/>
        <function-ref name="disableTxIntr" ref="0x7fcf8f81b7f0" scoped=""/>
        <function-ref name="disableUartRx" ref="0x7fcf8f81b980" scoped=""/>
        <function-ref name="enableIntr" ref="0x7fcf8f81bb10" scoped=""/>
        <function-ref name="getMode" ref="0x7fcf8f81bca0" scoped=""/>
        <function-ref name="isTxIntrPending" ref="0x7fcf8f81a220" scoped=""/>
        <function-ref name="clrIntr" ref="0x7fcf8f81a3b0" scoped=""/>
        <function-ref name="setUbr" ref="0x7fcf8f81a540" scoped=""/>
        <function-ref name="tx" ref="0x7fcf8f81a6d0" scoped=""/>
        <function-ref name="getUctl" ref="0x7fcf8f81a860" scoped=""/>
        <function-ref name="disableUart" ref="0x7fcf8f81a9f0" scoped=""/>
        <function-ref name="enableSpi" ref="0x7fcf8f81ab80" scoped=""/>
        <function-ref name="setModeUart" ref="0x7fcf8f81ad10" scoped=""/>
        <function-ref name="setModeSpi" ref="0x7fcf8f819020" scoped=""/>
        <function-ref name="rx" ref="0x7fcf8f8191b0" scoped=""/>
        <function-ref name="isRxIntrPending" ref="0x7fcf8f819340" scoped=""/>
        <function-ref name="isUartTx" ref="0x7fcf8f8194d0" scoped=""/>
        <function-ref name="clrTxIntr" ref="0x7fcf8f819660" scoped=""/>
        <function-ref name="disableSpi" ref="0x7fcf8f8197f0" scoped=""/>
        <function-ref name="disableUartTx" ref="0x7fcf8f819980" scoped=""/>
      </interface-functions>
    </interface><interface loc="44:/opt/tinyos-2.1.2/tos/chips/msp430/usart/Msp430Usart1C.nc" name="ArbiterInfo" provided="1" ref="0x7fcf8f81c880">
      <component-ref nicename="tos.chips.msp430.usart.Msp430Usart1C" qname="Msp430Usart1C"/>
      <type-interface alignment="I:2" size="I:2"><interface-ref name="ArbiterInfo" ref="0x7fcf8f81c880" scoped=""/></type-interface>
      <instance>
        <interfacedef-ref nicename="tos.interfaces.ArbiterInfo" qname="ArbiterInfo"/>
      </instance>
      <interface-functions>
        <function-ref name="inUse" ref="0x7fcf8f81cc00" scoped=""/>
        <function-ref name="userId" ref="0x7fcf8f81cd90" scoped=""/>
      </interface-functions>
    </interface></specification><referenced><interface loc="43:/opt/tinyos-2.1.2/tos/chips/msp430/usart/Msp430UsartShare1P.nc" name="ArbiterInfo" provided="1" ref="0x7fcf8f8104b0">
      <component-ref nicename="tos.chips.msp430.usart.Msp430UsartShare1P" qname="Msp430UsartShare1P"/>
      <type-interface alignment="I:2" size="I:2"><interface-ref name="ArbiterInfo" ref="0x7fcf8f8104b0" scoped=""/></type-interface>
      <instance>
        <interfacedef-ref nicename="tos.interfaces.ArbiterInfo" qname="ArbiterInfo"/>
      </instance>
      <interface-functions>
        <function-ref name="inUse" ref="0x7fcf8f810830" scoped=""/>
        <function-ref name="userId" ref="0x7fcf8f8109c0" scoped=""/>
      </interface-functions>
    </interface><interface loc="45:/opt/tinyos-2.1.2/tos/chips/msp430/usart/Msp430UsartShare1P.nc" name="ResourceConfigure" provided="0" ref="0x7fcf8f80f280">
      <component-ref nicename="tos.chips.msp430.usart.Msp430UsartShare1P" qname="Msp430UsartShare1P"/>
      <type-interface alignment="I:2" size="I:2"><interface-ref name="ResourceConfigure" ref="0x7fcf8f80f280" scoped=""/></type-interface>
      <instance>
        <interfacedef-ref nicename="tos.interfaces.ResourceConfigure" qname="ResourceConfigure"/>
      </instance>
      <interface-parameters>
        <type-int alignment="I:1" cname="unsigned char" size="I:1" unsigned="">
          <typename><typedef-ref name="uint8_t" ref="0x7fcf9126f160"/></typename>
        </type-int>
      </interface-parameters>
      <interface-functions>
        <function-ref name="unconfigure" ref="0x7fcf8f80f600" scoped=""/>
        <function-ref name="configure" ref="0x7fcf8f80f790" scoped=""/>
      </interface-functions>
    </interface><interface loc="42:/opt/tinyos-2.1.2/tos/chips/msp430/usart/Msp430UsartShare1P.nc" name="ResourceRequested" provided="1" ref="0x7fcf8f812bc0">
      <component-ref nicename="tos.chips.msp430.usart.Msp430UsartShare1P" qname="Msp430UsartShare1P"/>
      <type-interface alignment="I:2" size="I:2"><interface-ref name="ResourceRequested" ref="0x7fcf8f812bc0" scoped=""/></type-interface>
      <instance>
        <interfacedef-ref nicename="tos.interfaces.ResourceRequested" qname="ResourceRequested"/>
      </instance>
      <interface-parameters>
        <type-int alignment="I:1" cname="unsigned char" size="I:1" unsigned="">
          <typename><typedef-ref name="uint8_t" ref="0x7fcf9126f160"/></typename>
        </type-int>
      </interface-parameters>
      <interface-functions>
        <function-ref name="requested" ref="0x7fcf8f810020" scoped=""/>
        <function-ref name="immediateRequested" ref="0x7fcf8f8101b0" scoped=""/>
      </interface-functions>
    </interface><interface loc="77:/opt/tinyos-2.1.2/tos/chips/msp430/usart/HplMsp430Usart1C.nc" name="HplMsp430Usart" provided="1" ref="0x7fcf8f8c60c0">
      <component-ref nicename="tos.chips.msp430.usart.HplMsp430Usart1C" qname="HplMsp430Usart1C"/>
      <type-interface alignment="I:2" size="I:2"><interface-ref name="HplMsp430Usart" ref="0x7fcf8f8c60c0" scoped=""/></type-interface>
      <instance>
        <interfacedef-ref nicename="tos.chips.msp430.usart.HplMsp430Usart" qname="HplMsp430Usart"/>
      </instance>
      <interface-functions>
        <function-ref name="isTxEmpty" ref="0x7fcf8f8c6440" scoped=""/>
        <function-ref name="enableUartRx" ref="0x7fcf8f8c65d0" scoped=""/>
        <function-ref name="setUctl" ref="0x7fcf8f8c6760" scoped=""/>
        <function-ref name="enableUart" ref="0x7fcf8f8c68f0" scoped=""/>
        <function-ref name="setUrctl" ref="0x7fcf8f8c6a80" scoped=""/>
        <function-ref name="enableRxIntr" ref="0x7fcf8f8c6c10" scoped=""/>
        <function-ref name="clrRxIntr" ref="0x7fcf8f8c6da0" scoped=""/>
        <function-ref name="getUtctl" ref="0x7fcf8f8c5020" scoped=""/>
        <function-ref name="getUrctl" ref="0x7fcf8f8c51b0" scoped=""/>
        <function-ref name="resetUsart" ref="0x7fcf8f8c5340" scoped=""/>
        <function-ref name="getUmctl" ref="0x7fcf8f8c54d0" scoped=""/>
        <function-ref name="disableIntr" ref="0x7fcf8f8c5660" scoped=""/>
        <function-ref name="setUtctl" ref="0x7fcf8f8c57f0" scoped=""/>
        <function-ref name="getUbr" ref="0x7fcf8f8c5a80" scoped=""/>
        <function-ref name="enableTxIntr" ref="0x7fcf8f8c5c10" scoped=""/>
        <function-ref name="setUmctl" ref="0x7fcf8f8c5da0" scoped=""/>
        <function-ref name="isUartRx" ref="0x7fcf8f8c3020" scoped=""/>
        <function-ref name="isUart" ref="0x7fcf8f8c31b0" scoped=""/>
        <function-ref name="disableRxIntr" ref="0x7fcf8f8c3340" scoped=""/>
        <function-ref name="isSpi" ref="0x7fcf8f8c34d0" scoped=""/>
        <function-ref name="enableUartTx" ref="0x7fcf8f8c3660" scoped=""/>
        <function-ref name="disableTxIntr" ref="0x7fcf8f8c37f0" scoped=""/>
        <function-ref name="disableUartRx" ref="0x7fcf8f8c3980" scoped=""/>
        <function-ref name="enableIntr" ref="0x7fcf8f8c3b10" scoped=""/>
        <function-ref name="getMode" ref="0x7fcf8f8c3ca0" scoped=""/>
        <function-ref name="isTxIntrPending" ref="0x7fcf8f8c2220" scoped=""/>
        <function-ref name="clrIntr" ref="0x7fcf8f8c23b0" scoped=""/>
        <function-ref name="setUbr" ref="0x7fcf8f8c2540" scoped=""/>
        <function-ref name="tx" ref="0x7fcf8f8c26d0" scoped=""/>
        <function-ref name="getUctl" ref="0x7fcf8f8c2860" scoped=""/>
        <function-ref name="disableUart" ref="0x7fcf8f8c29f0" scoped=""/>
        <function-ref name="enableSpi" ref="0x7fcf8f8c2b80" scoped=""/>
        <function-ref name="setModeUart" ref="0x7fcf8f8c2d10" scoped=""/>
        <function-ref name="setModeSpi" ref="0x7fcf8f8c1020" scoped=""/>
        <function-ref name="rx" ref="0x7fcf8f8c11b0" scoped=""/>
        <function-ref name="isRxIntrPending" ref="0x7fcf8f8c1340" scoped=""/>
        <function-ref name="isUartTx" ref="0x7fcf8f8c14d0" scoped=""/>
        <function-ref name="clrTxIntr" ref="0x7fcf8f8c1660" scoped=""/>
        <function-ref name="disableSpi" ref="0x7fcf8f8c17f0" scoped=""/>
        <function-ref name="disableUartTx" ref="0x7fcf8f8c1980" scoped=""/>
      </interface-functions>
    </interface><interface loc="40:/opt/tinyos-2.1.2/tos/chips/msp430/usart/Msp430UsartShare1P.nc" name="Interrupts" provided="1" ref="0x7fcf8f814980">
      <component-ref nicename="tos.chips.msp430.usart.Msp430UsartShare1P" qname="Msp430UsartShare1P"/>
      <type-interface alignment="I:2" size="I:2"><interface-ref name="Interrupts" ref="0x7fcf8f814980" scoped=""/></type-interface>
      <instance>
        <interfacedef-ref nicename="tos.chips.msp430.usart.HplMsp430UsartInterrupts" qname="HplMsp430UsartInterrupts"/>
      </instance>
      <interface-parameters>
        <type-int alignment="I:1" cname="unsigned char" size="I:1" unsigned="">
          <typename><typedef-ref name="uint8_t" ref="0x7fcf9126f160"/></typename>
        </type-int>
      </interface-parameters>
      <interface-functions>
        <function-ref name="rxDone" ref="0x7fcf8f814d00" scoped=""/>
        <function-ref name="txDone" ref="0x7fcf8f813020" scoped=""/>
      </interface-functions>
    </interface><interface loc="41:/opt/tinyos-2.1.2/tos/chips/msp430/usart/Msp430UsartShare1P.nc" name="Resource" provided="1" ref="0x7fcf8f813850">
      <component-ref nicename="tos.chips.msp430.usart.Msp430UsartShare1P" qname="Msp430UsartShare1P"/>
      <type-interface alignment="I:2" size="I:2"><interface-ref name="Resource" ref="0x7fcf8f813850" scoped=""/></type-interface>
      <instance>
        <interfacedef-ref nicename="tos.interfaces.Resource" qname="Resource"/>
      </instance>
      <interface-parameters>
        <type-int alignment="I:1" cname="unsigned char" size="I:1" unsigned="">
          <typename><typedef-ref name="uint8_t" ref="0x7fcf9126f160"/></typename>
        </type-int>
      </interface-parameters>
      <interface-functions>
        <function-ref name="release" ref="0x7fcf8f813bd0" scoped=""/>
        <function-ref name="immediateRequest" ref="0x7fcf8f813d60" scoped=""/>
        <function-ref name="request" ref="0x7fcf8f812020" scoped=""/>
        <function-ref name="granted" ref="0x7fcf8f8121b0" scoped=""/>
        <function-ref name="isOwner" ref="0x7fcf8f812340" scoped=""/>
      </interface-functions>
    </interface><component loc="74:/opt/tinyos-2.1.2/tos/chips/msp430/usart/HplMsp430Usart1C.nc" nicename="tos.chips.msp430.usart.HplMsp430Usart1C" qname="HplMsp430Usart1C">
      <documentation loc="31:/opt/tinyos-2.1.2/tos/chips/msp430/usart/msp430usart.h">
        <short>
 </short>
        <long>
 @author Vlado Handziski &lt;handzisk@tkn.tu-berlin.de&gt;
 @author Philipp Huppertz &lt;huppertz@tkn.tu-berlin.de&gt;
</long>
      </documentation>
      <configuration/>
      <wiring>
        <wire loc="89:/opt/tinyos-2.1.2/tos/chips/msp430/usart/HplMsp430Usart1C.nc">
          <from><interface-ref name="HplMsp430UsartInterrupts" ref="0x7fcf8f8c1d10" scoped=""/></from>
          <to><interface-ref name="Interrupts" ref="0x7fcf8f8b7460" scoped=""/></to>
        </wire>
        <wire loc="87:/opt/tinyos-2.1.2/tos/chips/msp430/usart/HplMsp430Usart1C.nc">
          <from><interface-ref name="AsyncStdControl" ref="0x7fcf8f8c4840" scoped=""/></from>
          <to><interface-ref name="AsyncStdControl" ref="0x7fcf8f8bd0c0" scoped=""/></to>
        </wire>
        <wire loc="88:/opt/tinyos-2.1.2/tos/chips/msp430/usart/HplMsp430Usart1C.nc">
          <from><interface-ref name="HplMsp430Usart" ref="0x7fcf8f8c60c0" scoped=""/></from>
          <to><interface-ref name="Usart" ref="0x7fcf8f8bd970" scoped=""/></to>
        </wire>
        <wire loc="91:/opt/tinyos-2.1.2/tos/chips/msp430/usart/HplMsp430Usart1C.nc">
          <from><interface-ref name="SIMO" ref="0x7fcf8f8b7d30" scoped=""/></from>
          <to><interface-ref name="SIMO1" ref="0x7fcf90045580" scoped=""/></to>
        </wire>
        <wire loc="92:/opt/tinyos-2.1.2/tos/chips/msp430/usart/HplMsp430Usart1C.nc">
          <from><interface-ref name="SOMI" ref="0x7fcf8f8b5cb0" scoped=""/></from>
          <to><interface-ref name="SOMI1" ref="0x7fcf90043580" scoped=""/></to>
        </wire>
        <wire loc="93:/opt/tinyos-2.1.2/tos/chips/msp430/usart/HplMsp430Usart1C.nc">
          <from><interface-ref name="UCLK" ref="0x7fcf8f8b3cb0" scoped=""/></from>
          <to><interface-ref name="UCLK1" ref="0x7fcf90041580" scoped=""/></to>
        </wire>
        <wire loc="94:/opt/tinyos-2.1.2/tos/chips/msp430/usart/HplMsp430Usart1C.nc">
          <from><interface-ref name="URXD" ref="0x7fcf8f8b1cb0" scoped=""/></from>
          <to><interface-ref name="URXD1" ref="0x7fcf9003d580" scoped=""/></to>
        </wire>
        <wire loc="95:/opt/tinyos-2.1.2/tos/chips/msp430/usart/HplMsp430Usart1C.nc">
          <from><interface-ref name="UTXD" ref="0x7fcf8f8afcb0" scoped=""/></from>
          <to><interface-ref name="UTXD1" ref="0x7fcf9003f580" scoped=""/></to>
        </wire>
      </wiring>
    </component><component loc="38:/opt/tinyos-2.1.2/tos/chips/msp430/usart/Msp430UsartShare1P.nc" nicename="tos.chips.msp430.usart.Msp430UsartShare1P" qname="Msp430UsartShare1P">
      <documentation loc="32:/opt/tinyos-2.1.2/tos/chips/msp430/usart/Msp430UsartShare1P.nc">
        <short>
 </short>
        <long>
 @author Vlado Handziski &lt;handzisk@tkn.tu-berlin.de&gt;
 @author Jonathan Hui &lt;jhui@archedrock.com&gt;
 @version $Revision: 1.6 $ $Date: 2008-05-21 22:11:57 $
</long>
      </documentation>
      <configuration/>
      <wiring>
        <wire loc="56:/opt/tinyos-2.1.2/tos/chips/msp430/usart/Msp430UsartShare1P.nc">
          <from><interface-ref name="ResourceRequested" ref="0x7fcf8f812bc0" scoped=""/></from>
          <to><interface-ref name="ResourceRequested" ref="0x7fcf8f77fbf0" scoped=""/></to>
        </wire>
        <wire loc="51:/opt/tinyos-2.1.2/tos/chips/msp430/usart/Msp430UsartShare1P.nc">
          <from><interface-ref name="Interrupts" ref="0x7fcf8f814980" scoped=""/></from>
          <to><interface-ref name="Interrupts" ref="0x7fcf8f80c5c0" scoped=""/></to>
        </wire>
        <wire loc="55:/opt/tinyos-2.1.2/tos/chips/msp430/usart/Msp430UsartShare1P.nc">
          <from><interface-ref name="Resource" ref="0x7fcf8f813850" scoped=""/></from>
          <to><interface-ref name="Resource" ref="0x7fcf8f780e60" scoped=""/></to>
        </wire>
        <wire loc="58:/opt/tinyos-2.1.2/tos/chips/msp430/usart/Msp430UsartShare1P.nc">
          <from><interface-ref name="ArbiterInfo" ref="0x7fcf8f8104b0" scoped=""/></from>
          <to><interface-ref name="ArbiterInfo" ref="0x7fcf8f77d060" scoped=""/></to>
        </wire>
        <wire loc="52:/opt/tinyos-2.1.2/tos/chips/msp430/usart/Msp430UsartShare1P.nc">
          <from><interface-ref name="RawInterrupts" ref="0x7fcf8f7fa690" scoped=""/></from>
          <to><interface-ref name="HplMsp430UsartInterrupts" ref="0x7fcf8f8c1d10" scoped=""/></to>
        </wire>
        <wire loc="57:/opt/tinyos-2.1.2/tos/chips/msp430/usart/Msp430UsartShare1P.nc">
          <from><interface-ref name="ResourceConfigure" ref="0x7fcf8f77d930" scoped=""/></from>
          <to><interface-ref name="ResourceConfigure" ref="0x7fcf8f80f280" scoped=""/></to>
        </wire>
        <wire loc="59:/opt/tinyos-2.1.2/tos/chips/msp430/usart/Msp430UsartShare1P.nc">
          <from><interface-ref name="ArbiterInfo" ref="0x7fcf8f7f94b0" scoped=""/></from>
          <to><interface-ref name="ArbiterInfo" ref="0x7fcf8f77d060" scoped=""/></to>
        </wire>
        <wire loc="62:/opt/tinyos-2.1.2/tos/chips/msp430/usart/Msp430UsartShare1P.nc">
          <from><interface-ref name="ResourceDefaultOwner" ref="0x7fcf8f7629d0" scoped=""/></from>
          <to><interface-ref name="ResourceDefaultOwner" ref="0x7fcf8f77e400" scoped=""/></to>
        </wire>
        <wire loc="65:/opt/tinyos-2.1.2/tos/chips/msp430/usart/Msp430UsartShare1P.nc">
          <from><interface-ref name="AsyncStdControl" ref="0x7fcf8f778b20" scoped=""/></from>
          <to><interface-ref name="AsyncStdControl" ref="0x7fcf8f8c4840" scoped=""/></to>
        </wire>
      </wiring>
    </component></referenced></component>