<?xml version="1.0" ?><component abstract="" loc="41:/opt/tinyos-2.1.2/tos/chips/msp430/timer/AlarmMilli32C.nc" nicename="tos.chips.msp430.timer.AlarmMilli32C" qname="AlarmMilli32C">
      <documentation loc="33:/opt/tinyos-2.1.2/tos/chips/msp430/timer/AlarmMilli32C.nc">
        <short>
 AlarmMilliC is the alarm for async millisecond alarms

 </short>
        <long>
 AlarmMilliC is the alarm for async millisecond alarms

 @author Cory Sharp &lt;cssharp@eecs.berkeley.edu&gt;
 @see  Please refer to TEP 102 for more information about this component and its
          intended use.
</long>
      </documentation>
      <parameters>
      </parameters>
      <configuration/>
      <wiring>
        <wire loc="53:/opt/tinyos-2.1.2/tos/chips/msp430/timer/AlarmMilli32C.nc">
          <from><interface-ref name="Alarm" ref="0x7fcf8fde8290" scoped=""/></from>
          <to><interface-ref name="Alarm" ref="0x7fcf8fd062a0" scoped=""/></to>
        </wire>
        <wire loc="52:/opt/tinyos-2.1.2/tos/chips/msp430/timer/AlarmMilli32C.nc">
          <from><interface-ref name="Init" ref="0x7fcf8fdec720" scoped=""/></from>
          <to><interface-ref name="Init" ref="0x7fcf8fd7f9c0" scoped=""/></to>
        </wire>
        <wire loc="55:/opt/tinyos-2.1.2/tos/chips/msp430/timer/AlarmMilli32C.nc">
          <from><interface-ref name="AlarmFrom" ref="0x7fcf8fcffb90" scoped=""/></from>
          <to><interface-ref name="Alarm" ref="0x7fcf8fd7e260" scoped=""/></to>
        </wire>
        <wire loc="56:/opt/tinyos-2.1.2/tos/chips/msp430/timer/AlarmMilli32C.nc">
          <from><interface-ref name="Counter" ref="0x7fcf8fd02690" scoped=""/></from>
          <to><interface-ref name="Counter" ref="0x7fcf8fd728c0" scoped=""/></to>
        </wire>
      </wiring>
    <specification><interface loc="44:/opt/tinyos-2.1.2/tos/chips/msp430/timer/AlarmMilli32C.nc" name="Alarm" provided="1" ref="0x7fcf8fde8290">
      <component-ref nicename="tos.chips.msp430.timer.AlarmMilli32C" qname="AlarmMilli32C"/>
      <type-interface alignment="I:2" size="I:2"><interface-ref name="Alarm" ref="0x7fcf8fde8290" scoped=""/></type-interface>
      <instance>
        <interfacedef-ref nicename="tos.lib.timer.Alarm" qname="Alarm"/>
        <arguments>
          <type-tag alignment="I:2" size="I:2"><struct-ref ref="0x7fcf90355ec0"/>
            <typename><typedef-ref name="TMilli" ref="0x7fcf9017a260"/></typename>
          </type-tag>
          <type-int alignment="I:2" cname="unsigned long" size="I:4" unsigned="">
            <typename><typedef-ref name="uint32_t" ref="0x7fcf9126f920"/></typename>
          </type-int>
        </arguments>
      </instance>
      <interface-functions>
        <function-ref name="getNow" ref="0x7fcf8fddfb30" scoped=""/>
        <function-ref name="fired" ref="0x7fcf8fde7aa0" scoped=""/>
        <function-ref name="startAt" ref="0x7fcf8fddf4e0" scoped=""/>
        <function-ref name="isRunning" ref="0x7fcf8fddf020" scoped=""/>
        <function-ref name="getAlarm" ref="0x7fcf8fdde020" scoped=""/>
        <function-ref name="start" ref="0x7fcf8fde70d0" scoped=""/>
        <function-ref name="stop" ref="0x7fcf8fde75e0" scoped=""/>
      </interface-functions>
    </interface><interface loc="43:/opt/tinyos-2.1.2/tos/chips/msp430/timer/AlarmMilli32C.nc" name="Init" provided="1" ref="0x7fcf8fdec720">
      <component-ref nicename="tos.chips.msp430.timer.AlarmMilli32C" qname="AlarmMilli32C"/>
      <type-interface alignment="I:2" size="I:2"><interface-ref name="Init" ref="0x7fcf8fdec720" scoped=""/></type-interface>
      <instance>
        <interfacedef-ref nicename="tos.interfaces.Init" qname="Init"/>
      </instance>
      <interface-functions>
        <function-ref name="init" ref="0x7fcf8fdecaa0" scoped=""/>
      </interface-functions>
    </interface></specification><referenced><interface loc="73:/opt/tinyos-2.1.2/tos/lib/timer/TransformAlarmC.nc" name="AlarmFrom" provided="0" ref="0x7fcf8fcffb90">
      <component-ref nicename="tos.lib.timer.TransformAlarmC" qname="AlarmMilli32C.Transform"/>
      <type-interface alignment="I:2" size="I:2"><interface-ref name="AlarmFrom" ref="0x7fcf8fcffb90" scoped=""/></type-interface>
      <instance>
        <interfacedef-ref nicename="tos.lib.timer.Alarm" qname="Alarm"/>
        <arguments>
          <type-tag alignment="I:2" size="I:2"><struct-ref ref="0x7fcf9017a6a0"/>
            <typename><typedef-ref name="T32khz" ref="0x7fcf9017aa10"/></typename>
          </type-tag>
          <type-int alignment="I:2" cname="unsigned int" size="I:2" unsigned="">
            <typename><typedef-ref name="uint16_t" ref="0x7fcf9126f520"/></typename>
          </type-int>
        </arguments>
      </instance>
      <interface-functions>
        <function-ref name="getNow" ref="0x7fcf8fcfb4e0" scoped=""/>
        <function-ref name="fired" ref="0x7fcf8fcfd4e0" scoped=""/>
        <function-ref name="startAt" ref="0x7fcf8fcfde60" scoped=""/>
        <function-ref name="isRunning" ref="0x7fcf8fcfd9a0" scoped=""/>
        <function-ref name="getAlarm" ref="0x7fcf8fcfb9a0" scoped=""/>
        <function-ref name="start" ref="0x7fcf8fcfe9d0" scoped=""/>
        <function-ref name="stop" ref="0x7fcf8fcfd020" scoped=""/>
      </interface-functions>
    </interface><interface loc="68:/opt/tinyos-2.1.2/tos/lib/timer/TransformAlarmC.nc" name="Counter" provided="0" ref="0x7fcf8fd02690">
      <component-ref nicename="tos.lib.timer.TransformAlarmC" qname="AlarmMilli32C.Transform"/>
      <type-interface alignment="I:2" size="I:2"><interface-ref name="Counter" ref="0x7fcf8fd02690" scoped=""/></type-interface>
      <instance>
        <interfacedef-ref nicename="tos.lib.timer.Counter" qname="Counter"/>
        <arguments>
          <type-tag alignment="I:2" size="I:2"><struct-ref ref="0x7fcf90355ec0"/>
            <typename><typedef-ref name="TMilli" ref="0x7fcf9017a260"/></typename>
          </type-tag>
          <type-int alignment="I:2" cname="unsigned long" size="I:4" unsigned="">
            <typename><typedef-ref name="uint32_t" ref="0x7fcf9126f920"/></typename>
          </type-int>
        </arguments>
      </instance>
      <interface-functions>
        <function-ref name="get" ref="0x7fcf8fd015b0" scoped=""/>
        <function-ref name="clearOverflow" ref="0x7fcf8fcff020" scoped=""/>
        <function-ref name="isOverflowPending" ref="0x7fcf8fd01a70" scoped=""/>
        <function-ref name="overflow" ref="0x7fcf8fcff4e0" scoped=""/>
      </interface-functions>
    </interface><interface loc="43:/opt/tinyos-2.1.2/tos/chips/msp430/timer/Alarm32khz16C.nc" name="Init" provided="1" ref="0x7fcf8fd7f9c0">
      <component-ref nicename="tos.chips.msp430.timer.Alarm32khz16C" qname="AlarmMilli32C.AlarmFrom"/>
      <type-interface alignment="I:2" size="I:2"><interface-ref name="Init" ref="0x7fcf8fd7f9c0" scoped=""/></type-interface>
      <instance>
        <interfacedef-ref nicename="tos.interfaces.Init" qname="Init"/>
      </instance>
      <interface-functions>
        <function-ref name="init" ref="0x7fcf8fd7fd40" scoped=""/>
      </interface-functions>
    </interface><interface loc="43:/opt/tinyos-2.1.2/tos/chips/msp430/timer/CounterMilli32C.nc" name="Counter" provided="1" ref="0x7fcf8fd728c0">
      <component-ref nicename="tos.chips.msp430.timer.CounterMilli32C" qname="CounterMilli32C"/>
      <type-interface alignment="I:2" size="I:2"><interface-ref name="Counter" ref="0x7fcf8fd728c0" scoped=""/></type-interface>
      <instance>
        <interfacedef-ref nicename="tos.lib.timer.Counter" qname="Counter"/>
        <arguments>
          <type-tag alignment="I:2" size="I:2"><struct-ref ref="0x7fcf90355ec0"/>
            <typename><typedef-ref name="TMilli" ref="0x7fcf9017a260"/></typename>
          </type-tag>
          <type-int alignment="I:2" cname="unsigned long" size="I:4" unsigned="">
            <typename><typedef-ref name="uint32_t" ref="0x7fcf9126f920"/></typename>
          </type-int>
        </arguments>
      </instance>
      <interface-functions>
        <function-ref name="get" ref="0x7fcf8fd75700" scoped=""/>
        <function-ref name="clearOverflow" ref="0x7fcf8fd710d0" scoped=""/>
        <function-ref name="isOverflowPending" ref="0x7fcf8fd75bc0" scoped=""/>
        <function-ref name="overflow" ref="0x7fcf8fd71590" scoped=""/>
      </interface-functions>
    </interface><interface loc="44:/opt/tinyos-2.1.2/tos/chips/msp430/timer/Alarm32khz16C.nc" name="Alarm" provided="1" ref="0x7fcf8fd7e260">
      <component-ref nicename="tos.chips.msp430.timer.Alarm32khz16C" qname="AlarmMilli32C.AlarmFrom"/>
      <type-interface alignment="I:2" size="I:2"><interface-ref name="Alarm" ref="0x7fcf8fd7e260" scoped=""/></type-interface>
      <instance>
        <interfacedef-ref nicename="tos.lib.timer.Alarm" qname="Alarm"/>
        <arguments>
          <type-tag alignment="I:2" size="I:2"><struct-ref ref="0x7fcf9017a6a0"/>
            <typename><typedef-ref name="T32khz" ref="0x7fcf9017aa10"/></typename>
          </type-tag>
          <type-int alignment="I:2" cname="unsigned int" size="I:2" unsigned="">
            <typename><typedef-ref name="uint16_t" ref="0x7fcf9126f520"/></typename>
          </type-int>
        </arguments>
      </instance>
      <interface-functions>
        <function-ref name="getNow" ref="0x7fcf8fd7cb30" scoped=""/>
        <function-ref name="fired" ref="0x7fcf8fd7da60" scoped=""/>
        <function-ref name="startAt" ref="0x7fcf8fd7c4e0" scoped=""/>
        <function-ref name="isRunning" ref="0x7fcf8fd7c020" scoped=""/>
        <function-ref name="getAlarm" ref="0x7fcf8fd7a020" scoped=""/>
        <function-ref name="start" ref="0x7fcf8fd7d090" scoped=""/>
        <function-ref name="stop" ref="0x7fcf8fd7d5a0" scoped=""/>
      </interface-functions>
    </interface><interface loc="61:/opt/tinyos-2.1.2/tos/lib/timer/TransformAlarmC.nc" name="Alarm" provided="1" ref="0x7fcf8fd062a0">
      <component-ref nicename="tos.lib.timer.TransformAlarmC" qname="AlarmMilli32C.Transform"/>
      <type-interface alignment="I:2" size="I:2"><interface-ref name="Alarm" ref="0x7fcf8fd062a0" scoped=""/></type-interface>
      <instance>
        <interfacedef-ref nicename="tos.lib.timer.Alarm" qname="Alarm"/>
        <arguments>
          <type-tag alignment="I:2" size="I:2"><struct-ref ref="0x7fcf90355ec0"/>
            <typename><typedef-ref name="TMilli" ref="0x7fcf9017a260"/></typename>
          </type-tag>
          <type-int alignment="I:2" cname="unsigned long" size="I:4" unsigned="">
            <typename><typedef-ref name="uint32_t" ref="0x7fcf9126f920"/></typename>
          </type-int>
        </arguments>
      </instance>
      <interface-functions>
        <function-ref name="getNow" ref="0x7fcf8fd03b30" scoped=""/>
        <function-ref name="fired" ref="0x7fcf8fd05aa0" scoped=""/>
        <function-ref name="startAt" ref="0x7fcf8fd034e0" scoped=""/>
        <function-ref name="isRunning" ref="0x7fcf8fd03020" scoped=""/>
        <function-ref name="getAlarm" ref="0x7fcf8fd02020" scoped=""/>
        <function-ref name="start" ref="0x7fcf8fd050d0" scoped=""/>
        <function-ref name="stop" ref="0x7fcf8fd055e0" scoped=""/>
      </interface-functions>
    </interface><component abstract="" loc="41(AlarmMilli32C.AlarmFrom):/opt/tinyos-2.1.2/tos/chips/msp430/timer/Alarm32khz16C.nc" nicename="tos.chips.msp430.timer.Alarm32khz16C" qname="AlarmMilli32C.AlarmFrom">
      <documentation loc="33:/opt/tinyos-2.1.2/tos/chips/msp430/timer/Alarm32khz16C.nc">
        <short>
 Alarm32khzC is the alarm for async 32khz alarms

 </short>
        <long>
 Alarm32khzC is the alarm for async 32khz alarms

 @author Cory Sharp &lt;cssharp@eecs.berkeley.edu&gt;
 @see  Please refer to TEP 102 for more information about this component and its
          intended use.
</long>
      </documentation>
      <instance>
        <component-ref nicename="tos.chips.msp430.timer.Alarm32khz16C" qname="Alarm32khz16C"/>
      </instance>
      <configuration/>
    </component><component loc="41:/opt/tinyos-2.1.2/tos/chips/msp430/timer/CounterMilli32C.nc" nicename="tos.chips.msp430.timer.CounterMilli32C" qname="CounterMilli32C">
      <documentation loc="33:/opt/tinyos-2.1.2/tos/chips/msp430/timer/CounterMilli32C.nc">
        <short>
 CounterMilli32C provides at 32-bit counter at 1024 ticks per second.</short>
        <long>
 CounterMilli32C provides at 32-bit counter at 1024 ticks per second.

 @author Cory Sharp &lt;cssharp@eecs.berkeley.edu&gt;
 @see  Please refer to TEP 102 for more information about this component and its
          intended use.
</long>
      </documentation>
      <configuration/>
      <wiring>
        <wire loc="50:/opt/tinyos-2.1.2/tos/chips/msp430/timer/CounterMilli32C.nc">
          <from><interface-ref name="Counter" ref="0x7fcf8fd728c0" scoped=""/></from>
          <to><interface-ref name="Counter" ref="0x7fcf8fd54cf0" scoped=""/></to>
        </wire>
        <wire loc="52:/opt/tinyos-2.1.2/tos/chips/msp430/timer/CounterMilli32C.nc">
          <from><interface-ref name="CounterFrom" ref="0x7fcf8fd360f0" scoped=""/></from>
          <to><interface-ref name="Msp430Counter32khz" ref="0x7fcf8fd708e0" scoped=""/></to>
        </wire>
      </wiring>
    </component><component abstract="" loc="51(AlarmMilli32C.Transform):/opt/tinyos-2.1.2/tos/lib/timer/TransformAlarmC.nc" nicename="tos.lib.timer.TransformAlarmC" qname="AlarmMilli32C.Transform">
      <documentation loc="34:/opt/tinyos-2.1.2/tos/lib/timer/TransformAlarmC.nc">
        <short>
 TransformAlarmC decreases precision and/or widens an Alarm.</short>
        <long>
 TransformAlarmC decreases precision and/or widens an Alarm.  An already
 widened Counter component is used to help.

 &lt;p&gt;See TEP102 for more details.
 @param to_precision_tag A type indicating the precision of the transformed
   Alarm.
 @param to_size_type The type for the width of the transformed Alarm.
 @param from_precision_tag A type indicating the precision of the original
   Alarm.
 @param from_size_type The type for the width of the original Alarm.
 @param bit_shift_right Original time units will be 2 to the power 
   &lt;code&gt;bit_shift_right&lt;/code&gt; larger than transformed time units.

 @author Cory Sharp &lt;cssharp@eecs.berkeley.edu&gt;
</long>
      </documentation>
      <instance>
        <component-ref nicename="tos.lib.timer.TransformAlarmC" qname="TransformAlarmC"/>
        <arguments>
          <type-tag alignment="I:2" size="I:2"><struct-ref ref="0x7fcf90355ec0"/>
            <typename><typedef-ref name="TMilli" ref="0x7fcf9017a260"/></typename>
          </type-tag>
          <type-int alignment="I:2" cname="unsigned long" size="I:4" unsigned="">
            <typename><typedef-ref name="uint32_t" ref="0x7fcf9126f920"/></typename>
          </type-int>
          <type-tag alignment="I:2" size="I:2"><struct-ref ref="0x7fcf9017a6a0"/>
            <typename><typedef-ref name="T32khz" ref="0x7fcf9017aa10"/></typename>
          </type-tag>
          <type-int alignment="I:2" cname="unsigned int" size="I:2" unsigned="">
            <typename><typedef-ref name="uint16_t" ref="0x7fcf9126f520"/></typename>
          </type-int>
          <value cst="I:5">
            <type-int alignment="I:2" cname="int" size="I:2"/>
          </value>
        </arguments>
      </instance>
      <module/>
    </component></referenced></component>