<?xml version="1.0" ?><component abstract="" loc="37:/opt/tinyos-2.1.2/tos/chips/msp430/usart/Msp430UsartShareP.nc" nicename="tos.chips.msp430.usart.Msp430UsartShareP" qname="Msp430UsartShareP" safe="">
      <documentation loc="32:/opt/tinyos-2.1.2/tos/chips/msp430/usart/Msp430UsartShareP.nc">
        <short>
 </short>
        <long>
 @author Jonathan Hui &lt;jhui@archrock.com&gt;
 @version $Revision: 1.5 $ $Date: 2008-06-26 04:39:08 $
</long>
      </documentation>
      <parameters>
      </parameters>
      <module/>
    <specification><interface loc="43:/opt/tinyos-2.1.2/tos/chips/msp430/usart/Msp430UsartShareP.nc" name="ArbiterInfo" provided="0" ref="0x7fcf8f8096a0">
      <component-ref nicename="tos.chips.msp430.usart.Msp430UsartShareP" qname="Msp430UsartShareP"/>
      <type-interface alignment="I:2" size="I:2"><interface-ref name="ArbiterInfo" ref="0x7fcf8f8096a0" scoped=""/></type-interface>
      <instance>
        <interfacedef-ref nicename="tos.interfaces.ArbiterInfo" qname="ArbiterInfo"/>
      </instance>
      <interface-functions>
        <function-ref name="inUse" ref="0x7fcf8f809a20" scoped=""/>
        <function-ref name="userId" ref="0x7fcf8f809bb0" scoped=""/>
      </interface-functions>
    </interface><interface loc="39:/opt/tinyos-2.1.2/tos/chips/msp430/usart/Msp430UsartShareP.nc" name="Interrupts" provided="1" ref="0x7fcf8f80b1d0">
      <component-ref nicename="tos.chips.msp430.usart.Msp430UsartShareP" qname="Msp430UsartShareP"/>
      <type-interface alignment="I:2" size="I:2"><interface-ref name="Interrupts" ref="0x7fcf8f80b1d0" scoped=""/></type-interface>
      <instance>
        <interfacedef-ref nicename="tos.chips.msp430.usart.HplMsp430UsartInterrupts" qname="HplMsp430UsartInterrupts"/>
      </instance>
      <interface-parameters>
        <type-int alignment="I:1" cname="unsigned char" size="I:1" unsigned="">
          <typename><typedef-ref name="uint8_t" ref="0x7fcf9126f160"/></typename>
        </type-int>
      </interface-parameters>
      <interface-functions>
        <function-ref name="rxDone" ref="0x7fcf8f80b550" scoped=""/>
        <function-ref name="txDone" ref="0x7fcf8f80b6e0" scoped=""/>
      </interface-functions>
    </interface><interface loc="42:/opt/tinyos-2.1.2/tos/chips/msp430/usart/Msp430UsartShareP.nc" name="RawI2CInterrupts" provided="0" ref="0x7fcf8f809020">
      <component-ref nicename="tos.chips.msp430.usart.Msp430UsartShareP" qname="Msp430UsartShareP"/>
      <type-interface alignment="I:2" size="I:2"><interface-ref name="RawI2CInterrupts" ref="0x7fcf8f809020" scoped=""/></type-interface>
      <instance>
        <interfacedef-ref nicename="tos.chips.msp430.usart.HplMsp430I2CInterrupts" qname="HplMsp430I2CInterrupts"/>
      </instance>
      <interface-functions>
        <function-ref name="fired" ref="0x7fcf8f8093a0" scoped=""/>
      </interface-functions>
    </interface><interface loc="40:/opt/tinyos-2.1.2/tos/chips/msp430/usart/Msp430UsartShareP.nc" name="I2CInterrupts" provided="1" ref="0x7fcf8f808d30">
      <component-ref nicename="tos.chips.msp430.usart.Msp430UsartShareP" qname="Msp430UsartShareP"/>
      <type-interface alignment="I:2" size="I:2"><interface-ref name="I2CInterrupts" ref="0x7fcf8f808d30" scoped=""/></type-interface>
      <instance>
        <interfacedef-ref nicename="tos.chips.msp430.usart.HplMsp430I2CInterrupts" qname="HplMsp430I2CInterrupts"/>
      </instance>
      <interface-parameters>
        <type-int alignment="I:1" cname="unsigned char" size="I:1" unsigned="">
          <typename><typedef-ref name="uint8_t" ref="0x7fcf9126f160"/></typename>
        </type-int>
      </interface-parameters>
      <interface-functions>
        <function-ref name="fired" ref="0x7fcf8f80a0e0" scoped=""/>
      </interface-functions>
    </interface><interface loc="41:/opt/tinyos-2.1.2/tos/chips/msp430/usart/Msp430UsartShareP.nc" name="RawInterrupts" provided="0" ref="0x7fcf8f80a540">
      <component-ref nicename="tos.chips.msp430.usart.Msp430UsartShareP" qname="Msp430UsartShareP"/>
      <type-interface alignment="I:2" size="I:2"><interface-ref name="RawInterrupts" ref="0x7fcf8f80a540" scoped=""/></type-interface>
      <instance>
        <interfacedef-ref nicename="tos.chips.msp430.usart.HplMsp430UsartInterrupts" qname="HplMsp430UsartInterrupts"/>
      </instance>
      <interface-functions>
        <function-ref name="rxDone" ref="0x7fcf8f80a8c0" scoped=""/>
        <function-ref name="txDone" ref="0x7fcf8f80aa50" scoped=""/>
      </interface-functions>
    </interface></specification><referenced/></component>