<?xml version="1.0" ?><component abstract="" loc="41:/opt/tinyos-2.1.2/tos/chips/msp430/usart/Msp430UartP.nc" nicename="tos.chips.msp430.usart.Msp430UartP" qname="Msp430UartP">
      <documentation loc="32:/opt/tinyos-2.1.2/tos/chips/msp430/usart/Msp430UartP.nc">
        <short>
 </short>
        <long>
 @author Jonathan Hui &lt;jhui@archrock.com&gt;
 @author Vlado Handziski &lt;handzisk@tkn.tu-berlin.de&gt;
 @author Eric B. Decker &lt;cire831@gmail.com&gt;
 @version $Revision: 1.7 $ $Date: 2008-06-04 05:31:15 $
</long>
      </documentation>
      <parameters>
      </parameters>
      <module/>
    <specification><interface loc="44:/opt/tinyos-2.1.2/tos/chips/msp430/usart/Msp430UartP.nc" name="ResourceConfigure" provided="1" ref="0x7fcf8f95abc0">
      <component-ref nicename="tos.chips.msp430.usart.Msp430UartP" qname="Msp430UartP"/>
      <type-interface alignment="I:2" size="I:2"><interface-ref name="ResourceConfigure" ref="0x7fcf8f95abc0" scoped=""/></type-interface>
      <instance>
        <interfacedef-ref nicename="tos.interfaces.ResourceConfigure" qname="ResourceConfigure"/>
      </instance>
      <interface-parameters>
        <type-int alignment="I:1" cname="unsigned char" size="I:1" unsigned="">
          <typename><typedef-ref name="uint8_t" ref="0x7fcf9126f160"/></typename>
        </type-int>
      </interface-parameters>
      <interface-functions>
        <function-ref name="unconfigure" ref="0x7fcf8f958020" scoped=""/>
        <function-ref name="configure" ref="0x7fcf8f9581b0" scoped=""/>
      </interface-functions>
    </interface><interface loc="46:/opt/tinyos-2.1.2/tos/chips/msp430/usart/Msp430UartP.nc" name="UartByte" provided="1" ref="0x7fcf8f956050">
      <component-ref nicename="tos.chips.msp430.usart.Msp430UartP" qname="Msp430UartP"/>
      <type-interface alignment="I:2" size="I:2"><interface-ref name="UartByte" ref="0x7fcf8f956050" scoped=""/></type-interface>
      <instance>
        <interfacedef-ref nicename="tos.interfaces.UartByte" qname="UartByte"/>
      </instance>
      <interface-parameters>
        <type-int alignment="I:1" cname="unsigned char" size="I:1" unsigned="">
          <typename><typedef-ref name="uint8_t" ref="0x7fcf9126f160"/></typename>
        </type-int>
      </interface-parameters>
      <interface-functions>
        <function-ref name="send" ref="0x7fcf8f9563d0" scoped=""/>
        <function-ref name="receive" ref="0x7fcf8f956560" scoped=""/>
      </interface-functions>
    </interface><interface loc="49:/opt/tinyos-2.1.2/tos/chips/msp430/usart/Msp430UartP.nc" name="Msp430UartConfigure" provided="0" ref="0x7fcf8f9531d0">
      <component-ref nicename="tos.chips.msp430.usart.Msp430UartP" qname="Msp430UartP"/>
      <type-interface alignment="I:2" size="I:2"><interface-ref name="Msp430UartConfigure" ref="0x7fcf8f9531d0" scoped=""/></type-interface>
      <instance>
        <interfacedef-ref nicename="tos.chips.msp430.usart.Msp430UartConfigure" qname="Msp430UartConfigure"/>
      </instance>
      <interface-parameters>
        <type-int alignment="I:1" cname="unsigned char" size="I:1" unsigned="">
          <typename><typedef-ref name="uint8_t" ref="0x7fcf9126f160"/></typename>
        </type-int>
      </interface-parameters>
      <interface-functions>
        <function-ref name="getConfig" ref="0x7fcf8f953550" scoped=""/>
      </interface-functions>
    </interface><interface loc="50:/opt/tinyos-2.1.2/tos/chips/msp430/usart/Msp430UartP.nc" name="Usart" provided="0" ref="0x7fcf8f935170">
      <component-ref nicename="tos.chips.msp430.usart.Msp430UartP" qname="Msp430UartP"/>
      <type-interface alignment="I:2" size="I:2"><interface-ref name="Usart" ref="0x7fcf8f935170" scoped=""/></type-interface>
      <instance>
        <interfacedef-ref nicename="tos.chips.msp430.usart.HplMsp430Usart" qname="HplMsp430Usart"/>
      </instance>
      <interface-functions>
        <function-ref name="isTxEmpty" ref="0x7fcf8f9354f0" scoped=""/>
        <function-ref name="enableUartRx" ref="0x7fcf8f935680" scoped=""/>
        <function-ref name="setUctl" ref="0x7fcf8f935810" scoped=""/>
        <function-ref name="enableUart" ref="0x7fcf8f9359a0" scoped=""/>
        <function-ref name="setUrctl" ref="0x7fcf8f935b30" scoped=""/>
        <function-ref name="enableRxIntr" ref="0x7fcf8f935cc0" scoped=""/>
        <function-ref name="clrRxIntr" ref="0x7fcf8f935e50" scoped=""/>
        <function-ref name="getUtctl" ref="0x7fcf8f952020" scoped=""/>
        <function-ref name="getUrctl" ref="0x7fcf8f9521b0" scoped=""/>
        <function-ref name="resetUsart" ref="0x7fcf8f952340" scoped=""/>
        <function-ref name="getUmctl" ref="0x7fcf8f9524d0" scoped=""/>
        <function-ref name="disableIntr" ref="0x7fcf8f952660" scoped=""/>
        <function-ref name="setUtctl" ref="0x7fcf8f9527f0" scoped=""/>
        <function-ref name="getUbr" ref="0x7fcf8f952a80" scoped=""/>
        <function-ref name="enableTxIntr" ref="0x7fcf8f952c10" scoped=""/>
        <function-ref name="setUmctl" ref="0x7fcf8f952da0" scoped=""/>
        <function-ref name="isUartRx" ref="0x7fcf8f951020" scoped=""/>
        <function-ref name="isUart" ref="0x7fcf8f9511b0" scoped=""/>
        <function-ref name="disableRxIntr" ref="0x7fcf8f951340" scoped=""/>
        <function-ref name="isSpi" ref="0x7fcf8f9514d0" scoped=""/>
        <function-ref name="enableUartTx" ref="0x7fcf8f951660" scoped=""/>
        <function-ref name="disableTxIntr" ref="0x7fcf8f9517f0" scoped=""/>
        <function-ref name="disableUartRx" ref="0x7fcf8f951980" scoped=""/>
        <function-ref name="enableIntr" ref="0x7fcf8f951b10" scoped=""/>
        <function-ref name="getMode" ref="0x7fcf8f951ca0" scoped=""/>
        <function-ref name="isTxIntrPending" ref="0x7fcf8f934220" scoped=""/>
        <function-ref name="clrIntr" ref="0x7fcf8f9343b0" scoped=""/>
        <function-ref name="setUbr" ref="0x7fcf8f934540" scoped=""/>
        <function-ref name="tx" ref="0x7fcf8f9346d0" scoped=""/>
        <function-ref name="getUctl" ref="0x7fcf8f934860" scoped=""/>
        <function-ref name="disableUart" ref="0x7fcf8f9349f0" scoped=""/>
        <function-ref name="enableSpi" ref="0x7fcf8f934b80" scoped=""/>
        <function-ref name="setModeUart" ref="0x7fcf8f934d10" scoped=""/>
        <function-ref name="setModeSpi" ref="0x7fcf8f933020" scoped=""/>
        <function-ref name="rx" ref="0x7fcf8f9331b0" scoped=""/>
        <function-ref name="isRxIntrPending" ref="0x7fcf8f933340" scoped=""/>
        <function-ref name="isUartTx" ref="0x7fcf8f9334d0" scoped=""/>
        <function-ref name="clrTxIntr" ref="0x7fcf8f933660" scoped=""/>
        <function-ref name="disableSpi" ref="0x7fcf8f9337f0" scoped=""/>
        <function-ref name="disableUartTx" ref="0x7fcf8f933980" scoped=""/>
      </interface-functions>
    </interface><interface loc="45:/opt/tinyos-2.1.2/tos/chips/msp430/usart/Msp430UartP.nc" name="UartStream" provided="1" ref="0x7fcf8f9589f0">
      <component-ref nicename="tos.chips.msp430.usart.Msp430UartP" qname="Msp430UartP"/>
      <type-interface alignment="I:2" size="I:2"><interface-ref name="UartStream" ref="0x7fcf8f9589f0" scoped=""/></type-interface>
      <instance>
        <interfacedef-ref nicename="tos.interfaces.UartStream" qname="UartStream"/>
      </instance>
      <interface-parameters>
        <type-int alignment="I:1" cname="unsigned char" size="I:1" unsigned="">
          <typename><typedef-ref name="uint8_t" ref="0x7fcf9126f160"/></typename>
        </type-int>
      </interface-parameters>
      <interface-functions>
        <function-ref name="send" ref="0x7fcf8f958d70" scoped=""/>
        <function-ref name="receivedByte" ref="0x7fcf8f957020" scoped=""/>
        <function-ref name="receive" ref="0x7fcf8f9571b0" scoped=""/>
        <function-ref name="enableReceiveInterrupt" ref="0x7fcf8f957340" scoped=""/>
        <function-ref name="receiveDone" ref="0x7fcf8f9574d0" scoped=""/>
        <function-ref name="disableReceiveInterrupt" ref="0x7fcf8f957660" scoped=""/>
        <function-ref name="sendDone" ref="0x7fcf8f9577f0" scoped=""/>
      </interface-functions>
    </interface><interface loc="52:/opt/tinyos-2.1.2/tos/chips/msp430/usart/Msp430UartP.nc" name="Counter" provided="0" ref="0x7fcf8f932e40">
      <component-ref nicename="tos.chips.msp430.usart.Msp430UartP" qname="Msp430UartP"/>
      <type-interface alignment="I:2" size="I:2"><interface-ref name="Counter" ref="0x7fcf8f932e40" scoped=""/></type-interface>
      <instance>
        <interfacedef-ref nicename="tos.lib.timer.Counter" qname="Counter"/>
        <arguments>
          <type-tag alignment="I:2" size="I:2"><struct-ref ref="0x7fcf9017a6a0"/>
            <typename><typedef-ref name="T32khz" ref="0x7fcf9017aa10"/></typename>
          </type-tag>
          <type-int alignment="I:2" cname="unsigned int" size="I:2" unsigned="">
            <typename><typedef-ref name="uint16_t" ref="0x7fcf9126f520"/></typename>
          </type-int>
        </arguments>
      </instance>
      <interface-functions>
        <function-ref name="get" ref="0x7fcf8f931ca0" scoped=""/>
        <function-ref name="clearOverflow" ref="0x7fcf8f930670" scoped=""/>
        <function-ref name="isOverflowPending" ref="0x7fcf8f9301b0" scoped=""/>
        <function-ref name="overflow" ref="0x7fcf8f930b30" scoped=""/>
      </interface-functions>
    </interface><interface loc="48:/opt/tinyos-2.1.2/tos/chips/msp430/usart/Msp430UartP.nc" name="UsartResource" provided="0" ref="0x7fcf8f956e60">
      <component-ref nicename="tos.chips.msp430.usart.Msp430UartP" qname="Msp430UartP"/>
      <type-interface alignment="I:2" size="I:2"><interface-ref name="UsartResource" ref="0x7fcf8f956e60" scoped=""/></type-interface>
      <instance>
        <interfacedef-ref nicename="tos.interfaces.Resource" qname="Resource"/>
      </instance>
      <interface-parameters>
        <type-int alignment="I:1" cname="unsigned char" size="I:1" unsigned="">
          <typename><typedef-ref name="uint8_t" ref="0x7fcf9126f160"/></typename>
        </type-int>
      </interface-parameters>
      <interface-functions>
        <function-ref name="release" ref="0x7fcf8f954210" scoped=""/>
        <function-ref name="immediateRequest" ref="0x7fcf8f9543a0" scoped=""/>
        <function-ref name="request" ref="0x7fcf8f954530" scoped=""/>
        <function-ref name="granted" ref="0x7fcf8f9546c0" scoped=""/>
        <function-ref name="isOwner" ref="0x7fcf8f954850" scoped=""/>
      </interface-functions>
    </interface><interface loc="43:/opt/tinyos-2.1.2/tos/chips/msp430/usart/Msp430UartP.nc" name="Resource" provided="1" ref="0x7fcf8f95b940">
      <component-ref nicename="tos.chips.msp430.usart.Msp430UartP" qname="Msp430UartP"/>
      <type-interface alignment="I:2" size="I:2"><interface-ref name="Resource" ref="0x7fcf8f95b940" scoped=""/></type-interface>
      <instance>
        <interfacedef-ref nicename="tos.interfaces.Resource" qname="Resource"/>
      </instance>
      <interface-parameters>
        <type-int alignment="I:1" cname="unsigned char" size="I:1" unsigned="">
          <typename><typedef-ref name="uint8_t" ref="0x7fcf9126f160"/></typename>
        </type-int>
      </interface-parameters>
      <interface-functions>
        <function-ref name="release" ref="0x7fcf8f95bcc0" scoped=""/>
        <function-ref name="immediateRequest" ref="0x7fcf8f95be50" scoped=""/>
        <function-ref name="request" ref="0x7fcf8f95a020" scoped=""/>
        <function-ref name="granted" ref="0x7fcf8f95a1b0" scoped=""/>
        <function-ref name="isOwner" ref="0x7fcf8f95a340" scoped=""/>
      </interface-functions>
    </interface><interface loc="51:/opt/tinyos-2.1.2/tos/chips/msp430/usart/Msp430UartP.nc" name="UsartInterrupts" provided="0" ref="0x7fcf8f932370">
      <component-ref nicename="tos.chips.msp430.usart.Msp430UartP" qname="Msp430UartP"/>
      <type-interface alignment="I:2" size="I:2"><interface-ref name="UsartInterrupts" ref="0x7fcf8f932370" scoped=""/></type-interface>
      <instance>
        <interfacedef-ref nicename="tos.chips.msp430.usart.HplMsp430UsartInterrupts" qname="HplMsp430UsartInterrupts"/>
      </instance>
      <interface-parameters>
        <type-int alignment="I:1" cname="unsigned char" size="I:1" unsigned="">
          <typename><typedef-ref name="uint8_t" ref="0x7fcf9126f160"/></typename>
        </type-int>
      </interface-parameters>
      <interface-functions>
        <function-ref name="rxDone" ref="0x7fcf8f9326f0" scoped=""/>
        <function-ref name="txDone" ref="0x7fcf8f932880" scoped=""/>
      </interface-functions>
    </interface><interface loc="53:/opt/tinyos-2.1.2/tos/chips/msp430/usart/Msp430UartP.nc" name="Leds" provided="0" ref="0x7fcf8f92f020">
      <component-ref nicename="tos.chips.msp430.usart.Msp430UartP" qname="Msp430UartP"/>
      <type-interface alignment="I:2" size="I:2"><interface-ref name="Leds" ref="0x7fcf8f92f020" scoped=""/></type-interface>
      <instance>
        <interfacedef-ref nicename="tos.interfaces.Leds" qname="Leds"/>
      </instance>
      <interface-functions>
        <function-ref name="led0Off" ref="0x7fcf8f92f3a0" scoped=""/>
        <function-ref name="led0Toggle" ref="0x7fcf8f92f530" scoped=""/>
        <function-ref name="led1On" ref="0x7fcf8f92f6c0" scoped=""/>
        <function-ref name="led1Toggle" ref="0x7fcf8f92f850" scoped=""/>
        <function-ref name="led2Toggle" ref="0x7fcf8f92f9e0" scoped=""/>
        <function-ref name="get" ref="0x7fcf8f92fb70" scoped=""/>
        <function-ref name="led1Off" ref="0x7fcf8f92fd00" scoped=""/>
        <function-ref name="led2Off" ref="0x7fcf8f92e4d0" scoped=""/>
        <function-ref name="set" ref="0x7fcf8f92e020" scoped=""/>
        <function-ref name="led0On" ref="0x7fcf8f92e1b0" scoped=""/>
        <function-ref name="led2On" ref="0x7fcf8f92e340" scoped=""/>
      </interface-functions>
    </interface></specification><referenced/></component>