<?xml version="1.0" ?><component loc="74:/opt/tinyos-2.1.2/tos/chips/msp430/usart/HplMsp430Usart1C.nc" nicename="tos.chips.msp430.usart.HplMsp430Usart1C" qname="HplMsp430Usart1C">
      <documentation loc="31:/opt/tinyos-2.1.2/tos/chips/msp430/usart/msp430usart.h">
        <short>
 </short>
        <long>
 @author Vlado Handziski &lt;handzisk@tkn.tu-berlin.de&gt;
 @author Philipp Huppertz &lt;huppertz@tkn.tu-berlin.de&gt;
</long>
      </documentation>
      <configuration/>
      <wiring>
        <wire loc="89:/opt/tinyos-2.1.2/tos/chips/msp430/usart/HplMsp430Usart1C.nc">
          <from><interface-ref name="HplMsp430UsartInterrupts" ref="0x7fcf8f8c1d10" scoped=""/></from>
          <to><interface-ref name="Interrupts" ref="0x7fcf8f8b7460" scoped=""/></to>
        </wire>
        <wire loc="87:/opt/tinyos-2.1.2/tos/chips/msp430/usart/HplMsp430Usart1C.nc">
          <from><interface-ref name="AsyncStdControl" ref="0x7fcf8f8c4840" scoped=""/></from>
          <to><interface-ref name="AsyncStdControl" ref="0x7fcf8f8bd0c0" scoped=""/></to>
        </wire>
        <wire loc="88:/opt/tinyos-2.1.2/tos/chips/msp430/usart/HplMsp430Usart1C.nc">
          <from><interface-ref name="HplMsp430Usart" ref="0x7fcf8f8c60c0" scoped=""/></from>
          <to><interface-ref name="Usart" ref="0x7fcf8f8bd970" scoped=""/></to>
        </wire>
        <wire loc="91:/opt/tinyos-2.1.2/tos/chips/msp430/usart/HplMsp430Usart1C.nc">
          <from><interface-ref name="SIMO" ref="0x7fcf8f8b7d30" scoped=""/></from>
          <to><interface-ref name="SIMO1" ref="0x7fcf90045580" scoped=""/></to>
        </wire>
        <wire loc="92:/opt/tinyos-2.1.2/tos/chips/msp430/usart/HplMsp430Usart1C.nc">
          <from><interface-ref name="SOMI" ref="0x7fcf8f8b5cb0" scoped=""/></from>
          <to><interface-ref name="SOMI1" ref="0x7fcf90043580" scoped=""/></to>
        </wire>
        <wire loc="93:/opt/tinyos-2.1.2/tos/chips/msp430/usart/HplMsp430Usart1C.nc">
          <from><interface-ref name="UCLK" ref="0x7fcf8f8b3cb0" scoped=""/></from>
          <to><interface-ref name="UCLK1" ref="0x7fcf90041580" scoped=""/></to>
        </wire>
        <wire loc="94:/opt/tinyos-2.1.2/tos/chips/msp430/usart/HplMsp430Usart1C.nc">
          <from><interface-ref name="URXD" ref="0x7fcf8f8b1cb0" scoped=""/></from>
          <to><interface-ref name="URXD1" ref="0x7fcf9003d580" scoped=""/></to>
        </wire>
        <wire loc="95:/opt/tinyos-2.1.2/tos/chips/msp430/usart/HplMsp430Usart1C.nc">
          <from><interface-ref name="UTXD" ref="0x7fcf8f8afcb0" scoped=""/></from>
          <to><interface-ref name="UTXD1" ref="0x7fcf9003f580" scoped=""/></to>
        </wire>
      </wiring>
    <specification><interface loc="78:/opt/tinyos-2.1.2/tos/chips/msp430/usart/HplMsp430Usart1C.nc" name="HplMsp430UsartInterrupts" provided="1" ref="0x7fcf8f8c1d10">
      <component-ref nicename="tos.chips.msp430.usart.HplMsp430Usart1C" qname="HplMsp430Usart1C"/>
      <type-interface alignment="I:2" size="I:2"><interface-ref name="HplMsp430UsartInterrupts" ref="0x7fcf8f8c1d10" scoped=""/></type-interface>
      <instance>
        <interfacedef-ref nicename="tos.chips.msp430.usart.HplMsp430UsartInterrupts" qname="HplMsp430UsartInterrupts"/>
      </instance>
      <interface-functions>
        <function-ref name="rxDone" ref="0x7fcf8f8c00e0" scoped=""/>
        <function-ref name="txDone" ref="0x7fcf8f8c0270" scoped=""/>
      </interface-functions>
    </interface><interface loc="76:/opt/tinyos-2.1.2/tos/chips/msp430/usart/HplMsp430Usart1C.nc" name="AsyncStdControl" provided="1" ref="0x7fcf8f8c4840">
      <component-ref nicename="tos.chips.msp430.usart.HplMsp430Usart1C" qname="HplMsp430Usart1C"/>
      <type-interface alignment="I:2" size="I:2"><interface-ref name="AsyncStdControl" ref="0x7fcf8f8c4840" scoped=""/></type-interface>
      <instance>
        <interfacedef-ref nicename="tos.interfaces.AsyncStdControl" qname="AsyncStdControl"/>
      </instance>
      <interface-functions>
        <function-ref name="start" ref="0x7fcf8f8c4bc0" scoped=""/>
        <function-ref name="stop" ref="0x7fcf8f8c4d50" scoped=""/>
      </interface-functions>
    </interface><interface loc="77:/opt/tinyos-2.1.2/tos/chips/msp430/usart/HplMsp430Usart1C.nc" name="HplMsp430Usart" provided="1" ref="0x7fcf8f8c60c0">
      <component-ref nicename="tos.chips.msp430.usart.HplMsp430Usart1C" qname="HplMsp430Usart1C"/>
      <type-interface alignment="I:2" size="I:2"><interface-ref name="HplMsp430Usart" ref="0x7fcf8f8c60c0" scoped=""/></type-interface>
      <instance>
        <interfacedef-ref nicename="tos.chips.msp430.usart.HplMsp430Usart" qname="HplMsp430Usart"/>
      </instance>
      <interface-functions>
        <function-ref name="isTxEmpty" ref="0x7fcf8f8c6440" scoped=""/>
        <function-ref name="enableUartRx" ref="0x7fcf8f8c65d0" scoped=""/>
        <function-ref name="setUctl" ref="0x7fcf8f8c6760" scoped=""/>
        <function-ref name="enableUart" ref="0x7fcf8f8c68f0" scoped=""/>
        <function-ref name="setUrctl" ref="0x7fcf8f8c6a80" scoped=""/>
        <function-ref name="enableRxIntr" ref="0x7fcf8f8c6c10" scoped=""/>
        <function-ref name="clrRxIntr" ref="0x7fcf8f8c6da0" scoped=""/>
        <function-ref name="getUtctl" ref="0x7fcf8f8c5020" scoped=""/>
        <function-ref name="getUrctl" ref="0x7fcf8f8c51b0" scoped=""/>
        <function-ref name="resetUsart" ref="0x7fcf8f8c5340" scoped=""/>
        <function-ref name="getUmctl" ref="0x7fcf8f8c54d0" scoped=""/>
        <function-ref name="disableIntr" ref="0x7fcf8f8c5660" scoped=""/>
        <function-ref name="setUtctl" ref="0x7fcf8f8c57f0" scoped=""/>
        <function-ref name="getUbr" ref="0x7fcf8f8c5a80" scoped=""/>
        <function-ref name="enableTxIntr" ref="0x7fcf8f8c5c10" scoped=""/>
        <function-ref name="setUmctl" ref="0x7fcf8f8c5da0" scoped=""/>
        <function-ref name="isUartRx" ref="0x7fcf8f8c3020" scoped=""/>
        <function-ref name="isUart" ref="0x7fcf8f8c31b0" scoped=""/>
        <function-ref name="disableRxIntr" ref="0x7fcf8f8c3340" scoped=""/>
        <function-ref name="isSpi" ref="0x7fcf8f8c34d0" scoped=""/>
        <function-ref name="enableUartTx" ref="0x7fcf8f8c3660" scoped=""/>
        <function-ref name="disableTxIntr" ref="0x7fcf8f8c37f0" scoped=""/>
        <function-ref name="disableUartRx" ref="0x7fcf8f8c3980" scoped=""/>
        <function-ref name="enableIntr" ref="0x7fcf8f8c3b10" scoped=""/>
        <function-ref name="getMode" ref="0x7fcf8f8c3ca0" scoped=""/>
        <function-ref name="isTxIntrPending" ref="0x7fcf8f8c2220" scoped=""/>
        <function-ref name="clrIntr" ref="0x7fcf8f8c23b0" scoped=""/>
        <function-ref name="setUbr" ref="0x7fcf8f8c2540" scoped=""/>
        <function-ref name="tx" ref="0x7fcf8f8c26d0" scoped=""/>
        <function-ref name="getUctl" ref="0x7fcf8f8c2860" scoped=""/>
        <function-ref name="disableUart" ref="0x7fcf8f8c29f0" scoped=""/>
        <function-ref name="enableSpi" ref="0x7fcf8f8c2b80" scoped=""/>
        <function-ref name="setModeUart" ref="0x7fcf8f8c2d10" scoped=""/>
        <function-ref name="setModeSpi" ref="0x7fcf8f8c1020" scoped=""/>
        <function-ref name="rx" ref="0x7fcf8f8c11b0" scoped=""/>
        <function-ref name="isRxIntrPending" ref="0x7fcf8f8c1340" scoped=""/>
        <function-ref name="isUartTx" ref="0x7fcf8f8c14d0" scoped=""/>
        <function-ref name="clrTxIntr" ref="0x7fcf8f8c1660" scoped=""/>
        <function-ref name="disableSpi" ref="0x7fcf8f8c17f0" scoped=""/>
        <function-ref name="disableUartTx" ref="0x7fcf8f8c1980" scoped=""/>
      </interface-functions>
    </interface></specification><referenced><interface loc="79:/opt/tinyos-2.1.2/tos/chips/msp430/usart/HplMsp430Usart1P.nc" name="SOMI" provided="0" ref="0x7fcf8f8b5cb0">
      <component-ref nicename="tos.chips.msp430.usart.HplMsp430Usart1P" qname="HplMsp430Usart1P"/>
      <type-interface alignment="I:2" size="I:2"><interface-ref name="SOMI" ref="0x7fcf8f8b5cb0" scoped=""/></type-interface>
      <instance>
        <interfacedef-ref nicename="tos.chips.msp430.pins.HplMsp430GeneralIO" qname="HplMsp430GeneralIO"/>
      </instance>
      <interface-functions>
        <function-ref name="makeInput" ref="0x7fcf8f8b40a0" scoped=""/>
        <function-ref name="isInput" ref="0x7fcf8f8b4230" scoped=""/>
        <function-ref name="setResistor" ref="0x7fcf8f8b43c0" scoped=""/>
        <function-ref name="toggle" ref="0x7fcf8f8b4550" scoped=""/>
        <function-ref name="isOutput" ref="0x7fcf8f8b46e0" scoped=""/>
        <function-ref name="getResistor" ref="0x7fcf8f8b4870" scoped=""/>
        <function-ref name="makeOutput" ref="0x7fcf8f8b4a00" scoped=""/>
        <function-ref name="get" ref="0x7fcf8f8b4b90" scoped=""/>
        <function-ref name="selectIOFunc" ref="0x7fcf8f8b4d20" scoped=""/>
        <function-ref name="getRaw" ref="0x7fcf8f8b3020" scoped=""/>
        <function-ref name="set" ref="0x7fcf8f8b31b0" scoped=""/>
        <function-ref name="selectModuleFunc" ref="0x7fcf8f8b3340" scoped=""/>
        <function-ref name="isIOFunc" ref="0x7fcf8f8b34d0" scoped=""/>
        <function-ref name="isModuleFunc" ref="0x7fcf8f8b3760" scoped=""/>
        <function-ref name="clr" ref="0x7fcf8f8b38f0" scoped=""/>
      </interface-functions>
    </interface><interface loc="76:/opt/tinyos-2.1.2/tos/chips/msp430/usart/HplMsp430Usart1P.nc" name="Interrupts" provided="1" ref="0x7fcf8f8b7460">
      <component-ref nicename="tos.chips.msp430.usart.HplMsp430Usart1P" qname="HplMsp430Usart1P"/>
      <type-interface alignment="I:2" size="I:2"><interface-ref name="Interrupts" ref="0x7fcf8f8b7460" scoped=""/></type-interface>
      <instance>
        <interfacedef-ref nicename="tos.chips.msp430.usart.HplMsp430UsartInterrupts" qname="HplMsp430UsartInterrupts"/>
      </instance>
      <interface-functions>
        <function-ref name="rxDone" ref="0x7fcf8f8b77e0" scoped=""/>
        <function-ref name="txDone" ref="0x7fcf8f8b7970" scoped=""/>
      </interface-functions>
    </interface><interface loc="80:/opt/tinyos-2.1.2/tos/chips/msp430/usart/HplMsp430Usart1P.nc" name="UCLK" provided="0" ref="0x7fcf8f8b3cb0">
      <component-ref nicename="tos.chips.msp430.usart.HplMsp430Usart1P" qname="HplMsp430Usart1P"/>
      <type-interface alignment="I:2" size="I:2"><interface-ref name="UCLK" ref="0x7fcf8f8b3cb0" scoped=""/></type-interface>
      <instance>
        <interfacedef-ref nicename="tos.chips.msp430.pins.HplMsp430GeneralIO" qname="HplMsp430GeneralIO"/>
      </instance>
      <interface-functions>
        <function-ref name="makeInput" ref="0x7fcf8f8b20a0" scoped=""/>
        <function-ref name="isInput" ref="0x7fcf8f8b2230" scoped=""/>
        <function-ref name="setResistor" ref="0x7fcf8f8b23c0" scoped=""/>
        <function-ref name="toggle" ref="0x7fcf8f8b2550" scoped=""/>
        <function-ref name="isOutput" ref="0x7fcf8f8b26e0" scoped=""/>
        <function-ref name="getResistor" ref="0x7fcf8f8b2870" scoped=""/>
        <function-ref name="makeOutput" ref="0x7fcf8f8b2a00" scoped=""/>
        <function-ref name="get" ref="0x7fcf8f8b2b90" scoped=""/>
        <function-ref name="selectIOFunc" ref="0x7fcf8f8b2d20" scoped=""/>
        <function-ref name="getRaw" ref="0x7fcf8f8b1020" scoped=""/>
        <function-ref name="set" ref="0x7fcf8f8b11b0" scoped=""/>
        <function-ref name="selectModuleFunc" ref="0x7fcf8f8b1340" scoped=""/>
        <function-ref name="isIOFunc" ref="0x7fcf8f8b14d0" scoped=""/>
        <function-ref name="isModuleFunc" ref="0x7fcf8f8b1760" scoped=""/>
        <function-ref name="clr" ref="0x7fcf8f8b18f0" scoped=""/>
      </interface-functions>
    </interface><interface loc="156:/opt/tinyos-2.1.2/tos/chips/msp430/pins/HplMsp430GeneralIOC.nc" name="UTXD1" provided="1" ref="0x7fcf9003f580">
      <component-ref nicename="tos.chips.msp430.pins.HplMsp430GeneralIOC" qname="HplMsp430GeneralIOC"/>
      <type-interface alignment="I:2" size="I:2"><interface-ref name="UTXD1" ref="0x7fcf9003f580" scoped=""/></type-interface>
      <instance>
        <interfacedef-ref nicename="tos.chips.msp430.pins.HplMsp430GeneralIO" qname="HplMsp430GeneralIO"/>
      </instance>
      <interface-functions>
        <function-ref name="makeInput" ref="0x7fcf9003f900" scoped=""/>
        <function-ref name="isInput" ref="0x7fcf9003fa90" scoped=""/>
        <function-ref name="setResistor" ref="0x7fcf9003fc20" scoped=""/>
        <function-ref name="toggle" ref="0x7fcf9003fdb0" scoped=""/>
        <function-ref name="isOutput" ref="0x7fcf9003e020" scoped=""/>
        <function-ref name="getResistor" ref="0x7fcf9003e1b0" scoped=""/>
        <function-ref name="makeOutput" ref="0x7fcf9003e340" scoped=""/>
        <function-ref name="get" ref="0x7fcf9003e4d0" scoped=""/>
        <function-ref name="selectIOFunc" ref="0x7fcf9003e660" scoped=""/>
        <function-ref name="getRaw" ref="0x7fcf9003e7f0" scoped=""/>
        <function-ref name="set" ref="0x7fcf9003e980" scoped=""/>
        <function-ref name="selectModuleFunc" ref="0x7fcf9003eb10" scoped=""/>
        <function-ref name="isIOFunc" ref="0x7fcf9003eca0" scoped=""/>
        <function-ref name="isModuleFunc" ref="0x7fcf9003d020" scoped=""/>
        <function-ref name="clr" ref="0x7fcf9003d1b0" scoped=""/>
      </interface-functions>
    </interface><interface loc="154:/opt/tinyos-2.1.2/tos/chips/msp430/pins/HplMsp430GeneralIOC.nc" name="SOMI1" provided="1" ref="0x7fcf90043580">
      <component-ref nicename="tos.chips.msp430.pins.HplMsp430GeneralIOC" qname="HplMsp430GeneralIOC"/>
      <type-interface alignment="I:2" size="I:2"><interface-ref name="SOMI1" ref="0x7fcf90043580" scoped=""/></type-interface>
      <instance>
        <interfacedef-ref nicename="tos.chips.msp430.pins.HplMsp430GeneralIO" qname="HplMsp430GeneralIO"/>
      </instance>
      <interface-functions>
        <function-ref name="makeInput" ref="0x7fcf90043900" scoped=""/>
        <function-ref name="isInput" ref="0x7fcf90043a90" scoped=""/>
        <function-ref name="setResistor" ref="0x7fcf90043c20" scoped=""/>
        <function-ref name="toggle" ref="0x7fcf90043db0" scoped=""/>
        <function-ref name="isOutput" ref="0x7fcf90042020" scoped=""/>
        <function-ref name="getResistor" ref="0x7fcf900421b0" scoped=""/>
        <function-ref name="makeOutput" ref="0x7fcf90042340" scoped=""/>
        <function-ref name="get" ref="0x7fcf900424d0" scoped=""/>
        <function-ref name="selectIOFunc" ref="0x7fcf90042660" scoped=""/>
        <function-ref name="getRaw" ref="0x7fcf900427f0" scoped=""/>
        <function-ref name="set" ref="0x7fcf90042980" scoped=""/>
        <function-ref name="selectModuleFunc" ref="0x7fcf90042b10" scoped=""/>
        <function-ref name="isIOFunc" ref="0x7fcf90042ca0" scoped=""/>
        <function-ref name="isModuleFunc" ref="0x7fcf90041020" scoped=""/>
        <function-ref name="clr" ref="0x7fcf900411b0" scoped=""/>
      </interface-functions>
    </interface><interface loc="78:/opt/tinyos-2.1.2/tos/chips/msp430/usart/HplMsp430Usart1P.nc" name="SIMO" provided="0" ref="0x7fcf8f8b7d30">
      <component-ref nicename="tos.chips.msp430.usart.HplMsp430Usart1P" qname="HplMsp430Usart1P"/>
      <type-interface alignment="I:2" size="I:2"><interface-ref name="SIMO" ref="0x7fcf8f8b7d30" scoped=""/></type-interface>
      <instance>
        <interfacedef-ref nicename="tos.chips.msp430.pins.HplMsp430GeneralIO" qname="HplMsp430GeneralIO"/>
      </instance>
      <interface-functions>
        <function-ref name="makeInput" ref="0x7fcf8f8b60e0" scoped=""/>
        <function-ref name="isInput" ref="0x7fcf8f8b6270" scoped=""/>
        <function-ref name="setResistor" ref="0x7fcf8f8b6400" scoped=""/>
        <function-ref name="toggle" ref="0x7fcf8f8b6590" scoped=""/>
        <function-ref name="isOutput" ref="0x7fcf8f8b6720" scoped=""/>
        <function-ref name="getResistor" ref="0x7fcf8f8b68b0" scoped=""/>
        <function-ref name="makeOutput" ref="0x7fcf8f8b6a40" scoped=""/>
        <function-ref name="get" ref="0x7fcf8f8b6bd0" scoped=""/>
        <function-ref name="selectIOFunc" ref="0x7fcf8f8b6d60" scoped=""/>
        <function-ref name="getRaw" ref="0x7fcf8f8b5020" scoped=""/>
        <function-ref name="set" ref="0x7fcf8f8b51b0" scoped=""/>
        <function-ref name="selectModuleFunc" ref="0x7fcf8f8b5340" scoped=""/>
        <function-ref name="isIOFunc" ref="0x7fcf8f8b54d0" scoped=""/>
        <function-ref name="isModuleFunc" ref="0x7fcf8f8b5760" scoped=""/>
        <function-ref name="clr" ref="0x7fcf8f8b58f0" scoped=""/>
      </interface-functions>
    </interface><interface loc="157:/opt/tinyos-2.1.2/tos/chips/msp430/pins/HplMsp430GeneralIOC.nc" name="URXD1" provided="1" ref="0x7fcf9003d580">
      <component-ref nicename="tos.chips.msp430.pins.HplMsp430GeneralIOC" qname="HplMsp430GeneralIOC"/>
      <type-interface alignment="I:2" size="I:2"><interface-ref name="URXD1" ref="0x7fcf9003d580" scoped=""/></type-interface>
      <instance>
        <interfacedef-ref nicename="tos.chips.msp430.pins.HplMsp430GeneralIO" qname="HplMsp430GeneralIO"/>
      </instance>
      <interface-functions>
        <function-ref name="makeInput" ref="0x7fcf9003d900" scoped=""/>
        <function-ref name="isInput" ref="0x7fcf9003da90" scoped=""/>
        <function-ref name="setResistor" ref="0x7fcf9003dc20" scoped=""/>
        <function-ref name="toggle" ref="0x7fcf9003ddb0" scoped=""/>
        <function-ref name="isOutput" ref="0x7fcf9003c020" scoped=""/>
        <function-ref name="getResistor" ref="0x7fcf9003c1b0" scoped=""/>
        <function-ref name="makeOutput" ref="0x7fcf9003c340" scoped=""/>
        <function-ref name="get" ref="0x7fcf9003c4d0" scoped=""/>
        <function-ref name="selectIOFunc" ref="0x7fcf9003c660" scoped=""/>
        <function-ref name="getRaw" ref="0x7fcf9003c7f0" scoped=""/>
        <function-ref name="set" ref="0x7fcf9003c980" scoped=""/>
        <function-ref name="selectModuleFunc" ref="0x7fcf9003cb10" scoped=""/>
        <function-ref name="isIOFunc" ref="0x7fcf9003cca0" scoped=""/>
        <function-ref name="isModuleFunc" ref="0x7fcf9003b020" scoped=""/>
        <function-ref name="clr" ref="0x7fcf9003b1b0" scoped=""/>
      </interface-functions>
    </interface><interface loc="75:/opt/tinyos-2.1.2/tos/chips/msp430/usart/HplMsp430Usart1P.nc" name="Usart" provided="1" ref="0x7fcf8f8bd970">
      <component-ref nicename="tos.chips.msp430.usart.HplMsp430Usart1P" qname="HplMsp430Usart1P"/>
      <type-interface alignment="I:2" size="I:2"><interface-ref name="Usart" ref="0x7fcf8f8bd970" scoped=""/></type-interface>
      <instance>
        <interfacedef-ref nicename="tos.chips.msp430.usart.HplMsp430Usart" qname="HplMsp430Usart"/>
      </instance>
      <interface-functions>
        <function-ref name="isTxEmpty" ref="0x7fcf8f8bdcf0" scoped=""/>
        <function-ref name="enableUartRx" ref="0x7fcf8f8bde80" scoped=""/>
        <function-ref name="setUctl" ref="0x7fcf8f8bb030" scoped=""/>
        <function-ref name="enableUart" ref="0x7fcf8f8bb1c0" scoped=""/>
        <function-ref name="setUrctl" ref="0x7fcf8f8bb350" scoped=""/>
        <function-ref name="enableRxIntr" ref="0x7fcf8f8bb4e0" scoped=""/>
        <function-ref name="clrRxIntr" ref="0x7fcf8f8bb670" scoped=""/>
        <function-ref name="getUtctl" ref="0x7fcf8f8bb800" scoped=""/>
        <function-ref name="getUrctl" ref="0x7fcf8f8bb990" scoped=""/>
        <function-ref name="resetUsart" ref="0x7fcf8f8bbb20" scoped=""/>
        <function-ref name="getUmctl" ref="0x7fcf8f8bbcb0" scoped=""/>
        <function-ref name="disableIntr" ref="0x7fcf8f8bbe40" scoped=""/>
        <function-ref name="setUtctl" ref="0x7fcf8f8ba020" scoped=""/>
        <function-ref name="getUbr" ref="0x7fcf8f8ba2b0" scoped=""/>
        <function-ref name="enableTxIntr" ref="0x7fcf8f8ba440" scoped=""/>
        <function-ref name="setUmctl" ref="0x7fcf8f8ba5d0" scoped=""/>
        <function-ref name="isUartRx" ref="0x7fcf8f8ba760" scoped=""/>
        <function-ref name="isUart" ref="0x7fcf8f8ba8f0" scoped=""/>
        <function-ref name="disableRxIntr" ref="0x7fcf8f8baa80" scoped=""/>
        <function-ref name="isSpi" ref="0x7fcf8f8bac10" scoped=""/>
        <function-ref name="enableUartTx" ref="0x7fcf8f8bada0" scoped=""/>
        <function-ref name="disableTxIntr" ref="0x7fcf8f8b9020" scoped=""/>
        <function-ref name="disableUartRx" ref="0x7fcf8f8b91b0" scoped=""/>
        <function-ref name="enableIntr" ref="0x7fcf8f8b9340" scoped=""/>
        <function-ref name="getMode" ref="0x7fcf8f8b94d0" scoped=""/>
        <function-ref name="isTxIntrPending" ref="0x7fcf8f8b9860" scoped=""/>
        <function-ref name="clrIntr" ref="0x7fcf8f8b99f0" scoped=""/>
        <function-ref name="setUbr" ref="0x7fcf8f8b9b80" scoped=""/>
        <function-ref name="tx" ref="0x7fcf8f8b9d10" scoped=""/>
        <function-ref name="getUctl" ref="0x7fcf8f8b8020" scoped=""/>
        <function-ref name="disableUart" ref="0x7fcf8f8b81b0" scoped=""/>
        <function-ref name="enableSpi" ref="0x7fcf8f8b8340" scoped=""/>
        <function-ref name="setModeUart" ref="0x7fcf8f8b84d0" scoped=""/>
        <function-ref name="setModeSpi" ref="0x7fcf8f8b8660" scoped=""/>
        <function-ref name="rx" ref="0x7fcf8f8b87f0" scoped=""/>
        <function-ref name="isRxIntrPending" ref="0x7fcf8f8b8980" scoped=""/>
        <function-ref name="isUartTx" ref="0x7fcf8f8b8b10" scoped=""/>
        <function-ref name="clrTxIntr" ref="0x7fcf8f8b8ca0" scoped=""/>
        <function-ref name="disableSpi" ref="0x7fcf8f8b8e30" scoped=""/>
        <function-ref name="disableUartTx" ref="0x7fcf8f8b7020" scoped=""/>
      </interface-functions>
    </interface><interface loc="81:/opt/tinyos-2.1.2/tos/chips/msp430/usart/HplMsp430Usart1P.nc" name="URXD" provided="0" ref="0x7fcf8f8b1cb0">
      <component-ref nicename="tos.chips.msp430.usart.HplMsp430Usart1P" qname="HplMsp430Usart1P"/>
      <type-interface alignment="I:2" size="I:2"><interface-ref name="URXD" ref="0x7fcf8f8b1cb0" scoped=""/></type-interface>
      <instance>
        <interfacedef-ref nicename="tos.chips.msp430.pins.HplMsp430GeneralIO" qname="HplMsp430GeneralIO"/>
      </instance>
      <interface-functions>
        <function-ref name="makeInput" ref="0x7fcf8f8b00a0" scoped=""/>
        <function-ref name="isInput" ref="0x7fcf8f8b0230" scoped=""/>
        <function-ref name="setResistor" ref="0x7fcf8f8b03c0" scoped=""/>
        <function-ref name="toggle" ref="0x7fcf8f8b0550" scoped=""/>
        <function-ref name="isOutput" ref="0x7fcf8f8b06e0" scoped=""/>
        <function-ref name="getResistor" ref="0x7fcf8f8b0870" scoped=""/>
        <function-ref name="makeOutput" ref="0x7fcf8f8b0a00" scoped=""/>
        <function-ref name="get" ref="0x7fcf8f8b0b90" scoped=""/>
        <function-ref name="selectIOFunc" ref="0x7fcf8f8b0d20" scoped=""/>
        <function-ref name="getRaw" ref="0x7fcf8f8af020" scoped=""/>
        <function-ref name="set" ref="0x7fcf8f8af1b0" scoped=""/>
        <function-ref name="selectModuleFunc" ref="0x7fcf8f8af340" scoped=""/>
        <function-ref name="isIOFunc" ref="0x7fcf8f8af4d0" scoped=""/>
        <function-ref name="isModuleFunc" ref="0x7fcf8f8af760" scoped=""/>
        <function-ref name="clr" ref="0x7fcf8f8af8f0" scoped=""/>
      </interface-functions>
    </interface><interface loc="155:/opt/tinyos-2.1.2/tos/chips/msp430/pins/HplMsp430GeneralIOC.nc" name="UCLK1" provided="1" ref="0x7fcf90041580">
      <component-ref nicename="tos.chips.msp430.pins.HplMsp430GeneralIOC" qname="HplMsp430GeneralIOC"/>
      <type-interface alignment="I:2" size="I:2"><interface-ref name="UCLK1" ref="0x7fcf90041580" scoped=""/></type-interface>
      <instance>
        <interfacedef-ref nicename="tos.chips.msp430.pins.HplMsp430GeneralIO" qname="HplMsp430GeneralIO"/>
      </instance>
      <interface-functions>
        <function-ref name="makeInput" ref="0x7fcf90041900" scoped=""/>
        <function-ref name="isInput" ref="0x7fcf90041a90" scoped=""/>
        <function-ref name="setResistor" ref="0x7fcf90041c20" scoped=""/>
        <function-ref name="toggle" ref="0x7fcf90041db0" scoped=""/>
        <function-ref name="isOutput" ref="0x7fcf90040020" scoped=""/>
        <function-ref name="getResistor" ref="0x7fcf900401b0" scoped=""/>
        <function-ref name="makeOutput" ref="0x7fcf90040340" scoped=""/>
        <function-ref name="get" ref="0x7fcf900404d0" scoped=""/>
        <function-ref name="selectIOFunc" ref="0x7fcf90040660" scoped=""/>
        <function-ref name="getRaw" ref="0x7fcf900407f0" scoped=""/>
        <function-ref name="set" ref="0x7fcf90040980" scoped=""/>
        <function-ref name="selectModuleFunc" ref="0x7fcf90040b10" scoped=""/>
        <function-ref name="isIOFunc" ref="0x7fcf90040ca0" scoped=""/>
        <function-ref name="isModuleFunc" ref="0x7fcf9003f020" scoped=""/>
        <function-ref name="clr" ref="0x7fcf9003f1b0" scoped=""/>
      </interface-functions>
    </interface><interface loc="153:/opt/tinyos-2.1.2/tos/chips/msp430/pins/HplMsp430GeneralIOC.nc" name="SIMO1" provided="1" ref="0x7fcf90045580">
      <component-ref nicename="tos.chips.msp430.pins.HplMsp430GeneralIOC" qname="HplMsp430GeneralIOC"/>
      <type-interface alignment="I:2" size="I:2"><interface-ref name="SIMO1" ref="0x7fcf90045580" scoped=""/></type-interface>
      <instance>
        <interfacedef-ref nicename="tos.chips.msp430.pins.HplMsp430GeneralIO" qname="HplMsp430GeneralIO"/>
      </instance>
      <interface-functions>
        <function-ref name="makeInput" ref="0x7fcf90045900" scoped=""/>
        <function-ref name="isInput" ref="0x7fcf90045a90" scoped=""/>
        <function-ref name="setResistor" ref="0x7fcf90045c20" scoped=""/>
        <function-ref name="toggle" ref="0x7fcf90045db0" scoped=""/>
        <function-ref name="isOutput" ref="0x7fcf90044020" scoped=""/>
        <function-ref name="getResistor" ref="0x7fcf900441b0" scoped=""/>
        <function-ref name="makeOutput" ref="0x7fcf90044340" scoped=""/>
        <function-ref name="get" ref="0x7fcf900444d0" scoped=""/>
        <function-ref name="selectIOFunc" ref="0x7fcf90044660" scoped=""/>
        <function-ref name="getRaw" ref="0x7fcf900447f0" scoped=""/>
        <function-ref name="set" ref="0x7fcf90044980" scoped=""/>
        <function-ref name="selectModuleFunc" ref="0x7fcf90044b10" scoped=""/>
        <function-ref name="isIOFunc" ref="0x7fcf90044ca0" scoped=""/>
        <function-ref name="isModuleFunc" ref="0x7fcf90043020" scoped=""/>
        <function-ref name="clr" ref="0x7fcf900431b0" scoped=""/>
      </interface-functions>
    </interface><interface loc="82:/opt/tinyos-2.1.2/tos/chips/msp430/usart/HplMsp430Usart1P.nc" name="UTXD" provided="0" ref="0x7fcf8f8afcb0">
      <component-ref nicename="tos.chips.msp430.usart.HplMsp430Usart1P" qname="HplMsp430Usart1P"/>
      <type-interface alignment="I:2" size="I:2"><interface-ref name="UTXD" ref="0x7fcf8f8afcb0" scoped=""/></type-interface>
      <instance>
        <interfacedef-ref nicename="tos.chips.msp430.pins.HplMsp430GeneralIO" qname="HplMsp430GeneralIO"/>
      </instance>
      <interface-functions>
        <function-ref name="makeInput" ref="0x7fcf8f8ae0a0" scoped=""/>
        <function-ref name="isInput" ref="0x7fcf8f8ae230" scoped=""/>
        <function-ref name="setResistor" ref="0x7fcf8f8ae3c0" scoped=""/>
        <function-ref name="toggle" ref="0x7fcf8f8ae550" scoped=""/>
        <function-ref name="isOutput" ref="0x7fcf8f8ae6e0" scoped=""/>
        <function-ref name="getResistor" ref="0x7fcf8f8ae870" scoped=""/>
        <function-ref name="makeOutput" ref="0x7fcf8f8aea00" scoped=""/>
        <function-ref name="get" ref="0x7fcf8f8aeb90" scoped=""/>
        <function-ref name="selectIOFunc" ref="0x7fcf8f8aed20" scoped=""/>
        <function-ref name="getRaw" ref="0x7fcf8f8ad020" scoped=""/>
        <function-ref name="set" ref="0x7fcf8f8ad1b0" scoped=""/>
        <function-ref name="selectModuleFunc" ref="0x7fcf8f8ad340" scoped=""/>
        <function-ref name="isIOFunc" ref="0x7fcf8f8ad4d0" scoped=""/>
        <function-ref name="isModuleFunc" ref="0x7fcf8f8ad760" scoped=""/>
        <function-ref name="clr" ref="0x7fcf8f8ad8f0" scoped=""/>
      </interface-functions>
    </interface><interface loc="74:/opt/tinyos-2.1.2/tos/chips/msp430/usart/HplMsp430Usart1P.nc" name="AsyncStdControl" provided="1" ref="0x7fcf8f8bd0c0">
      <component-ref nicename="tos.chips.msp430.usart.HplMsp430Usart1P" qname="HplMsp430Usart1P"/>
      <type-interface alignment="I:2" size="I:2"><interface-ref name="AsyncStdControl" ref="0x7fcf8f8bd0c0" scoped=""/></type-interface>
      <instance>
        <interfacedef-ref nicename="tos.interfaces.AsyncStdControl" qname="AsyncStdControl"/>
      </instance>
      <interface-functions>
        <function-ref name="start" ref="0x7fcf8f8bd440" scoped=""/>
        <function-ref name="stop" ref="0x7fcf8f8bd5d0" scoped=""/>
      </interface-functions>
    </interface><component loc="45:/opt/tinyos-2.1.2/tos/chips/msp430/pins/HplMsp430GeneralIOC.nc" nicename="tos.chips.msp430.pins.HplMsp430GeneralIOC" qname="HplMsp430GeneralIOC">
      <documentation loc="35:/opt/tinyos-2.1.2/tos/chips/msp430/pins/HplMsp430GeneralIOC.nc">
        <short>
 HPL for the TI MSP430 family of microprocessors.</short>
        <long>
 HPL for the TI MSP430 family of microprocessors. This provides an
 abstraction for general-purpose I/O.

 @author Joe Polastre
 @author Xavier Orduna &lt;xorduna@dexmatech.com&gt;
 @author Peter A. Bigot &lt;pab@peoplepowerco.com&gt;
 @author Eric B. Decker &lt;cire831@gmail.com&gt;
</long>
      </documentation>
      <configuration/>
      <wiring>
        <wire loc="442:/opt/tinyos-2.1.2/tos/chips/msp430/pins/HplMsp430GeneralIOC.nc">
          <from><interface-ref name="Port14" ref="0x7fcf900b2020" scoped=""/></from>
          <to><interface-ref name="IO" ref="0x7fcf8ff65100" scoped=""/></to>
        </wire>
        <wire loc="455:/opt/tinyos-2.1.2/tos/chips/msp430/pins/HplMsp430GeneralIOC.nc">
          <from><interface-ref name="Port26" ref="0x7fcf9009d020" scoped=""/></from>
          <to><interface-ref name="IO" ref="0x7fcf8ff36d10" scoped=""/></to>
        </wire>
        <wire loc="531:/opt/tinyos-2.1.2/tos/chips/msp430/pins/HplMsp430GeneralIOC.nc">
          <from><interface-ref name="SDA" ref="0x7fcf90054560" scoped=""/></from>
          <to><interface-ref name="IO" ref="0x7fcf8ff27d10" scoped=""/></to>
        </wire>
        <wire loc="551:/opt/tinyos-2.1.2/tos/chips/msp430/pins/HplMsp430GeneralIOC.nc">
          <from><interface-ref name="ADC6" ref="0x7fcf9002f570" scoped=""/></from>
          <to><interface-ref name="IO" ref="0x7fcf8fe9b100" scoped=""/></to>
        </wire>
        <wire loc="532:/opt/tinyos-2.1.2/tos/chips/msp430/pins/HplMsp430GeneralIOC.nc">
          <from><interface-ref name="SOMI0" ref="0x7fcf90052580" scoped=""/></from>
          <to><interface-ref name="IO" ref="0x7fcf8ff22740" scoped=""/></to>
        </wire>
        <wire loc="460:/opt/tinyos-2.1.2/tos/chips/msp430/pins/HplMsp430GeneralIOC.nc">
          <from><interface-ref name="Port30" ref="0x7fcf90099020" scoped=""/></from>
          <to><interface-ref name="IO" ref="0x7fcf8ff2b100" scoped=""/></to>
        </wire>
        <wire loc="473:/opt/tinyos-2.1.2/tos/chips/msp430/pins/HplMsp430GeneralIOC.nc">
          <from><interface-ref name="Port42" ref="0x7fcf90085200" scoped=""/></from>
          <to><interface-ref name="IO" ref="0x7fcf8fefce00" scoped=""/></to>
        </wire>
        <wire loc="486:/opt/tinyos-2.1.2/tos/chips/msp430/pins/HplMsp430GeneralIOC.nc">
          <from><interface-ref name="Port54" ref="0x7fcf90070200" scoped=""/></from>
          <to><interface-ref name="IO" ref="0x7fcf8fecc740" scoped=""/></to>
        </wire>
        <wire loc="497:/opt/tinyos-2.1.2/tos/chips/msp430/pins/HplMsp430GeneralIOC.nc">
          <from><interface-ref name="Port64" ref="0x7fcf90060200" scoped=""/></from>
          <to><interface-ref name="IO" ref="0x7fcf8fea6d10" scoped=""/></to>
        </wire>
        <wire loc="535:/opt/tinyos-2.1.2/tos/chips/msp430/pins/HplMsp430GeneralIOC.nc">
          <from><interface-ref name="UTXD0" ref="0x7fcf9004b580" scoped=""/></from>
          <to><interface-ref name="IO" ref="0x7fcf8ff19d10" scoped=""/></to>
        </wire>
        <wire loc="545:/opt/tinyos-2.1.2/tos/chips/msp430/pins/HplMsp430GeneralIOC.nc">
          <from><interface-ref name="ADC0" ref="0x7fcf9003b570" scoped=""/></from>
          <to><interface-ref name="IO" ref="0x7fcf8feb8100" scoped=""/></to>
        </wire>
        <wire loc="557:/opt/tinyos-2.1.2/tos/chips/msp430/pins/HplMsp430GeneralIOC.nc">
          <from><interface-ref name="SVSIN" ref="0x7fcf90027580" scoped=""/></from>
          <to><interface-ref name="IO" ref="0x7fcf8fe97d10" scoped=""/></to>
        </wire>
        <wire loc="445:/opt/tinyos-2.1.2/tos/chips/msp430/pins/HplMsp430GeneralIOC.nc">
          <from><interface-ref name="Port17" ref="0x7fcf900ab020" scoped=""/></from>
          <to><interface-ref name="IO" ref="0x7fcf8ff56100" scoped=""/></to>
        </wire>
        <wire loc="536:/opt/tinyos-2.1.2/tos/chips/msp430/pins/HplMsp430GeneralIOC.nc">
          <from><interface-ref name="URXD0" ref="0x7fcf90049580" scoped=""/></from>
          <to><interface-ref name="IO" ref="0x7fcf8ff14740" scoped=""/></to>
        </wire>
        <wire loc="450:/opt/tinyos-2.1.2/tos/chips/msp430/pins/HplMsp430GeneralIOC.nc">
          <from><interface-ref name="Port21" ref="0x7fcf900a7020" scoped=""/></from>
          <to><interface-ref name="IO" ref="0x7fcf8ff4d740" scoped=""/></to>
        </wire>
        <wire loc="463:/opt/tinyos-2.1.2/tos/chips/msp430/pins/HplMsp430GeneralIOC.nc">
          <from><interface-ref name="Port33" ref="0x7fcf90093020" scoped=""/></from>
          <to><interface-ref name="IO" ref="0x7fcf8ff1d100" scoped=""/></to>
        </wire>
        <wire loc="476:/opt/tinyos-2.1.2/tos/chips/msp430/pins/HplMsp430GeneralIOC.nc">
          <from><interface-ref name="Port45" ref="0x7fcf9007e200" scoped=""/></from>
          <to><interface-ref name="IO" ref="0x7fcf8feeed10" scoped=""/></to>
        </wire>
        <wire loc="489:/opt/tinyos-2.1.2/tos/chips/msp430/pins/HplMsp430GeneralIOC.nc">
          <from><interface-ref name="Port57" ref="0x7fcf9006a200" scoped=""/></from>
          <to><interface-ref name="IO" ref="0x7fcf8febd740" scoped=""/></to>
        </wire>
        <wire loc="500:/opt/tinyos-2.1.2/tos/chips/msp430/pins/HplMsp430GeneralIOC.nc">
          <from><interface-ref name="Port67" ref="0x7fcf9005a200" scoped=""/></from>
          <to><interface-ref name="IO" ref="0x7fcf8fe97d10" scoped=""/></to>
        </wire>
        <wire loc="440:/opt/tinyos-2.1.2/tos/chips/msp430/pins/HplMsp430GeneralIOC.nc">
          <from><interface-ref name="Port12" ref="0x7fcf900b6020" scoped=""/></from>
          <to><interface-ref name="IO" ref="0x7fcf8ff6fd10" scoped=""/></to>
        </wire>
        <wire loc="453:/opt/tinyos-2.1.2/tos/chips/msp430/pins/HplMsp430GeneralIOC.nc">
          <from><interface-ref name="Port24" ref="0x7fcf900a1020" scoped=""/></from>
          <to><interface-ref name="IO" ref="0x7fcf8ff3f860" scoped=""/></to>
        </wire>
        <wire loc="466:/opt/tinyos-2.1.2/tos/chips/msp430/pins/HplMsp430GeneralIOC.nc">
          <from><interface-ref name="Port36" ref="0x7fcf9008d020" scoped=""/></from>
          <to><interface-ref name="IO" ref="0x7fcf8ff0f100" scoped=""/></to>
        </wire>
        <wire loc="530:/opt/tinyos-2.1.2/tos/chips/msp430/pins/HplMsp430GeneralIOC.nc">
          <from><interface-ref name="SIMO0" ref="0x7fcf90056580" scoped=""/></from>
          <to><interface-ref name="IO" ref="0x7fcf8ff27d10" scoped=""/></to>
        </wire>
        <wire loc="548:/opt/tinyos-2.1.2/tos/chips/msp430/pins/HplMsp430GeneralIOC.nc">
          <from><interface-ref name="ADC3" ref="0x7fcf90035570" scoped=""/></from>
          <to><interface-ref name="IO" ref="0x7fcf8feaa100" scoped=""/></to>
        </wire>
        <wire loc="555:/opt/tinyos-2.1.2/tos/chips/msp430/pins/HplMsp430GeneralIOC.nc">
          <from><interface-ref name="DAC1" ref="0x7fcf90029570" scoped=""/></from>
          <to><interface-ref name="IO" ref="0x7fcf8fe97d10" scoped=""/></to>
        </wire>
        <wire loc="541:/opt/tinyos-2.1.2/tos/chips/msp430/pins/HplMsp430GeneralIOC.nc">
          <from><interface-ref name="UCLK1" ref="0x7fcf90041580" scoped=""/></from>
          <to><interface-ref name="IO" ref="0x7fcf8fed1d10" scoped=""/></to>
        </wire>
        <wire loc="471:/opt/tinyos-2.1.2/tos/chips/msp430/pins/HplMsp430GeneralIOC.nc">
          <from><interface-ref name="Port40" ref="0x7fcf90089020" scoped=""/></from>
          <to><interface-ref name="IO" ref="0x7fcf8ff05a60" scoped=""/></to>
        </wire>
        <wire loc="484:/opt/tinyos-2.1.2/tos/chips/msp430/pins/HplMsp430GeneralIOC.nc">
          <from><interface-ref name="Port52" ref="0x7fcf90074200" scoped=""/></from>
          <to><interface-ref name="IO" ref="0x7fcf8fed5100" scoped=""/></to>
        </wire>
        <wire loc="495:/opt/tinyos-2.1.2/tos/chips/msp430/pins/HplMsp430GeneralIOC.nc">
          <from><interface-ref name="Port62" ref="0x7fcf90064200" scoped=""/></from>
          <to><interface-ref name="IO" ref="0x7fcf8feaf740" scoped=""/></to>
        </wire>
        <wire loc="549:/opt/tinyos-2.1.2/tos/chips/msp430/pins/HplMsp430GeneralIOC.nc">
          <from><interface-ref name="ADC4" ref="0x7fcf90033570" scoped=""/></from>
          <to><interface-ref name="IO" ref="0x7fcf8fea6d10" scoped=""/></to>
        </wire>
        <wire loc="538:/opt/tinyos-2.1.2/tos/chips/msp430/pins/HplMsp430GeneralIOC.nc">
          <from><interface-ref name="STE1" ref="0x7fcf90047570" scoped=""/></from>
          <to><interface-ref name="IO" ref="0x7fcf8fedfd10" scoped=""/></to>
        </wire>
        <wire loc="443:/opt/tinyos-2.1.2/tos/chips/msp430/pins/HplMsp430GeneralIOC.nc">
          <from><interface-ref name="Port15" ref="0x7fcf900af020" scoped=""/></from>
          <to><interface-ref name="IO" ref="0x7fcf8ff61d10" scoped=""/></to>
        </wire>
        <wire loc="456:/opt/tinyos-2.1.2/tos/chips/msp430/pins/HplMsp430GeneralIOC.nc">
          <from><interface-ref name="Port27" ref="0x7fcf9009b020" scoped=""/></from>
          <to><interface-ref name="IO" ref="0x7fcf8ff30740" scoped=""/></to>
        </wire>
        <wire loc="493:/opt/tinyos-2.1.2/tos/chips/msp430/pins/HplMsp430GeneralIOC.nc">
          <from><interface-ref name="Port60" ref="0x7fcf90068200" scoped=""/></from>
          <to><interface-ref name="IO" ref="0x7fcf8feb8100" scoped=""/></to>
        </wire>
        <wire loc="461:/opt/tinyos-2.1.2/tos/chips/msp430/pins/HplMsp430GeneralIOC.nc">
          <from><interface-ref name="Port31" ref="0x7fcf90097020" scoped=""/></from>
          <to><interface-ref name="IO" ref="0x7fcf8ff27d10" scoped=""/></to>
        </wire>
        <wire loc="474:/opt/tinyos-2.1.2/tos/chips/msp430/pins/HplMsp430GeneralIOC.nc">
          <from><interface-ref name="Port43" ref="0x7fcf90083200" scoped=""/></from>
          <to><interface-ref name="IO" ref="0x7fcf8fef7740" scoped=""/></to>
        </wire>
        <wire loc="487:/opt/tinyos-2.1.2/tos/chips/msp430/pins/HplMsp430GeneralIOC.nc">
          <from><interface-ref name="Port55" ref="0x7fcf9006e200" scoped=""/></from>
          <to><interface-ref name="IO" ref="0x7fcf8fec7100" scoped=""/></to>
        </wire>
        <wire loc="498:/opt/tinyos-2.1.2/tos/chips/msp430/pins/HplMsp430GeneralIOC.nc">
          <from><interface-ref name="Port65" ref="0x7fcf9005e200" scoped=""/></from>
          <to><interface-ref name="IO" ref="0x7fcf8fea1740" scoped=""/></to>
        </wire>
        <wire loc="540:/opt/tinyos-2.1.2/tos/chips/msp430/pins/HplMsp430GeneralIOC.nc">
          <from><interface-ref name="SOMI1" ref="0x7fcf90043580" scoped=""/></from>
          <to><interface-ref name="IO" ref="0x7fcf8fed5100" scoped=""/></to>
        </wire>
        <wire loc="438:/opt/tinyos-2.1.2/tos/chips/msp430/pins/HplMsp430GeneralIOC.nc">
          <from><interface-ref name="Port10" ref="0x7fcf900c3020" scoped=""/></from>
          <to><interface-ref name="IO" ref="0x7fcf8fff96d0" scoped=""/></to>
        </wire>
        <wire loc="451:/opt/tinyos-2.1.2/tos/chips/msp430/pins/HplMsp430GeneralIOC.nc">
          <from><interface-ref name="Port22" ref="0x7fcf900a5020" scoped=""/></from>
          <to><interface-ref name="IO" ref="0x7fcf8ff48100" scoped=""/></to>
        </wire>
        <wire loc="464:/opt/tinyos-2.1.2/tos/chips/msp430/pins/HplMsp430GeneralIOC.nc">
          <from><interface-ref name="Port34" ref="0x7fcf90091020" scoped=""/></from>
          <to><interface-ref name="IO" ref="0x7fcf8ff19d10" scoped=""/></to>
        </wire>
        <wire loc="477:/opt/tinyos-2.1.2/tos/chips/msp430/pins/HplMsp430GeneralIOC.nc">
          <from><interface-ref name="Port46" ref="0x7fcf9007c200" scoped=""/></from>
          <to><interface-ref name="IO" ref="0x7fcf8fee8740" scoped=""/></to>
        </wire>
        <wire loc="542:/opt/tinyos-2.1.2/tos/chips/msp430/pins/HplMsp430GeneralIOC.nc">
          <from><interface-ref name="UTXD1" ref="0x7fcf9003f580" scoped=""/></from>
          <to><interface-ref name="IO" ref="0x7fcf8ff0f100" scoped=""/></to>
        </wire>
        <wire loc="546:/opt/tinyos-2.1.2/tos/chips/msp430/pins/HplMsp430GeneralIOC.nc">
          <from><interface-ref name="ADC1" ref="0x7fcf90039570" scoped=""/></from>
          <to><interface-ref name="IO" ref="0x7fcf8feb4d10" scoped=""/></to>
        </wire>
        <wire loc="552:/opt/tinyos-2.1.2/tos/chips/msp430/pins/HplMsp430GeneralIOC.nc">
          <from><interface-ref name="ADC7" ref="0x7fcf9002d570" scoped=""/></from>
          <to><interface-ref name="IO" ref="0x7fcf8fe97d10" scoped=""/></to>
        </wire>
        <wire loc="482:/opt/tinyos-2.1.2/tos/chips/msp430/pins/HplMsp430GeneralIOC.nc">
          <from><interface-ref name="Port50" ref="0x7fcf90078200" scoped=""/></from>
          <to><interface-ref name="IO" ref="0x7fcf8fedfd10" scoped=""/></to>
        </wire>
        <wire loc="543:/opt/tinyos-2.1.2/tos/chips/msp430/pins/HplMsp430GeneralIOC.nc">
          <from><interface-ref name="URXD1" ref="0x7fcf9003d580" scoped=""/></from>
          <to><interface-ref name="IO" ref="0x7fcf8ff0ad10" scoped=""/></to>
        </wire>
        <wire loc="441:/opt/tinyos-2.1.2/tos/chips/msp430/pins/HplMsp430GeneralIOC.nc">
          <from><interface-ref name="Port13" ref="0x7fcf900b4020" scoped=""/></from>
          <to><interface-ref name="IO" ref="0x7fcf8ff6a740" scoped=""/></to>
        </wire>
        <wire loc="454:/opt/tinyos-2.1.2/tos/chips/msp430/pins/HplMsp430GeneralIOC.nc">
          <from><interface-ref name="Port25" ref="0x7fcf9009f020" scoped=""/></from>
          <to><interface-ref name="IO" ref="0x7fcf8ff3a270" scoped=""/></to>
        </wire>
        <wire loc="467:/opt/tinyos-2.1.2/tos/chips/msp430/pins/HplMsp430GeneralIOC.nc">
          <from><interface-ref name="Port37" ref="0x7fcf9008b020" scoped=""/></from>
          <to><interface-ref name="IO" ref="0x7fcf8ff0ad10" scoped=""/></to>
        </wire>
        <wire loc="539:/opt/tinyos-2.1.2/tos/chips/msp430/pins/HplMsp430GeneralIOC.nc">
          <from><interface-ref name="SIMO1" ref="0x7fcf90045580" scoped=""/></from>
          <to><interface-ref name="IO" ref="0x7fcf8feda740" scoped=""/></to>
        </wire>
        <wire loc="550:/opt/tinyos-2.1.2/tos/chips/msp430/pins/HplMsp430GeneralIOC.nc">
          <from><interface-ref name="ADC5" ref="0x7fcf90031570" scoped=""/></from>
          <to><interface-ref name="IO" ref="0x7fcf8fea1740" scoped=""/></to>
        </wire>
        <wire loc="472:/opt/tinyos-2.1.2/tos/chips/msp430/pins/HplMsp430GeneralIOC.nc">
          <from><interface-ref name="Port41" ref="0x7fcf90087200" scoped=""/></from>
          <to><interface-ref name="IO" ref="0x7fcf8ff00460" scoped=""/></to>
        </wire>
        <wire loc="485:/opt/tinyos-2.1.2/tos/chips/msp430/pins/HplMsp430GeneralIOC.nc">
          <from><interface-ref name="Port53" ref="0x7fcf90072200" scoped=""/></from>
          <to><interface-ref name="IO" ref="0x7fcf8fed1d10" scoped=""/></to>
        </wire>
        <wire loc="496:/opt/tinyos-2.1.2/tos/chips/msp430/pins/HplMsp430GeneralIOC.nc">
          <from><interface-ref name="Port63" ref="0x7fcf90062200" scoped=""/></from>
          <to><interface-ref name="IO" ref="0x7fcf8feaa100" scoped=""/></to>
        </wire>
        <wire loc="444:/opt/tinyos-2.1.2/tos/chips/msp430/pins/HplMsp430GeneralIOC.nc">
          <from><interface-ref name="Port16" ref="0x7fcf900ad020" scoped=""/></from>
          <to><interface-ref name="IO" ref="0x7fcf8ff5c740" scoped=""/></to>
        </wire>
        <wire loc="494:/opt/tinyos-2.1.2/tos/chips/msp430/pins/HplMsp430GeneralIOC.nc">
          <from><interface-ref name="Port61" ref="0x7fcf90066200" scoped=""/></from>
          <to><interface-ref name="IO" ref="0x7fcf8feb4d10" scoped=""/></to>
        </wire>
        <wire loc="449:/opt/tinyos-2.1.2/tos/chips/msp430/pins/HplMsp430GeneralIOC.nc">
          <from><interface-ref name="Port20" ref="0x7fcf900a9020" scoped=""/></from>
          <to><interface-ref name="IO" ref="0x7fcf8ff52d10" scoped=""/></to>
        </wire>
        <wire loc="462:/opt/tinyos-2.1.2/tos/chips/msp430/pins/HplMsp430GeneralIOC.nc">
          <from><interface-ref name="Port32" ref="0x7fcf90095020" scoped=""/></from>
          <to><interface-ref name="IO" ref="0x7fcf8ff22740" scoped=""/></to>
        </wire>
        <wire loc="475:/opt/tinyos-2.1.2/tos/chips/msp430/pins/HplMsp430GeneralIOC.nc">
          <from><interface-ref name="Port44" ref="0x7fcf90080200" scoped=""/></from>
          <to><interface-ref name="IO" ref="0x7fcf8fef2100" scoped=""/></to>
        </wire>
        <wire loc="488:/opt/tinyos-2.1.2/tos/chips/msp430/pins/HplMsp430GeneralIOC.nc">
          <from><interface-ref name="Port56" ref="0x7fcf9006c200" scoped=""/></from>
          <to><interface-ref name="IO" ref="0x7fcf8fec2d10" scoped=""/></to>
        </wire>
        <wire loc="499:/opt/tinyos-2.1.2/tos/chips/msp430/pins/HplMsp430GeneralIOC.nc">
          <from><interface-ref name="Port66" ref="0x7fcf9005c200" scoped=""/></from>
          <to><interface-ref name="IO" ref="0x7fcf8fe9b100" scoped=""/></to>
        </wire>
        <wire loc="439:/opt/tinyos-2.1.2/tos/chips/msp430/pins/HplMsp430GeneralIOC.nc">
          <from><interface-ref name="Port11" ref="0x7fcf900b8020" scoped=""/></from>
          <to><interface-ref name="IO" ref="0x7fcf8fff4100" scoped=""/></to>
        </wire>
        <wire loc="452:/opt/tinyos-2.1.2/tos/chips/msp430/pins/HplMsp430GeneralIOC.nc">
          <from><interface-ref name="Port23" ref="0x7fcf900a3020" scoped=""/></from>
          <to><interface-ref name="IO" ref="0x7fcf8ff44d10" scoped=""/></to>
        </wire>
        <wire loc="465:/opt/tinyos-2.1.2/tos/chips/msp430/pins/HplMsp430GeneralIOC.nc">
          <from><interface-ref name="Port35" ref="0x7fcf9008f020" scoped=""/></from>
          <to><interface-ref name="IO" ref="0x7fcf8ff14740" scoped=""/></to>
        </wire>
        <wire loc="478:/opt/tinyos-2.1.2/tos/chips/msp430/pins/HplMsp430GeneralIOC.nc">
          <from><interface-ref name="Port47" ref="0x7fcf9007a200" scoped=""/></from>
          <to><interface-ref name="IO" ref="0x7fcf8fee3100" scoped=""/></to>
        </wire>
        <wire loc="534:/opt/tinyos-2.1.2/tos/chips/msp430/pins/HplMsp430GeneralIOC.nc">
          <from><interface-ref name="SCL" ref="0x7fcf9004d560" scoped=""/></from>
          <to><interface-ref name="IO" ref="0x7fcf8ff1d100" scoped=""/></to>
        </wire>
        <wire loc="547:/opt/tinyos-2.1.2/tos/chips/msp430/pins/HplMsp430GeneralIOC.nc">
          <from><interface-ref name="ADC2" ref="0x7fcf90037570" scoped=""/></from>
          <to><interface-ref name="IO" ref="0x7fcf8feaf740" scoped=""/></to>
        </wire>
        <wire loc="533:/opt/tinyos-2.1.2/tos/chips/msp430/pins/HplMsp430GeneralIOC.nc">
          <from><interface-ref name="UCLK0" ref="0x7fcf9004f580" scoped=""/></from>
          <to><interface-ref name="IO" ref="0x7fcf8ff1d100" scoped=""/></to>
        </wire>
        <wire loc="483:/opt/tinyos-2.1.2/tos/chips/msp430/pins/HplMsp430GeneralIOC.nc">
          <from><interface-ref name="Port51" ref="0x7fcf90076200" scoped=""/></from>
          <to><interface-ref name="IO" ref="0x7fcf8feda740" scoped=""/></to>
        </wire>
        <wire loc="554:/opt/tinyos-2.1.2/tos/chips/msp430/pins/HplMsp430GeneralIOC.nc">
          <from><interface-ref name="DAC0" ref="0x7fcf9002b570" scoped=""/></from>
          <to><interface-ref name="IO" ref="0x7fcf8fe9b100" scoped=""/></to>
        </wire>
        <wire loc="558:/opt/tinyos-2.1.2/tos/chips/msp430/pins/HplMsp430GeneralIOC.nc">
          <from><interface-ref name="SVSOUT" ref="0x7fcf90025580" scoped=""/></from>
          <to><interface-ref name="IO" ref="0x7fcf8febd740" scoped=""/></to>
        </wire>
        <wire loc="529:/opt/tinyos-2.1.2/tos/chips/msp430/pins/HplMsp430GeneralIOC.nc">
          <from><interface-ref name="STE0" ref="0x7fcf900581f0" scoped=""/></from>
          <to><interface-ref name="IO" ref="0x7fcf8ff2b100" scoped=""/></to>
        </wire>
      </wiring>
    </component><component loc="73:/opt/tinyos-2.1.2/tos/chips/msp430/usart/HplMsp430Usart1P.nc" nicename="tos.chips.msp430.usart.HplMsp430Usart1P" qname="HplMsp430Usart1P">
      <documentation loc="62:/opt/tinyos-2.1.2/tos/chips/msp430/usart/HplMsp430Usart1P.nc">
        <short>
 Implementation of USART1 lowlevel functionality - stateless.</short>
        <long>
 Implementation of USART1 lowlevel functionality - stateless.
 Setting a mode will by default disable USART-Interrupts.

 @author: Jan Hauer &lt;hauer@tkn.tu-berlin.de&gt;
 @author: Jonathan Hui &lt;jhui@archedrock.com&gt;
 @author: Vlado Handziski &lt;handzisk@tkn.tu-berlin.de&gt;
 @author: Joe Polastre
 @version $Revision: 1.7 $ $Date: 2010-06-04 22:30:21 $
</long>
      </documentation>
      <module/>
    </component></referenced></component>