<?xml version="1.0" ?><component loc="39:/opt/tinyos-2.1.2/tos/chips/msp430/usart/Msp430Uart1P.nc" nicename="tos.chips.msp430.usart.Msp430Uart1P" qname="Msp430Uart1P">
      <documentation loc="32:/opt/tinyos-2.1.2/tos/chips/msp430/usart/Msp430Uart1P.nc">
        <short>
 </short>
        <long>
 @author Jonathan Hui &lt;jhui@archedrock.com&gt;
 @author Vlado Handziski &lt;handzisk@tkn.tu-berlin.de&gt;
 @author Eric B. Decker &lt;cire831@gmail.com&gt;
 @version $Revision: 1.5 $ $Date: 2008-05-21 22:11:57 $
</long>
      </documentation>
      <configuration/>
      <wiring>
        <wire loc="56:/opt/tinyos-2.1.2/tos/chips/msp430/usart/Msp430Uart1P.nc">
          <from><interface-ref name="ResourceConfigure" ref="0x7fcf8f967450" scoped=""/></from>
          <to><interface-ref name="ResourceConfigure" ref="0x7fcf8f8dddc0" scoped=""/></to>
        </wire>
        <wire loc="59:/opt/tinyos-2.1.2/tos/chips/msp430/usart/Msp430Uart1P.nc">
          <from><interface-ref name="UartByte" ref="0x7fcf8f964850" scoped=""/></from>
          <to><interface-ref name="UartByte" ref="0x7fcf8f8db890" scoped=""/></to>
        </wire>
        <wire loc="58:/opt/tinyos-2.1.2/tos/chips/msp430/usart/Msp430Uart1P.nc">
          <from><interface-ref name="UartStream" ref="0x7fcf8f9661d0" scoped=""/></from>
          <to><interface-ref name="UartStream" ref="0x7fcf8f8dc6d0" scoped=""/></to>
        </wire>
        <wire loc="55:/opt/tinyos-2.1.2/tos/chips/msp430/usart/Msp430Uart1P.nc">
          <from><interface-ref name="Resource" ref="0x7fcf8f96d8d0" scoped=""/></from>
          <to><interface-ref name="Resource" ref="0x7fcf8f8dd020" scoped=""/></to>
        </wire>
        <wire loc="57:/opt/tinyos-2.1.2/tos/chips/msp430/usart/Msp430Uart1P.nc">
          <from><interface-ref name="Msp430UartConfigure" ref="0x7fcf8f8d9020" scoped=""/></from>
          <to><interface-ref name="Msp430UartConfigure" ref="0x7fcf8f961a40" scoped=""/></to>
        </wire>
        <wire loc="60:/opt/tinyos-2.1.2/tos/chips/msp430/usart/Msp430Uart1P.nc">
          <from><interface-ref name="UsartResource" ref="0x7fcf8f8da230" scoped=""/></from>
          <to><interface-ref name="UsartResource" ref="0x7fcf8f962690" scoped=""/></to>
        </wire>
        <wire loc="61:/opt/tinyos-2.1.2/tos/chips/msp430/usart/Msp430Uart1P.nc">
          <from><interface-ref name="UsartInterrupts" ref="0x7fcf8f8d4290" scoped=""/></from>
          <to><interface-ref name="UsartInterrupts" ref="0x7fcf8f95f020" scoped=""/></to>
        </wire>
        <wire loc="64:/opt/tinyos-2.1.2/tos/chips/msp430/usart/Msp430Uart1P.nc">
          <from><interface-ref name="Usart" ref="0x7fcf8f8d9690" scoped=""/></from>
          <to><interface-ref name="HplMsp430Usart" ref="0x7fcf8f8c60c0" scoped=""/></to>
        </wire>
        <wire loc="67:/opt/tinyos-2.1.2/tos/chips/msp430/usart/Msp430Uart1P.nc">
          <from><interface-ref name="Counter" ref="0x7fcf8f8d4c90" scoped=""/></from>
          <to><interface-ref name="Counter" ref="0x7fcf8f830110" scoped=""/></to>
        </wire>
        <wire loc="70:/opt/tinyos-2.1.2/tos/chips/msp430/usart/Msp430Uart1P.nc">
          <from><interface-ref name="Leds" ref="0x7fcf8f8d1dd0" scoped=""/></from>
          <to><interface-ref name="Leds" ref="0x7fcf9017c950" scoped=""/></to>
        </wire>
      </wiring>
    <specification><interface loc="42:/opt/tinyos-2.1.2/tos/chips/msp430/usart/Msp430Uart1P.nc" name="ResourceConfigure" provided="1" ref="0x7fcf8f967450">
      <component-ref nicename="tos.chips.msp430.usart.Msp430Uart1P" qname="Msp430Uart1P"/>
      <type-interface alignment="I:2" size="I:2"><interface-ref name="ResourceConfigure" ref="0x7fcf8f967450" scoped=""/></type-interface>
      <instance>
        <interfacedef-ref nicename="tos.interfaces.ResourceConfigure" qname="ResourceConfigure"/>
      </instance>
      <interface-parameters>
        <type-int alignment="I:1" cname="unsigned char" size="I:1" unsigned="">
          <typename><typedef-ref name="uint8_t" ref="0x7fcf9126f160"/></typename>
        </type-int>
      </interface-parameters>
      <interface-functions>
        <function-ref name="unconfigure" ref="0x7fcf8f9677d0" scoped=""/>
        <function-ref name="configure" ref="0x7fcf8f967960" scoped=""/>
      </interface-functions>
    </interface><interface loc="44:/opt/tinyos-2.1.2/tos/chips/msp430/usart/Msp430Uart1P.nc" name="UartByte" provided="1" ref="0x7fcf8f964850">
      <component-ref nicename="tos.chips.msp430.usart.Msp430Uart1P" qname="Msp430Uart1P"/>
      <type-interface alignment="I:2" size="I:2"><interface-ref name="UartByte" ref="0x7fcf8f964850" scoped=""/></type-interface>
      <instance>
        <interfacedef-ref nicename="tos.interfaces.UartByte" qname="UartByte"/>
      </instance>
      <interface-parameters>
        <type-int alignment="I:1" cname="unsigned char" size="I:1" unsigned="">
          <typename><typedef-ref name="uint8_t" ref="0x7fcf9126f160"/></typename>
        </type-int>
      </interface-parameters>
      <interface-functions>
        <function-ref name="send" ref="0x7fcf8f964bd0" scoped=""/>
        <function-ref name="receive" ref="0x7fcf8f964d60" scoped=""/>
      </interface-functions>
    </interface><interface loc="47:/opt/tinyos-2.1.2/tos/chips/msp430/usart/Msp430Uart1P.nc" name="Msp430UartConfigure" provided="0" ref="0x7fcf8f961a40">
      <component-ref nicename="tos.chips.msp430.usart.Msp430Uart1P" qname="Msp430Uart1P"/>
      <type-interface alignment="I:2" size="I:2"><interface-ref name="Msp430UartConfigure" ref="0x7fcf8f961a40" scoped=""/></type-interface>
      <instance>
        <interfacedef-ref nicename="tos.chips.msp430.usart.Msp430UartConfigure" qname="Msp430UartConfigure"/>
      </instance>
      <interface-parameters>
        <type-int alignment="I:1" cname="unsigned char" size="I:1" unsigned="">
          <typename><typedef-ref name="uint8_t" ref="0x7fcf9126f160"/></typename>
        </type-int>
      </interface-parameters>
      <interface-functions>
        <function-ref name="getConfig" ref="0x7fcf8f961dc0" scoped=""/>
      </interface-functions>
    </interface><interface loc="43:/opt/tinyos-2.1.2/tos/chips/msp430/usart/Msp430Uart1P.nc" name="UartStream" provided="1" ref="0x7fcf8f9661d0">
      <component-ref nicename="tos.chips.msp430.usart.Msp430Uart1P" qname="Msp430Uart1P"/>
      <type-interface alignment="I:2" size="I:2"><interface-ref name="UartStream" ref="0x7fcf8f9661d0" scoped=""/></type-interface>
      <instance>
        <interfacedef-ref nicename="tos.interfaces.UartStream" qname="UartStream"/>
      </instance>
      <interface-parameters>
        <type-int alignment="I:1" cname="unsigned char" size="I:1" unsigned="">
          <typename><typedef-ref name="uint8_t" ref="0x7fcf9126f160"/></typename>
        </type-int>
      </interface-parameters>
      <interface-functions>
        <function-ref name="send" ref="0x7fcf8f966550" scoped=""/>
        <function-ref name="receivedByte" ref="0x7fcf8f9666e0" scoped=""/>
        <function-ref name="receive" ref="0x7fcf8f966870" scoped=""/>
        <function-ref name="enableReceiveInterrupt" ref="0x7fcf8f966a00" scoped=""/>
        <function-ref name="receiveDone" ref="0x7fcf8f966b90" scoped=""/>
        <function-ref name="disableReceiveInterrupt" ref="0x7fcf8f966d20" scoped=""/>
        <function-ref name="sendDone" ref="0x7fcf8f964020" scoped=""/>
      </interface-functions>
    </interface><interface loc="46:/opt/tinyos-2.1.2/tos/chips/msp430/usart/Msp430Uart1P.nc" name="UsartResource" provided="0" ref="0x7fcf8f962690">
      <component-ref nicename="tos.chips.msp430.usart.Msp430Uart1P" qname="Msp430Uart1P"/>
      <type-interface alignment="I:2" size="I:2"><interface-ref name="UsartResource" ref="0x7fcf8f962690" scoped=""/></type-interface>
      <instance>
        <interfacedef-ref nicename="tos.interfaces.Resource" qname="Resource"/>
      </instance>
      <interface-parameters>
        <type-int alignment="I:1" cname="unsigned char" size="I:1" unsigned="">
          <typename><typedef-ref name="uint8_t" ref="0x7fcf9126f160"/></typename>
        </type-int>
      </interface-parameters>
      <interface-functions>
        <function-ref name="release" ref="0x7fcf8f962a10" scoped=""/>
        <function-ref name="immediateRequest" ref="0x7fcf8f962ba0" scoped=""/>
        <function-ref name="request" ref="0x7fcf8f962d30" scoped=""/>
        <function-ref name="granted" ref="0x7fcf8f961020" scoped=""/>
        <function-ref name="isOwner" ref="0x7fcf8f9611b0" scoped=""/>
      </interface-functions>
    </interface><interface loc="41:/opt/tinyos-2.1.2/tos/chips/msp430/usart/Msp430Uart1P.nc" name="Resource" provided="1" ref="0x7fcf8f96d8d0">
      <component-ref nicename="tos.chips.msp430.usart.Msp430Uart1P" qname="Msp430Uart1P"/>
      <type-interface alignment="I:2" size="I:2"><interface-ref name="Resource" ref="0x7fcf8f96d8d0" scoped=""/></type-interface>
      <instance>
        <interfacedef-ref nicename="tos.interfaces.Resource" qname="Resource"/>
      </instance>
      <interface-parameters>
        <type-int alignment="I:1" cname="unsigned char" size="I:1" unsigned="">
          <typename><typedef-ref name="uint8_t" ref="0x7fcf9126f160"/></typename>
        </type-int>
      </interface-parameters>
      <interface-functions>
        <function-ref name="release" ref="0x7fcf8f96dc50" scoped=""/>
        <function-ref name="immediateRequest" ref="0x7fcf8f96dde0" scoped=""/>
        <function-ref name="request" ref="0x7fcf8f969020" scoped=""/>
        <function-ref name="granted" ref="0x7fcf8f9691b0" scoped=""/>
        <function-ref name="isOwner" ref="0x7fcf8f969340" scoped=""/>
      </interface-functions>
    </interface><interface loc="48:/opt/tinyos-2.1.2/tos/chips/msp430/usart/Msp430Uart1P.nc" name="UsartInterrupts" provided="0" ref="0x7fcf8f95f020">
      <component-ref nicename="tos.chips.msp430.usart.Msp430Uart1P" qname="Msp430Uart1P"/>
      <type-interface alignment="I:2" size="I:2"><interface-ref name="UsartInterrupts" ref="0x7fcf8f95f020" scoped=""/></type-interface>
      <instance>
        <interfacedef-ref nicename="tos.chips.msp430.usart.HplMsp430UsartInterrupts" qname="HplMsp430UsartInterrupts"/>
      </instance>
      <interface-parameters>
        <type-int alignment="I:1" cname="unsigned char" size="I:1" unsigned="">
          <typename><typedef-ref name="uint8_t" ref="0x7fcf9126f160"/></typename>
        </type-int>
      </interface-parameters>
      <interface-functions>
        <function-ref name="rxDone" ref="0x7fcf8f95f3a0" scoped=""/>
        <function-ref name="txDone" ref="0x7fcf8f95f530" scoped=""/>
      </interface-functions>
    </interface></specification><referenced><interface loc="44:/opt/tinyos-2.1.2/tos/chips/msp430/usart/Msp430UartP.nc" name="ResourceConfigure" provided="1" ref="0x7fcf8f8dddc0">
      <component-ref nicename="tos.chips.msp430.usart.Msp430UartP" qname="Msp430Uart1P.UartP"/>
      <type-interface alignment="I:2" size="I:2"><interface-ref name="ResourceConfigure" ref="0x7fcf8f8dddc0" scoped=""/></type-interface>
      <instance>
        <interfacedef-ref nicename="tos.interfaces.ResourceConfigure" qname="ResourceConfigure"/>
      </instance>
      <interface-parameters>
        <type-int alignment="I:1" cname="unsigned char" size="I:1" unsigned="">
          <typename><typedef-ref name="uint8_t" ref="0x7fcf9126f160"/></typename>
        </type-int>
      </interface-parameters>
      <interface-functions>
        <function-ref name="unconfigure" ref="0x7fcf8f8dc180" scoped=""/>
        <function-ref name="configure" ref="0x7fcf8f8dc310" scoped=""/>
      </interface-functions>
    </interface><interface loc="46:/opt/tinyos-2.1.2/tos/system/LedsC.nc" name="Leds" provided="1" ref="0x7fcf9017c950">
      <component-ref nicename="tos.system.LedsC" qname="LedsC"/>
      <type-interface alignment="I:2" size="I:2"><interface-ref name="Leds" ref="0x7fcf9017c950" scoped=""/></type-interface>
      <instance>
        <interfacedef-ref nicename="tos.interfaces.Leds" qname="Leds"/>
      </instance>
      <interface-functions>
        <function-ref name="led0Off" ref="0x7fcf9017ccd0" scoped=""/>
        <function-ref name="led0Toggle" ref="0x7fcf9017ce60" scoped=""/>
        <function-ref name="led1On" ref="0x7fcf900f4020" scoped=""/>
        <function-ref name="led1Toggle" ref="0x7fcf900f41b0" scoped=""/>
        <function-ref name="led2Toggle" ref="0x7fcf900f4340" scoped=""/>
        <function-ref name="get" ref="0x7fcf900f44d0" scoped=""/>
        <function-ref name="led1Off" ref="0x7fcf900f4660" scoped=""/>
        <function-ref name="led2Off" ref="0x7fcf900f4ca0" scoped=""/>
        <function-ref name="set" ref="0x7fcf900f47f0" scoped=""/>
        <function-ref name="led0On" ref="0x7fcf900f4980" scoped=""/>
        <function-ref name="led2On" ref="0x7fcf900f4b10" scoped=""/>
      </interface-functions>
    </interface><interface loc="45:/opt/tinyos-2.1.2/tos/chips/msp430/usart/Msp430UartP.nc" name="UartStream" provided="1" ref="0x7fcf8f8dc6d0">
      <component-ref nicename="tos.chips.msp430.usart.Msp430UartP" qname="Msp430Uart1P.UartP"/>
      <type-interface alignment="I:2" size="I:2"><interface-ref name="UartStream" ref="0x7fcf8f8dc6d0" scoped=""/></type-interface>
      <instance>
        <interfacedef-ref nicename="tos.interfaces.UartStream" qname="UartStream"/>
      </instance>
      <interface-parameters>
        <type-int alignment="I:1" cname="unsigned char" size="I:1" unsigned="">
          <typename><typedef-ref name="uint8_t" ref="0x7fcf9126f160"/></typename>
        </type-int>
      </interface-parameters>
      <interface-functions>
        <function-ref name="send" ref="0x7fcf8f8dca70" scoped=""/>
        <function-ref name="receivedByte" ref="0x7fcf8f8dcc00" scoped=""/>
        <function-ref name="receive" ref="0x7fcf8f8dcd90" scoped=""/>
        <function-ref name="enableReceiveInterrupt" ref="0x7fcf8f8db020" scoped=""/>
        <function-ref name="receiveDone" ref="0x7fcf8f8db1b0" scoped=""/>
        <function-ref name="disableReceiveInterrupt" ref="0x7fcf8f8db340" scoped=""/>
        <function-ref name="sendDone" ref="0x7fcf8f8db4d0" scoped=""/>
      </interface-functions>
    </interface><interface loc="46:/opt/tinyos-2.1.2/tos/chips/msp430/usart/Msp430UartP.nc" name="UartByte" provided="1" ref="0x7fcf8f8db890">
      <component-ref nicename="tos.chips.msp430.usart.Msp430UartP" qname="Msp430Uart1P.UartP"/>
      <type-interface alignment="I:2" size="I:2"><interface-ref name="UartByte" ref="0x7fcf8f8db890" scoped=""/></type-interface>
      <instance>
        <interfacedef-ref nicename="tos.interfaces.UartByte" qname="UartByte"/>
      </instance>
      <interface-parameters>
        <type-int alignment="I:1" cname="unsigned char" size="I:1" unsigned="">
          <typename><typedef-ref name="uint8_t" ref="0x7fcf9126f160"/></typename>
        </type-int>
      </interface-parameters>
      <interface-functions>
        <function-ref name="send" ref="0x7fcf8f8dbc30" scoped=""/>
        <function-ref name="receive" ref="0x7fcf8f8dbdc0" scoped=""/>
      </interface-functions>
    </interface><interface loc="50:/opt/tinyos-2.1.2/tos/chips/msp430/usart/Msp430UartP.nc" name="Usart" provided="0" ref="0x7fcf8f8d9690">
      <component-ref nicename="tos.chips.msp430.usart.Msp430UartP" qname="Msp430Uart1P.UartP"/>
      <type-interface alignment="I:2" size="I:2"><interface-ref name="Usart" ref="0x7fcf8f8d9690" scoped=""/></type-interface>
      <instance>
        <interfacedef-ref nicename="tos.chips.msp430.usart.HplMsp430Usart" qname="HplMsp430Usart"/>
      </instance>
      <interface-functions>
        <function-ref name="isTxEmpty" ref="0x7fcf8f8d9a10" scoped=""/>
        <function-ref name="enableUartRx" ref="0x7fcf8f8d9ba0" scoped=""/>
        <function-ref name="setUctl" ref="0x7fcf8f8d9d30" scoped=""/>
        <function-ref name="enableUart" ref="0x7fcf8f8d8020" scoped=""/>
        <function-ref name="setUrctl" ref="0x7fcf8f8d81b0" scoped=""/>
        <function-ref name="enableRxIntr" ref="0x7fcf8f8d8340" scoped=""/>
        <function-ref name="clrRxIntr" ref="0x7fcf8f8d84d0" scoped=""/>
        <function-ref name="getUtctl" ref="0x7fcf8f8d8660" scoped=""/>
        <function-ref name="getUrctl" ref="0x7fcf8f8d87f0" scoped=""/>
        <function-ref name="resetUsart" ref="0x7fcf8f8d8980" scoped=""/>
        <function-ref name="getUmctl" ref="0x7fcf8f8d8b10" scoped=""/>
        <function-ref name="disableIntr" ref="0x7fcf8f8d8ca0" scoped=""/>
        <function-ref name="setUtctl" ref="0x7fcf8f8d8e30" scoped=""/>
        <function-ref name="getUbr" ref="0x7fcf8f8d7120" scoped=""/>
        <function-ref name="enableTxIntr" ref="0x7fcf8f8d72b0" scoped=""/>
        <function-ref name="setUmctl" ref="0x7fcf8f8d7440" scoped=""/>
        <function-ref name="isUartRx" ref="0x7fcf8f8d75d0" scoped=""/>
        <function-ref name="isUart" ref="0x7fcf8f8d7760" scoped=""/>
        <function-ref name="disableRxIntr" ref="0x7fcf8f8d78f0" scoped=""/>
        <function-ref name="isSpi" ref="0x7fcf8f8d7a80" scoped=""/>
        <function-ref name="enableUartTx" ref="0x7fcf8f8d7c10" scoped=""/>
        <function-ref name="disableTxIntr" ref="0x7fcf8f8d7da0" scoped=""/>
        <function-ref name="disableUartRx" ref="0x7fcf8f8d6020" scoped=""/>
        <function-ref name="enableIntr" ref="0x7fcf8f8d61b0" scoped=""/>
        <function-ref name="getMode" ref="0x7fcf8f8d6340" scoped=""/>
        <function-ref name="isTxIntrPending" ref="0x7fcf8f8d66d0" scoped=""/>
        <function-ref name="clrIntr" ref="0x7fcf8f8d6860" scoped=""/>
        <function-ref name="setUbr" ref="0x7fcf8f8d69f0" scoped=""/>
        <function-ref name="tx" ref="0x7fcf8f8d6b80" scoped=""/>
        <function-ref name="getUctl" ref="0x7fcf8f8d6d10" scoped=""/>
        <function-ref name="disableUart" ref="0x7fcf8f8d5020" scoped=""/>
        <function-ref name="enableSpi" ref="0x7fcf8f8d51b0" scoped=""/>
        <function-ref name="setModeUart" ref="0x7fcf8f8d5340" scoped=""/>
        <function-ref name="setModeSpi" ref="0x7fcf8f8d54d0" scoped=""/>
        <function-ref name="rx" ref="0x7fcf8f8d5660" scoped=""/>
        <function-ref name="isRxIntrPending" ref="0x7fcf8f8d57f0" scoped=""/>
        <function-ref name="isUartTx" ref="0x7fcf8f8d5980" scoped=""/>
        <function-ref name="clrTxIntr" ref="0x7fcf8f8d5b10" scoped=""/>
        <function-ref name="disableSpi" ref="0x7fcf8f8d5ca0" scoped=""/>
        <function-ref name="disableUartTx" ref="0x7fcf8f8d5e30" scoped=""/>
      </interface-functions>
    </interface><interface loc="51:/opt/tinyos-2.1.2/tos/chips/msp430/usart/Msp430UartP.nc" name="UsartInterrupts" provided="0" ref="0x7fcf8f8d4290">
      <component-ref nicename="tos.chips.msp430.usart.Msp430UartP" qname="Msp430Uart1P.UartP"/>
      <type-interface alignment="I:2" size="I:2"><interface-ref name="UsartInterrupts" ref="0x7fcf8f8d4290" scoped=""/></type-interface>
      <instance>
        <interfacedef-ref nicename="tos.chips.msp430.usart.HplMsp430UsartInterrupts" qname="HplMsp430UsartInterrupts"/>
      </instance>
      <interface-parameters>
        <type-int alignment="I:1" cname="unsigned char" size="I:1" unsigned="">
          <typename><typedef-ref name="uint8_t" ref="0x7fcf9126f160"/></typename>
        </type-int>
      </interface-parameters>
      <interface-functions>
        <function-ref name="rxDone" ref="0x7fcf8f8d4630" scoped=""/>
        <function-ref name="txDone" ref="0x7fcf8f8d47c0" scoped=""/>
      </interface-functions>
    </interface><interface loc="52:/opt/tinyos-2.1.2/tos/chips/msp430/usart/Msp430UartP.nc" name="Counter" provided="0" ref="0x7fcf8f8d4c90">
      <component-ref nicename="tos.chips.msp430.usart.Msp430UartP" qname="Msp430Uart1P.UartP"/>
      <type-interface alignment="I:2" size="I:2"><interface-ref name="Counter" ref="0x7fcf8f8d4c90" scoped=""/></type-interface>
      <instance>
        <interfacedef-ref nicename="tos.lib.timer.Counter" qname="Counter"/>
        <arguments>
          <type-tag alignment="I:2" size="I:2"><struct-ref ref="0x7fcf9017a6a0"/>
            <typename><typedef-ref name="T32khz" ref="0x7fcf9017aa10"/></typename>
          </type-tag>
          <type-int alignment="I:2" cname="unsigned int" size="I:2" unsigned="">
            <typename><typedef-ref name="uint16_t" ref="0x7fcf9126f520"/></typename>
          </type-int>
        </arguments>
      </instance>
      <interface-functions>
        <function-ref name="get" ref="0x7fcf8f8d2ac0" scoped=""/>
        <function-ref name="clearOverflow" ref="0x7fcf8f8d14e0" scoped=""/>
        <function-ref name="isOverflowPending" ref="0x7fcf8f8d1020" scoped=""/>
        <function-ref name="overflow" ref="0x7fcf8f8d19a0" scoped=""/>
      </interface-functions>
    </interface><interface loc="49:/opt/tinyos-2.1.2/tos/chips/msp430/usart/Msp430UartP.nc" name="Msp430UartConfigure" provided="0" ref="0x7fcf8f8d9020">
      <component-ref nicename="tos.chips.msp430.usart.Msp430UartP" qname="Msp430Uart1P.UartP"/>
      <type-interface alignment="I:2" size="I:2"><interface-ref name="Msp430UartConfigure" ref="0x7fcf8f8d9020" scoped=""/></type-interface>
      <instance>
        <interfacedef-ref nicename="tos.chips.msp430.usart.Msp430UartConfigure" qname="Msp430UartConfigure"/>
      </instance>
      <interface-parameters>
        <type-int alignment="I:1" cname="unsigned char" size="I:1" unsigned="">
          <typename><typedef-ref name="uint8_t" ref="0x7fcf9126f160"/></typename>
        </type-int>
      </interface-parameters>
      <interface-functions>
        <function-ref name="getConfig" ref="0x7fcf8f8d93c0" scoped=""/>
      </interface-functions>
    </interface><interface loc="43:/opt/tinyos-2.1.2/tos/chips/msp430/timer/Counter32khz16C.nc" name="Counter" provided="1" ref="0x7fcf8f830110">
      <component-ref nicename="tos.chips.msp430.timer.Counter32khz16C" qname="Counter32khz16C"/>
      <type-interface alignment="I:2" size="I:2"><interface-ref name="Counter" ref="0x7fcf8f830110" scoped=""/></type-interface>
      <instance>
        <interfacedef-ref nicename="tos.lib.timer.Counter" qname="Counter"/>
        <arguments>
          <type-tag alignment="I:2" size="I:2"><struct-ref ref="0x7fcf9017a6a0"/>
            <typename><typedef-ref name="T32khz" ref="0x7fcf9017aa10"/></typename>
          </type-tag>
          <type-int alignment="I:2" cname="unsigned int" size="I:2" unsigned="">
            <typename><typedef-ref name="uint16_t" ref="0x7fcf9126f520"/></typename>
          </type-int>
        </arguments>
      </instance>
      <interface-functions>
        <function-ref name="get" ref="0x7fcf8f82f020" scoped=""/>
        <function-ref name="clearOverflow" ref="0x7fcf8f82f9a0" scoped=""/>
        <function-ref name="isOverflowPending" ref="0x7fcf8f82f4e0" scoped=""/>
        <function-ref name="overflow" ref="0x7fcf8f82fe60" scoped=""/>
      </interface-functions>
    </interface><interface loc="77:/opt/tinyos-2.1.2/tos/chips/msp430/usart/HplMsp430Usart1C.nc" name="HplMsp430Usart" provided="1" ref="0x7fcf8f8c60c0">
      <component-ref nicename="tos.chips.msp430.usart.HplMsp430Usart1C" qname="HplMsp430Usart1C"/>
      <type-interface alignment="I:2" size="I:2"><interface-ref name="HplMsp430Usart" ref="0x7fcf8f8c60c0" scoped=""/></type-interface>
      <instance>
        <interfacedef-ref nicename="tos.chips.msp430.usart.HplMsp430Usart" qname="HplMsp430Usart"/>
      </instance>
      <interface-functions>
        <function-ref name="isTxEmpty" ref="0x7fcf8f8c6440" scoped=""/>
        <function-ref name="enableUartRx" ref="0x7fcf8f8c65d0" scoped=""/>
        <function-ref name="setUctl" ref="0x7fcf8f8c6760" scoped=""/>
        <function-ref name="enableUart" ref="0x7fcf8f8c68f0" scoped=""/>
        <function-ref name="setUrctl" ref="0x7fcf8f8c6a80" scoped=""/>
        <function-ref name="enableRxIntr" ref="0x7fcf8f8c6c10" scoped=""/>
        <function-ref name="clrRxIntr" ref="0x7fcf8f8c6da0" scoped=""/>
        <function-ref name="getUtctl" ref="0x7fcf8f8c5020" scoped=""/>
        <function-ref name="getUrctl" ref="0x7fcf8f8c51b0" scoped=""/>
        <function-ref name="resetUsart" ref="0x7fcf8f8c5340" scoped=""/>
        <function-ref name="getUmctl" ref="0x7fcf8f8c54d0" scoped=""/>
        <function-ref name="disableIntr" ref="0x7fcf8f8c5660" scoped=""/>
        <function-ref name="setUtctl" ref="0x7fcf8f8c57f0" scoped=""/>
        <function-ref name="getUbr" ref="0x7fcf8f8c5a80" scoped=""/>
        <function-ref name="enableTxIntr" ref="0x7fcf8f8c5c10" scoped=""/>
        <function-ref name="setUmctl" ref="0x7fcf8f8c5da0" scoped=""/>
        <function-ref name="isUartRx" ref="0x7fcf8f8c3020" scoped=""/>
        <function-ref name="isUart" ref="0x7fcf8f8c31b0" scoped=""/>
        <function-ref name="disableRxIntr" ref="0x7fcf8f8c3340" scoped=""/>
        <function-ref name="isSpi" ref="0x7fcf8f8c34d0" scoped=""/>
        <function-ref name="enableUartTx" ref="0x7fcf8f8c3660" scoped=""/>
        <function-ref name="disableTxIntr" ref="0x7fcf8f8c37f0" scoped=""/>
        <function-ref name="disableUartRx" ref="0x7fcf8f8c3980" scoped=""/>
        <function-ref name="enableIntr" ref="0x7fcf8f8c3b10" scoped=""/>
        <function-ref name="getMode" ref="0x7fcf8f8c3ca0" scoped=""/>
        <function-ref name="isTxIntrPending" ref="0x7fcf8f8c2220" scoped=""/>
        <function-ref name="clrIntr" ref="0x7fcf8f8c23b0" scoped=""/>
        <function-ref name="setUbr" ref="0x7fcf8f8c2540" scoped=""/>
        <function-ref name="tx" ref="0x7fcf8f8c26d0" scoped=""/>
        <function-ref name="getUctl" ref="0x7fcf8f8c2860" scoped=""/>
        <function-ref name="disableUart" ref="0x7fcf8f8c29f0" scoped=""/>
        <function-ref name="enableSpi" ref="0x7fcf8f8c2b80" scoped=""/>
        <function-ref name="setModeUart" ref="0x7fcf8f8c2d10" scoped=""/>
        <function-ref name="setModeSpi" ref="0x7fcf8f8c1020" scoped=""/>
        <function-ref name="rx" ref="0x7fcf8f8c11b0" scoped=""/>
        <function-ref name="isRxIntrPending" ref="0x7fcf8f8c1340" scoped=""/>
        <function-ref name="isUartTx" ref="0x7fcf8f8c14d0" scoped=""/>
        <function-ref name="clrTxIntr" ref="0x7fcf8f8c1660" scoped=""/>
        <function-ref name="disableSpi" ref="0x7fcf8f8c17f0" scoped=""/>
        <function-ref name="disableUartTx" ref="0x7fcf8f8c1980" scoped=""/>
      </interface-functions>
    </interface><interface loc="53:/opt/tinyos-2.1.2/tos/chips/msp430/usart/Msp430UartP.nc" name="Leds" provided="0" ref="0x7fcf8f8d1dd0">
      <component-ref nicename="tos.chips.msp430.usart.Msp430UartP" qname="Msp430Uart1P.UartP"/>
      <type-interface alignment="I:2" size="I:2"><interface-ref name="Leds" ref="0x7fcf8f8d1dd0" scoped=""/></type-interface>
      <instance>
        <interfacedef-ref nicename="tos.interfaces.Leds" qname="Leds"/>
      </instance>
      <interface-functions>
        <function-ref name="led0Off" ref="0x7fcf8f8d0180" scoped=""/>
        <function-ref name="led0Toggle" ref="0x7fcf8f8d0310" scoped=""/>
        <function-ref name="led1On" ref="0x7fcf8f8d04a0" scoped=""/>
        <function-ref name="led1Toggle" ref="0x7fcf8f8d0630" scoped=""/>
        <function-ref name="led2Toggle" ref="0x7fcf8f8d07c0" scoped=""/>
        <function-ref name="get" ref="0x7fcf8f8d0950" scoped=""/>
        <function-ref name="led1Off" ref="0x7fcf8f8d0ae0" scoped=""/>
        <function-ref name="led2On" ref="0x7fcf8f8cf1b0" scoped=""/>
        <function-ref name="set" ref="0x7fcf8f8d0e00" scoped=""/>
        <function-ref name="led2Off" ref="0x7fcf8f8d0c70" scoped=""/>
        <function-ref name="led0On" ref="0x7fcf8f8cf020" scoped=""/>
      </interface-functions>
    </interface><interface loc="48:/opt/tinyos-2.1.2/tos/chips/msp430/usart/Msp430UartP.nc" name="UsartResource" provided="0" ref="0x7fcf8f8da230">
      <component-ref nicename="tos.chips.msp430.usart.Msp430UartP" qname="Msp430Uart1P.UartP"/>
      <type-interface alignment="I:2" size="I:2"><interface-ref name="UsartResource" ref="0x7fcf8f8da230" scoped=""/></type-interface>
      <instance>
        <interfacedef-ref nicename="tos.interfaces.Resource" qname="Resource"/>
      </instance>
      <interface-parameters>
        <type-int alignment="I:1" cname="unsigned char" size="I:1" unsigned="">
          <typename><typedef-ref name="uint8_t" ref="0x7fcf9126f160"/></typename>
        </type-int>
      </interface-parameters>
      <interface-functions>
        <function-ref name="release" ref="0x7fcf8f8da5d0" scoped=""/>
        <function-ref name="immediateRequest" ref="0x7fcf8f8da760" scoped=""/>
        <function-ref name="request" ref="0x7fcf8f8da8f0" scoped=""/>
        <function-ref name="granted" ref="0x7fcf8f8daa80" scoped=""/>
        <function-ref name="isOwner" ref="0x7fcf8f8dac10" scoped=""/>
      </interface-functions>
    </interface><interface loc="43:/opt/tinyos-2.1.2/tos/chips/msp430/usart/Msp430UartP.nc" name="Resource" provided="1" ref="0x7fcf8f8dd020">
      <component-ref nicename="tos.chips.msp430.usart.Msp430UartP" qname="Msp430Uart1P.UartP"/>
      <type-interface alignment="I:2" size="I:2"><interface-ref name="Resource" ref="0x7fcf8f8dd020" scoped=""/></type-interface>
      <instance>
        <interfacedef-ref nicename="tos.interfaces.Resource" qname="Resource"/>
      </instance>
      <interface-parameters>
        <type-int alignment="I:1" cname="unsigned char" size="I:1" unsigned="">
          <typename><typedef-ref name="uint8_t" ref="0x7fcf9126f160"/></typename>
        </type-int>
      </interface-parameters>
      <interface-functions>
        <function-ref name="release" ref="0x7fcf8f8dd3c0" scoped=""/>
        <function-ref name="immediateRequest" ref="0x7fcf8f8dd550" scoped=""/>
        <function-ref name="request" ref="0x7fcf8f8dd6e0" scoped=""/>
        <function-ref name="granted" ref="0x7fcf8f8dd870" scoped=""/>
        <function-ref name="isOwner" ref="0x7fcf8f8dda00" scoped=""/>
      </interface-functions>
    </interface><component loc="45:/opt/tinyos-2.1.2/tos/system/LedsC.nc" nicename="tos.system.LedsC" qname="LedsC">
      <documentation loc="34:/opt/tinyos-2.1.2/tos/system/LedsC.nc">
        <short>

 The basic TinyOS LEDs abstraction.</short>
        <long>

 The basic TinyOS LEDs abstraction.

 @author Phil Buonadonna
 @author David Gay
 @author Philip Levis
 @author Joe Polastre
</long>
      </documentation>
      <configuration/>
      <wiring>
        <wire loc="51:/opt/tinyos-2.1.2/tos/system/LedsC.nc">
          <from><interface-ref name="Leds" ref="0x7fcf9017c950" scoped=""/></from>
          <to><interface-ref name="Leds" ref="0x7fcf900f02a0" scoped=""/></to>
        </wire>
        <wire loc="53:/opt/tinyos-2.1.2/tos/system/LedsC.nc">
          <from><interface-ref name="Init" ref="0x7fcf900c8c40" scoped=""/></from>
          <to><interface-ref name="Init" ref="0x7fcf900f3c40" scoped=""/></to>
        </wire>
        <wire loc="54:/opt/tinyos-2.1.2/tos/system/LedsC.nc">
          <from><interface-ref name="Led0" ref="0x7fcf900e8910" scoped=""/></from>
          <to><interface-ref name="Led0" ref="0x7fcf900cb360" scoped=""/></to>
        </wire>
        <wire loc="55:/opt/tinyos-2.1.2/tos/system/LedsC.nc">
          <from><interface-ref name="Led1" ref="0x7fcf900eeb10" scoped=""/></from>
          <to><interface-ref name="Led1" ref="0x7fcf900ca6a0" scoped=""/></to>
        </wire>
        <wire loc="56:/opt/tinyos-2.1.2/tos/system/LedsC.nc">
          <from><interface-ref name="Led2" ref="0x7fcf900ede30" scoped=""/></from>
          <to><interface-ref name="Led2" ref="0x7fcf900c99c0" scoped=""/></to>
        </wire>
      </wiring>
    </component><component loc="74:/opt/tinyos-2.1.2/tos/chips/msp430/usart/HplMsp430Usart1C.nc" nicename="tos.chips.msp430.usart.HplMsp430Usart1C" qname="HplMsp430Usart1C">
      <documentation loc="31:/opt/tinyos-2.1.2/tos/chips/msp430/usart/msp430usart.h">
        <short>
 </short>
        <long>
 @author Vlado Handziski &lt;handzisk@tkn.tu-berlin.de&gt;
 @author Philipp Huppertz &lt;huppertz@tkn.tu-berlin.de&gt;
</long>
      </documentation>
      <configuration/>
      <wiring>
        <wire loc="89:/opt/tinyos-2.1.2/tos/chips/msp430/usart/HplMsp430Usart1C.nc">
          <from><interface-ref name="HplMsp430UsartInterrupts" ref="0x7fcf8f8c1d10" scoped=""/></from>
          <to><interface-ref name="Interrupts" ref="0x7fcf8f8b7460" scoped=""/></to>
        </wire>
        <wire loc="87:/opt/tinyos-2.1.2/tos/chips/msp430/usart/HplMsp430Usart1C.nc">
          <from><interface-ref name="AsyncStdControl" ref="0x7fcf8f8c4840" scoped=""/></from>
          <to><interface-ref name="AsyncStdControl" ref="0x7fcf8f8bd0c0" scoped=""/></to>
        </wire>
        <wire loc="88:/opt/tinyos-2.1.2/tos/chips/msp430/usart/HplMsp430Usart1C.nc">
          <from><interface-ref name="HplMsp430Usart" ref="0x7fcf8f8c60c0" scoped=""/></from>
          <to><interface-ref name="Usart" ref="0x7fcf8f8bd970" scoped=""/></to>
        </wire>
        <wire loc="91:/opt/tinyos-2.1.2/tos/chips/msp430/usart/HplMsp430Usart1C.nc">
          <from><interface-ref name="SIMO" ref="0x7fcf8f8b7d30" scoped=""/></from>
          <to><interface-ref name="SIMO1" ref="0x7fcf90045580" scoped=""/></to>
        </wire>
        <wire loc="92:/opt/tinyos-2.1.2/tos/chips/msp430/usart/HplMsp430Usart1C.nc">
          <from><interface-ref name="SOMI" ref="0x7fcf8f8b5cb0" scoped=""/></from>
          <to><interface-ref name="SOMI1" ref="0x7fcf90043580" scoped=""/></to>
        </wire>
        <wire loc="93:/opt/tinyos-2.1.2/tos/chips/msp430/usart/HplMsp430Usart1C.nc">
          <from><interface-ref name="UCLK" ref="0x7fcf8f8b3cb0" scoped=""/></from>
          <to><interface-ref name="UCLK1" ref="0x7fcf90041580" scoped=""/></to>
        </wire>
        <wire loc="94:/opt/tinyos-2.1.2/tos/chips/msp430/usart/HplMsp430Usart1C.nc">
          <from><interface-ref name="URXD" ref="0x7fcf8f8b1cb0" scoped=""/></from>
          <to><interface-ref name="URXD1" ref="0x7fcf9003d580" scoped=""/></to>
        </wire>
        <wire loc="95:/opt/tinyos-2.1.2/tos/chips/msp430/usart/HplMsp430Usart1C.nc">
          <from><interface-ref name="UTXD" ref="0x7fcf8f8afcb0" scoped=""/></from>
          <to><interface-ref name="UTXD1" ref="0x7fcf9003f580" scoped=""/></to>
        </wire>
      </wiring>
    </component><component loc="41(Msp430Uart1P.UartP):/opt/tinyos-2.1.2/tos/chips/msp430/usart/Msp430UartP.nc" nicename="tos.chips.msp430.usart.Msp430UartP" qname="Msp430Uart1P.UartP">
      <documentation loc="32:/opt/tinyos-2.1.2/tos/chips/msp430/usart/Msp430UartP.nc">
        <short>
 </short>
        <long>
 @author Jonathan Hui &lt;jhui@archrock.com&gt;
 @author Vlado Handziski &lt;handzisk@tkn.tu-berlin.de&gt;
 @author Eric B. Decker &lt;cire831@gmail.com&gt;
 @version $Revision: 1.7 $ $Date: 2008-06-04 05:31:15 $
</long>
      </documentation>
      <instance number="0">
        <component-ref nicename="tos.chips.msp430.usart.Msp430UartP" qname="Msp430UartP"/>
      </instance>
      <module/>
    </component><component loc="41:/opt/tinyos-2.1.2/tos/chips/msp430/timer/Counter32khz16C.nc" nicename="tos.chips.msp430.timer.Counter32khz16C" qname="Counter32khz16C">
      <documentation loc="33:/opt/tinyos-2.1.2/tos/chips/msp430/timer/Counter32khz16C.nc">
        <short>
 Counter32khz16C provides at 16-bit counter at 32768 ticks per second.</short>
        <long>
 Counter32khz16C provides at 16-bit counter at 32768 ticks per second.

 @author Cory Sharp &lt;cssharp@eecs.berkeley.edu&gt;
 @see  Please refer to TEP 102 for more information about this component and its
          intended use.
</long>
      </documentation>
      <configuration/>
      <wiring>
        <wire loc="49:/opt/tinyos-2.1.2/tos/chips/msp430/timer/Counter32khz16C.nc">
          <from><interface-ref name="Counter" ref="0x7fcf8f830110" scoped=""/></from>
          <to><interface-ref name="Msp430Counter32khz" ref="0x7fcf8fd708e0" scoped=""/></to>
        </wire>
      </wiring>
    </component></referenced></component>