<?xml version="1.0" ?><component abstract="" loc="45:/opt/tinyos-2.1.2/tos/system/AMQueueImplP.nc" nicename="tos.system.AMQueueImplP" qname="AMQueueImplP" safe="">
      <documentation loc="33:/opt/tinyos-2.1.2/tos/system/AMQueueImplP.nc">
        <short>
 An AM send queue that provides a Service Instance pattern for
 formatted packets and calls an underlying AMSend in a round-robin
 fashion.</short>
        <long>
 An AM send queue that provides a Service Instance pattern for
 formatted packets and calls an underlying AMSend in a round-robin
 fashion. Used to share L2 bandwidth between different communication
 clients.

 @author Philip Levis
 @date   Jan 16 2006
</long>
      </documentation>
      <parameters>
        <constant loc="45:/opt/tinyos-2.1.2/tos/system/AMQueueImplP.nc" name="numClients" ref="0x7fcf8fbff0d0">
          <component-ref nicename="tos.system.AMQueueImplP" qname="AMQueueImplP"/>
          <type-int alignment="I:2" cname="int" size="I:2"/>
        </constant>
      </parameters>
      <module/>
    <specification><interface loc="48:/opt/tinyos-2.1.2/tos/system/AMQueueImplP.nc" name="AMSend" provided="0" ref="0x7fcf8fbfd280">
      <component-ref nicename="tos.system.AMQueueImplP" qname="AMQueueImplP"/>
      <type-interface alignment="I:2" size="I:2"><interface-ref name="AMSend" ref="0x7fcf8fbfd280" scoped=""/></type-interface>
      <instance>
        <interfacedef-ref nicename="tos.interfaces.AMSend" qname="AMSend"/>
      </instance>
      <interface-parameters>
        <type-int alignment="I:1" cname="unsigned char" size="I:1" unsigned="">
          <typename><typedef-ref name="am_id_t" ref="0x7fcf9012e550"/></typename>
        </type-int>
      </interface-parameters>
      <interface-functions>
        <function-ref name="send" ref="0x7fcf8fbfd600" scoped=""/>
        <function-ref name="getPayload" ref="0x7fcf8fbfd790" scoped=""/>
        <function-ref name="maxPayloadLength" ref="0x7fcf8fbfd920" scoped=""/>
        <function-ref name="cancel" ref="0x7fcf8fbfdab0" scoped=""/>
        <function-ref name="sendDone" ref="0x7fcf8fbfdc40" scoped=""/>
      </interface-functions>
    </interface><interface loc="46:/opt/tinyos-2.1.2/tos/system/AMQueueImplP.nc" name="Send" provided="1" ref="0x7fcf8fbfe020">
      <component-ref nicename="tos.system.AMQueueImplP" qname="AMQueueImplP"/>
      <type-interface alignment="I:2" size="I:2"><interface-ref name="Send" ref="0x7fcf8fbfe020" scoped=""/></type-interface>
      <instance>
        <interfacedef-ref nicename="tos.interfaces.Send" qname="Send"/>
      </instance>
      <interface-parameters>
        <type-int alignment="I:1" cname="unsigned char" size="I:1" unsigned="">
          <typename><typedef-ref name="uint8_t" ref="0x7fcf9126f160"/></typename>
        </type-int>
      </interface-parameters>
      <interface-functions>
        <function-ref name="send" ref="0x7fcf8fbfe3a0" scoped=""/>
        <function-ref name="getPayload" ref="0x7fcf8fbfe530" scoped=""/>
        <function-ref name="maxPayloadLength" ref="0x7fcf8fbfe6c0" scoped=""/>
        <function-ref name="cancel" ref="0x7fcf8fbfe850" scoped=""/>
        <function-ref name="sendDone" ref="0x7fcf8fbfe9e0" scoped=""/>
      </interface-functions>
    </interface><interface loc="50:/opt/tinyos-2.1.2/tos/system/AMQueueImplP.nc" name="Packet" provided="0" ref="0x7fcf8fbfa760">
      <component-ref nicename="tos.system.AMQueueImplP" qname="AMQueueImplP"/>
      <type-interface alignment="I:2" size="I:2"><interface-ref name="Packet" ref="0x7fcf8fbfa760" scoped=""/></type-interface>
      <instance>
        <interfacedef-ref nicename="tos.interfaces.Packet" qname="Packet"/>
      </instance>
      <interface-functions>
        <function-ref name="clear" ref="0x7fcf8fbfaae0" scoped=""/>
        <function-ref name="payloadLength" ref="0x7fcf8fbfac70" scoped=""/>
        <function-ref name="getPayload" ref="0x7fcf8fbfae00" scoped=""/>
        <function-ref name="maxPayloadLength" ref="0x7fcf8fbf9020" scoped=""/>
        <function-ref name="setPayloadLength" ref="0x7fcf8fbf91b0" scoped=""/>
      </interface-functions>
    </interface><interface loc="169:/opt/tinyos-2.1.2/tos/system/AMQueueImplP.nc" name="errorTask" provided="0" ref="0x7fcf8fbd4c70">
      <component-ref nicename="tos.system.AMQueueImplP" qname="AMQueueImplP"/>
      <type-interface alignment="I:2" size="I:2"><interface-ref name="errorTask" ref="0x7fcf8fbd4c70" scoped=""/></type-interface>
      <instance>
        <interfacedef-ref nicename="tos.interfaces.TaskBasic" qname="TaskBasic"/>
      </instance>
      <interface-functions>
        <function-ref name="postTask" ref="0x7fcf8fbd3020" scoped=""/>
        <function-ref name="runTask" ref="0x7fcf8fbd31b0" scoped=""/>
      </interface-functions>
    </interface><interface loc="126:/opt/tinyos-2.1.2/tos/system/AMQueueImplP.nc" name="CancelTask" provided="0" ref="0x7fcf8fbe6190">
      <component-ref nicename="tos.system.AMQueueImplP" qname="AMQueueImplP"/>
      <type-interface alignment="I:2" size="I:2"><interface-ref name="CancelTask" ref="0x7fcf8fbe6190" scoped=""/></type-interface>
      <instance>
        <interfacedef-ref nicename="tos.interfaces.TaskBasic" qname="TaskBasic"/>
      </instance>
      <interface-functions>
        <function-ref name="postTask" ref="0x7fcf8fbe6510" scoped=""/>
        <function-ref name="runTask" ref="0x7fcf8fbe66a0" scoped=""/>
      </interface-functions>
    </interface><interface loc="49:/opt/tinyos-2.1.2/tos/system/AMQueueImplP.nc" name="AMPacket" provided="0" ref="0x7fcf8fbfb020">
      <component-ref nicename="tos.system.AMQueueImplP" qname="AMQueueImplP"/>
      <type-interface alignment="I:2" size="I:2"><interface-ref name="AMPacket" ref="0x7fcf8fbfb020" scoped=""/></type-interface>
      <instance>
        <interfacedef-ref nicename="tos.interfaces.AMPacket" qname="AMPacket"/>
      </instance>
      <interface-functions>
        <function-ref name="group" ref="0x7fcf8fbfb3a0" scoped=""/>
        <function-ref name="source" ref="0x7fcf8fbfb530" scoped=""/>
        <function-ref name="address" ref="0x7fcf8fbfb6c0" scoped=""/>
        <function-ref name="destination" ref="0x7fcf8fbfb850" scoped=""/>
        <function-ref name="setSource" ref="0x7fcf8fbfb9e0" scoped=""/>
        <function-ref name="setDestination" ref="0x7fcf8fbfbb70" scoped=""/>
        <function-ref name="type" ref="0x7fcf8fbfbd00" scoped=""/>
        <function-ref name="setType" ref="0x7fcf8fbfa020" scoped=""/>
        <function-ref name="isForMe" ref="0x7fcf8fbfa1b0" scoped=""/>
        <function-ref name="setGroup" ref="0x7fcf8fbfa340" scoped=""/>
        <function-ref name="localGroup" ref="0x7fcf8fbfa4d0" scoped=""/>
      </interface-functions>
    </interface></specification><referenced/></component>