<?xml version="1.0" ?><component loc="43:/opt/tinyos-2.1.2/tos/chips/msp430/timer/Msp430ClockP.nc" nicename="tos.chips.msp430.timer.Msp430ClockP" qname="Msp430ClockP" safe="">
      <module/>
    <specification><interface loc="46:/opt/tinyos-2.1.2/tos/chips/msp430/timer/Msp430ClockP.nc" name="Msp430ClockInit" provided="1" ref="0x7fcf90313a70">
      <component-ref nicename="tos.chips.msp430.timer.Msp430ClockP" qname="Msp430ClockP"/>
      <type-interface alignment="I:2" size="I:2"><interface-ref name="Msp430ClockInit" ref="0x7fcf90313a70" scoped=""/></type-interface>
      <instance>
        <interfacedef-ref nicename="tos.chips.msp430.timer.Msp430ClockInit" qname="Msp430ClockInit"/>
      </instance>
      <interface-functions>
        <function-ref name="defaultInitClocks" ref="0x7fcf90312980" scoped=""/>
        <function-ref name="initTimerB" ref="0x7fcf90312020" scoped=""/>
        <function-ref name="defaultInitTimerA" ref="0x7fcf903121b0" scoped=""/>
        <function-ref name="initTimerA" ref="0x7fcf90312340" scoped=""/>
        <function-ref name="defaultInitTimerB" ref="0x7fcf90313df0" scoped=""/>
        <function-ref name="defaultSetupDcoCalibrate" ref="0x7fcf903124d0" scoped=""/>
        <function-ref name="setupDcoCalibrate" ref="0x7fcf90312660" scoped=""/>
        <function-ref name="initClocks" ref="0x7fcf903127f0" scoped=""/>
      </interface-functions>
    </interface><interface loc="47:/opt/tinyos-2.1.2/tos/chips/msp430/timer/Msp430ClockP.nc" name="McuPowerOverride" provided="1" ref="0x7fcf90312cc0">
      <component-ref nicename="tos.chips.msp430.timer.Msp430ClockP" qname="Msp430ClockP"/>
      <type-interface alignment="I:2" size="I:2"><interface-ref name="McuPowerOverride" ref="0x7fcf90312cc0" scoped=""/></type-interface>
      <instance>
        <interfacedef-ref nicename="tos.interfaces.McuPowerOverride" qname="McuPowerOverride"/>
      </instance>
      <interface-functions>
        <function-ref name="lowestState" ref="0x7fcf903110a0" scoped=""/>
      </interface-functions>
    </interface><interface loc="45:/opt/tinyos-2.1.2/tos/chips/msp430/timer/Msp430ClockP.nc" name="Init" provided="1" ref="0x7fcf903133c0">
      <component-ref nicename="tos.chips.msp430.timer.Msp430ClockP" qname="Msp430ClockP"/>
      <type-interface alignment="I:2" size="I:2"><interface-ref name="Init" ref="0x7fcf903133c0" scoped=""/></type-interface>
      <instance>
        <interfacedef-ref nicename="tos.interfaces.Init" qname="Init"/>
      </instance>
      <interface-functions>
        <function-ref name="init" ref="0x7fcf90313740" scoped=""/>
      </interface-functions>
    </interface></specification><referenced/></component>