<?xml version="1.0" ?><component loc="54:/opt/tinyos-2.1.2/tos/system/SchedulerBasicP.nc" nicename="tos.system.SchedulerBasicP" qname="SchedulerBasicP" safe="">
      <module/>
    <specification><interface loc="56:/opt/tinyos-2.1.2/tos/system/SchedulerBasicP.nc" name="TaskBasic" provided="1" ref="0x7fcf90389040">
      <component-ref nicename="tos.system.SchedulerBasicP" qname="SchedulerBasicP"/>
      <type-interface alignment="I:2" size="I:2"><interface-ref name="TaskBasic" ref="0x7fcf90389040" scoped=""/></type-interface>
      <instance>
        <interfacedef-ref nicename="tos.interfaces.TaskBasic" qname="TaskBasic"/>
      </instance>
      <interface-parameters>
        <type-int alignment="I:1" cname="unsigned char" size="I:1" unsigned="">
          <typename><typedef-ref name="uint8_t" ref="0x7fcf9126f160"/></typename>
        </type-int>
      </interface-parameters>
      <interface-functions>
        <function-ref name="postTask" ref="0x7fcf903893c0" scoped=""/>
        <function-ref name="runTask" ref="0x7fcf90389550" scoped=""/>
      </interface-functions>
    </interface><interface loc="57:/opt/tinyos-2.1.2/tos/system/SchedulerBasicP.nc" name="McuSleep" provided="0" ref="0x7fcf903865d0">
      <component-ref nicename="tos.system.SchedulerBasicP" qname="SchedulerBasicP"/>
      <type-interface alignment="I:2" size="I:2"><interface-ref name="McuSleep" ref="0x7fcf903865d0" scoped=""/></type-interface>
      <instance>
        <interfacedef-ref nicename="tos.interfaces.McuSleep" qname="McuSleep"/>
      </instance>
      <interface-functions>
        <function-ref name="sleep" ref="0x7fcf90386950" scoped=""/>
      </interface-functions>
    </interface><interface loc="55:/opt/tinyos-2.1.2/tos/system/SchedulerBasicP.nc" name="Scheduler" provided="1" ref="0x7fcf9038b140">
      <component-ref nicename="tos.system.SchedulerBasicP" qname="SchedulerBasicP"/>
      <type-interface alignment="I:2" size="I:2"><interface-ref name="Scheduler" ref="0x7fcf9038b140" scoped=""/></type-interface>
      <instance>
        <interfacedef-ref nicename="tos.interfaces.Scheduler" qname="Scheduler"/>
      </instance>
      <interface-functions>
        <function-ref name="init" ref="0x7fcf9038b4c0" scoped=""/>
        <function-ref name="taskLoop" ref="0x7fcf9038b650" scoped=""/>
        <function-ref name="runNextTask" ref="0x7fcf9038b7e0" scoped=""/>
      </interface-functions>
    </interface></specification><referenced/></component>