<?xml version="1.0" ?><component abstract="" loc="42:/opt/tinyos-2.1.2/tos/system/FcfsResourceQueueC.nc" nicename="tos.system.FcfsResourceQueueC" qname="FcfsResourceQueueC" safe="">
      <parameters>
        <constant loc="42:/opt/tinyos-2.1.2/tos/system/FcfsResourceQueueC.nc" name="size" ref="0x7fcf8f7e60d0">
          <component-ref nicename="tos.system.FcfsResourceQueueC" qname="FcfsResourceQueueC"/>
          <type-int alignment="I:1" cname="unsigned char" size="I:1" unsigned="">
            <typename><typedef-ref name="uint8_t" ref="0x7fcf9126f160"/></typename>
          </type-int>
        </constant>
      </parameters>
      <module/>
    <specification><interface loc="44:/opt/tinyos-2.1.2/tos/system/FcfsResourceQueueC.nc" name="Init" provided="1" ref="0x7fcf8f7e6960">
      <component-ref nicename="tos.system.FcfsResourceQueueC" qname="FcfsResourceQueueC"/>
      <type-interface alignment="I:2" size="I:2"><interface-ref name="Init" ref="0x7fcf8f7e6960" scoped=""/></type-interface>
      <instance>
        <interfacedef-ref nicename="tos.interfaces.Init" qname="Init"/>
      </instance>
      <interface-functions>
        <function-ref name="init" ref="0x7fcf8f7e6ce0" scoped=""/>
      </interface-functions>
    </interface><interface loc="45:/opt/tinyos-2.1.2/tos/system/FcfsResourceQueueC.nc" name="FcfsQueue" provided="1" ref="0x7fcf8f7e4020">
      <component-ref nicename="tos.system.FcfsResourceQueueC" qname="FcfsResourceQueueC"/>
      <type-interface alignment="I:2" size="I:2"><interface-ref name="FcfsQueue" ref="0x7fcf8f7e4020" scoped=""/></type-interface>
      <instance>
        <interfacedef-ref nicename="tos.interfaces.ResourceQueue" qname="ResourceQueue"/>
      </instance>
      <interface-functions>
        <function-ref name="enqueue" ref="0x7fcf8f7e43a0" scoped=""/>
        <function-ref name="isEmpty" ref="0x7fcf8f7e4530" scoped=""/>
        <function-ref name="isEnqueued" ref="0x7fcf8f7e46c0" scoped=""/>
        <function-ref name="dequeue" ref="0x7fcf8f7e4850" scoped=""/>
      </interface-functions>
    </interface></specification><referenced/></component>