<?xml version="1.0" ?><component loc="93:/opt/tinyos-2.1.2/tos/lib/printf/PutcharP.nc" nicename="tos.lib.printf.PutcharP" qname="PutcharP">
      <documentation loc="64:/opt/tinyos-2.1.2/tos/lib/printf/PutcharP.nc">
        <short>
 This component provides a TinyOS-compatible bridge to the
 system-specific mechanism of providing single-character output to
 the environment's printf(3c) infrastructure.</short>
        <long>
 This component provides a TinyOS-compatible bridge to the
 system-specific mechanism of providing single-character output to
 the environment's printf(3c) infrastructure.  Components that
 provide a libc-based printf facility in TinyOS should implement the
 Putchar interface and connect it to this module.

 @author Kevin Klues &lt;klueska@cs.stanford.edu&gt;
 @author Peter A. Bigot &lt;pabigot@users.sourceforge.net&gt;
</long>
      </documentation>
      <module/>
    <specification><interface loc="94:/opt/tinyos-2.1.2/tos/lib/printf/PutcharP.nc" name="Init" provided="1" ref="0x7fcf8f6c0360">
      <component-ref nicename="tos.lib.printf.PutcharP" qname="PutcharP"/>
      <type-interface alignment="I:2" size="I:2"><interface-ref name="Init" ref="0x7fcf8f6c0360" scoped=""/></type-interface>
      <instance>
        <interfacedef-ref nicename="tos.interfaces.Init" qname="Init"/>
      </instance>
      <interface-functions>
        <function-ref name="init" ref="0x7fcf8f6c06e0" scoped=""/>
      </interface-functions>
    </interface><interface loc="95:/opt/tinyos-2.1.2/tos/lib/printf/PutcharP.nc" name="Putchar" provided="0" ref="0x7fcf8f6c09c0">
      <component-ref nicename="tos.lib.printf.PutcharP" qname="PutcharP"/>
      <type-interface alignment="I:2" size="I:2"><interface-ref name="Putchar" ref="0x7fcf8f6c09c0" scoped=""/></type-interface>
      <instance>
        <interfacedef-ref nicename="tos.lib.printf.Putchar" qname="Putchar"/>
      </instance>
      <interface-functions>
        <function-ref name="putchar" ref="0x7fcf8f6c0d40" scoped=""/>
      </interface-functions>
    </interface></specification><referenced/></component>