<?xml version="1.0" ?><component loc="47:/opt/tinyos-2.1.2/tos/lib/serial/HdlcTranslateC.nc" nicename="tos.lib.serial.HdlcTranslateC" qname="HdlcTranslateC">
      <documentation loc="71:/opt/tinyos-2.1.2/tos/lib/serial/Serial.h">
        <short>
 </short>
        <long>
 @author Phil Buonadonna
 @author Lewis Girod
 @author Ben Greenstein
 @author Philip Levis
 @date   August 7 2005
</long>
      </documentation>
      <module/>
    <specification><interface loc="50:/opt/tinyos-2.1.2/tos/lib/serial/HdlcTranslateC.nc" name="UartStream" provided="0" ref="0x7f87df3a5d20">
      <component-ref nicename="tos.lib.serial.HdlcTranslateC" qname="HdlcTranslateC"/>
      <type-interface alignment="I:2" size="I:2"><interface-ref name="UartStream" ref="0x7f87df3a5d20" scoped=""/></type-interface>
      <instance>
        <interfacedef-ref nicename="tos.interfaces.UartStream" qname="UartStream"/>
      </instance>
      <interface-functions>
        <function-ref name="send" ref="0x7f87df3ae0e0" scoped=""/>
        <function-ref name="receivedByte" ref="0x7f87df3ae270" scoped=""/>
        <function-ref name="receive" ref="0x7f87df3ae400" scoped=""/>
        <function-ref name="enableReceiveInterrupt" ref="0x7f87df3ae590" scoped=""/>
        <function-ref name="receiveDone" ref="0x7f87df3ae720" scoped=""/>
        <function-ref name="disableReceiveInterrupt" ref="0x7f87df3ae8b0" scoped=""/>
        <function-ref name="sendDone" ref="0x7f87df3aea40" scoped=""/>
      </interface-functions>
    </interface><interface loc="48:/opt/tinyos-2.1.2/tos/lib/serial/HdlcTranslateC.nc" name="SerialFrameComm" provided="1" ref="0x7f87df3b3e10">
      <component-ref nicename="tos.lib.serial.HdlcTranslateC" qname="HdlcTranslateC"/>
      <type-interface alignment="I:2" size="I:2"><interface-ref name="SerialFrameComm" ref="0x7f87df3b3e10" scoped=""/></type-interface>
      <instance>
        <interfacedef-ref nicename="tos.lib.serial.SerialFrameComm" qname="SerialFrameComm"/>
      </instance>
      <interface-functions>
        <function-ref name="putDelimiter" ref="0x7f87df3b01c0" scoped=""/>
        <function-ref name="resetSend" ref="0x7f87df3b0350" scoped=""/>
        <function-ref name="dataReceived" ref="0x7f87df3b04e0" scoped=""/>
        <function-ref name="resetReceive" ref="0x7f87df3b0670" scoped=""/>
        <function-ref name="putData" ref="0x7f87df3b0800" scoped=""/>
        <function-ref name="putDone" ref="0x7f87df3b0990" scoped=""/>
        <function-ref name="delimiterReceived" ref="0x7f87df3b0b20" scoped=""/>
      </interface-functions>
    </interface><interface loc="51:/opt/tinyos-2.1.2/tos/lib/serial/HdlcTranslateC.nc" name="Leds" provided="0" ref="0x7f87df3aecc0">
      <component-ref nicename="tos.lib.serial.HdlcTranslateC" qname="HdlcTranslateC"/>
      <type-interface alignment="I:2" size="I:2"><interface-ref name="Leds" ref="0x7f87df3aecc0" scoped=""/></type-interface>
      <instance>
        <interfacedef-ref nicename="tos.interfaces.Leds" qname="Leds"/>
      </instance>
      <interface-functions>
        <function-ref name="led0Off" ref="0x7f87df3ad0a0" scoped=""/>
        <function-ref name="led0Toggle" ref="0x7f87df3ad230" scoped=""/>
        <function-ref name="led1On" ref="0x7f87df3ad3c0" scoped=""/>
        <function-ref name="led1Toggle" ref="0x7f87df3ad550" scoped=""/>
        <function-ref name="led2Toggle" ref="0x7f87df3ad6e0" scoped=""/>
        <function-ref name="get" ref="0x7f87df3ad870" scoped=""/>
        <function-ref name="led1Off" ref="0x7f87df3ada00" scoped=""/>
        <function-ref name="led2Off" ref="0x7f87df3a31b0" scoped=""/>
        <function-ref name="set" ref="0x7f87df3adb90" scoped=""/>
        <function-ref name="led0On" ref="0x7f87df3add20" scoped=""/>
        <function-ref name="led2On" ref="0x7f87df3a3020" scoped=""/>
      </interface-functions>
    </interface></specification><referenced/></component>