<?xml version="1.0" ?><component abstract="" loc="42:/opt/tinyos-2.1.2/tos/chips/msp430/usart/Msp430Uart1C.nc" nicename="tos.chips.msp430.usart.Msp430Uart1C" qname="Msp430Uart1C">
      <parameters>
      </parameters>
      <configuration/>
      <wiring>
        <wire loc="65:/opt/tinyos-2.1.2/tos/chips/msp430/usart/Msp430Uart1C.nc">
          <from><interface-ref name="ResourceRequested" ref="0x7f87df329940" scoped=""/></from>
          <to><interface-ref name="ResourceRequested" ref="0x7f87df10f2b0" scoped=""/></to>
        </wire>
        <wire loc="61:/opt/tinyos-2.1.2/tos/chips/msp430/usart/Msp430Uart1C.nc">
          <from><interface-ref name="UartByte" ref="0x7f87df32a190" scoped=""/></from>
          <to><interface-ref name="UartByte" ref="0x7f87df31e850" scoped=""/>
          <arguments>
            <value cst="U:">
              <type-int alignment="I:2" cname="int" size="I:2"/>
            </value>
          </arguments>
          </to>
        </wire>
        <wire loc="60:/opt/tinyos-2.1.2/tos/chips/msp430/usart/Msp430Uart1C.nc">
          <from><interface-ref name="UartStream" ref="0x7f87df32f190" scoped=""/></from>
          <to><interface-ref name="UartStream" ref="0x7f87df3201d0" scoped=""/>
          <arguments>
            <value cst="U:">
              <type-int alignment="I:2" cname="int" size="I:2"/>
            </value>
          </arguments>
          </to>
        </wire>
        <wire loc="59:/opt/tinyos-2.1.2/tos/chips/msp430/usart/Msp430Uart1C.nc">
          <from><interface-ref name="Resource" ref="0x7f87df32b1d0" scoped=""/></from>
          <to><interface-ref name="Resource" ref="0x7f87df3258d0" scoped=""/>
          <arguments>
            <value cst="U:">
              <type-int alignment="I:2" cname="int" size="I:2"/>
            </value>
          </arguments>
          </to>
        </wire>
        <wire loc="62:/opt/tinyos-2.1.2/tos/chips/msp430/usart/Msp430Uart1C.nc">
          <from><interface-ref name="Msp430UartConfigure" ref="0x7f87df31ba40" scoped=""/>
          <arguments>
            <value cst="U:">
              <type-int alignment="I:2" cname="int" size="I:2"/>
            </value>
          </arguments>
          </from>
          <to><interface-ref name="Msp430UartConfigure" ref="0x7f87df3268b0" scoped=""/></to>
        </wire>
        <wire loc="66:/opt/tinyos-2.1.2/tos/chips/msp430/usart/Msp430Uart1C.nc">
          <from><interface-ref name="ResourceConfigure" ref="0x7f87df109440" scoped=""/></from>
          <to><interface-ref name="ResourceConfigure" ref="0x7f87df321450" scoped=""/>
          <arguments>
            <value cst="U:">
              <type-int alignment="I:2" cname="int" size="I:2"/>
            </value>
          </arguments>
          </to>
        </wire>
        <wire loc="67:/opt/tinyos-2.1.2/tos/chips/msp430/usart/Msp430Uart1C.nc">
          <from><interface-ref name="UsartResource" ref="0x7f87df31c690" scoped=""/>
          <arguments>
            <value cst="U:">
              <type-int alignment="I:2" cname="int" size="I:2"/>
            </value>
          </arguments>
          </from>
          <to><interface-ref name="Resource" ref="0x7f87df110500" scoped=""/></to>
        </wire>
        <wire loc="68:/opt/tinyos-2.1.2/tos/chips/msp430/usart/Msp430Uart1C.nc">
          <from><interface-ref name="UsartInterrupts" ref="0x7f87df319020" scoped=""/>
          <arguments>
            <value cst="U:">
              <type-int alignment="I:2" cname="int" size="I:2"/>
            </value>
          </arguments>
          </from>
          <to><interface-ref name="HplMsp430UsartInterrupts" ref="0x7f87df10ac10" scoped=""/></to>
        </wire>
      </wiring>
    <specification><interface loc="45:/opt/tinyos-2.1.2/tos/chips/msp430/usart/Msp430Uart1C.nc" name="ResourceRequested" provided="1" ref="0x7f87df329940">
      <component-ref nicename="tos.chips.msp430.usart.Msp430Uart1C" qname="Msp430Uart1C"/>
      <type-interface alignment="I:2" size="I:2"><interface-ref name="ResourceRequested" ref="0x7f87df329940" scoped=""/></type-interface>
      <instance>
        <interfacedef-ref nicename="tos.interfaces.ResourceRequested" qname="ResourceRequested"/>
      </instance>
      <interface-functions>
        <function-ref name="requested" ref="0x7f87df329cc0" scoped=""/>
        <function-ref name="immediateRequested" ref="0x7f87df329e50" scoped=""/>
      </interface-functions>
    </interface><interface loc="47:/opt/tinyos-2.1.2/tos/chips/msp430/usart/Msp430Uart1C.nc" name="UartByte" provided="1" ref="0x7f87df32a190">
      <component-ref nicename="tos.chips.msp430.usart.Msp430Uart1C" qname="Msp430Uart1C"/>
      <type-interface alignment="I:2" size="I:2"><interface-ref name="UartByte" ref="0x7f87df32a190" scoped=""/></type-interface>
      <instance>
        <interfacedef-ref nicename="tos.interfaces.UartByte" qname="UartByte"/>
      </instance>
      <interface-functions>
        <function-ref name="send" ref="0x7f87df32a510" scoped=""/>
        <function-ref name="receive" ref="0x7f87df32a6a0" scoped=""/>
      </interface-functions>
    </interface><interface loc="49:/opt/tinyos-2.1.2/tos/chips/msp430/usart/Msp430Uart1C.nc" name="Msp430UartConfigure" provided="0" ref="0x7f87df3268b0">
      <component-ref nicename="tos.chips.msp430.usart.Msp430Uart1C" qname="Msp430Uart1C"/>
      <type-interface alignment="I:2" size="I:2"><interface-ref name="Msp430UartConfigure" ref="0x7f87df3268b0" scoped=""/></type-interface>
      <instance>
        <interfacedef-ref nicename="tos.chips.msp430.usart.Msp430UartConfigure" qname="Msp430UartConfigure"/>
      </instance>
      <interface-functions>
        <function-ref name="getConfig" ref="0x7f87df326c30" scoped=""/>
      </interface-functions>
    </interface><interface loc="46:/opt/tinyos-2.1.2/tos/chips/msp430/usart/Msp430Uart1C.nc" name="UartStream" provided="1" ref="0x7f87df32f190">
      <component-ref nicename="tos.chips.msp430.usart.Msp430Uart1C" qname="Msp430Uart1C"/>
      <type-interface alignment="I:2" size="I:2"><interface-ref name="UartStream" ref="0x7f87df32f190" scoped=""/></type-interface>
      <instance>
        <interfacedef-ref nicename="tos.interfaces.UartStream" qname="UartStream"/>
      </instance>
      <interface-functions>
        <function-ref name="send" ref="0x7f87df32f510" scoped=""/>
        <function-ref name="receivedByte" ref="0x7f87df32f6a0" scoped=""/>
        <function-ref name="receive" ref="0x7f87df32f830" scoped=""/>
        <function-ref name="enableReceiveInterrupt" ref="0x7f87df32f9c0" scoped=""/>
        <function-ref name="receiveDone" ref="0x7f87df32fb50" scoped=""/>
        <function-ref name="disableReceiveInterrupt" ref="0x7f87df32fce0" scoped=""/>
        <function-ref name="sendDone" ref="0x7f87df32fe70" scoped=""/>
      </interface-functions>
    </interface><interface loc="44:/opt/tinyos-2.1.2/tos/chips/msp430/usart/Msp430Uart1C.nc" name="Resource" provided="1" ref="0x7f87df32b1d0">
      <component-ref nicename="tos.chips.msp430.usart.Msp430Uart1C" qname="Msp430Uart1C"/>
      <type-interface alignment="I:2" size="I:2"><interface-ref name="Resource" ref="0x7f87df32b1d0" scoped=""/></type-interface>
      <instance>
        <interfacedef-ref nicename="tos.interfaces.Resource" qname="Resource"/>
      </instance>
      <interface-functions>
        <function-ref name="release" ref="0x7f87df32b550" scoped=""/>
        <function-ref name="immediateRequest" ref="0x7f87df32b6e0" scoped=""/>
        <function-ref name="request" ref="0x7f87df32b870" scoped=""/>
        <function-ref name="granted" ref="0x7f87df32ba00" scoped=""/>
        <function-ref name="isOwner" ref="0x7f87df32bb90" scoped=""/>
      </interface-functions>
    </interface></specification><referenced><interface loc="41:/opt/tinyos-2.1.2/tos/chips/msp430/usart/Msp430Uart1P.nc" name="Resource" provided="1" ref="0x7f87df3258d0">
      <component-ref nicename="tos.chips.msp430.usart.Msp430Uart1P" qname="Msp430Uart1P"/>
      <type-interface alignment="I:2" size="I:2"><interface-ref name="Resource" ref="0x7f87df3258d0" scoped=""/></type-interface>
      <instance>
        <interfacedef-ref nicename="tos.interfaces.Resource" qname="Resource"/>
      </instance>
      <interface-parameters>
        <type-int alignment="I:1" cname="unsigned char" size="I:1" unsigned="">
          <typename><typedef-ref name="uint8_t" ref="0x7f87e0c43160"/></typename>
        </type-int>
      </interface-parameters>
      <interface-functions>
        <function-ref name="release" ref="0x7f87df325c50" scoped=""/>
        <function-ref name="immediateRequest" ref="0x7f87df325de0" scoped=""/>
        <function-ref name="request" ref="0x7f87df322020" scoped=""/>
        <function-ref name="granted" ref="0x7f87df3221b0" scoped=""/>
        <function-ref name="isOwner" ref="0x7f87df322340" scoped=""/>
      </interface-functions>
    </interface><interface loc="48:/opt/tinyos-2.1.2/tos/chips/msp430/usart/Msp430Uart1P.nc" name="UsartInterrupts" provided="0" ref="0x7f87df319020">
      <component-ref nicename="tos.chips.msp430.usart.Msp430Uart1P" qname="Msp430Uart1P"/>
      <type-interface alignment="I:2" size="I:2"><interface-ref name="UsartInterrupts" ref="0x7f87df319020" scoped=""/></type-interface>
      <instance>
        <interfacedef-ref nicename="tos.chips.msp430.usart.HplMsp430UsartInterrupts" qname="HplMsp430UsartInterrupts"/>
      </instance>
      <interface-parameters>
        <type-int alignment="I:1" cname="unsigned char" size="I:1" unsigned="">
          <typename><typedef-ref name="uint8_t" ref="0x7f87e0c43160"/></typename>
        </type-int>
      </interface-parameters>
      <interface-functions>
        <function-ref name="rxDone" ref="0x7f87df3193a0" scoped=""/>
        <function-ref name="txDone" ref="0x7f87df319530" scoped=""/>
      </interface-functions>
    </interface><interface loc="47:/opt/tinyos-2.1.2/tos/chips/msp430/usart/Msp430Uart1P.nc" name="Msp430UartConfigure" provided="0" ref="0x7f87df31ba40">
      <component-ref nicename="tos.chips.msp430.usart.Msp430Uart1P" qname="Msp430Uart1P"/>
      <type-interface alignment="I:2" size="I:2"><interface-ref name="Msp430UartConfigure" ref="0x7f87df31ba40" scoped=""/></type-interface>
      <instance>
        <interfacedef-ref nicename="tos.chips.msp430.usart.Msp430UartConfigure" qname="Msp430UartConfigure"/>
      </instance>
      <interface-parameters>
        <type-int alignment="I:1" cname="unsigned char" size="I:1" unsigned="">
          <typename><typedef-ref name="uint8_t" ref="0x7f87e0c43160"/></typename>
        </type-int>
      </interface-parameters>
      <interface-functions>
        <function-ref name="getConfig" ref="0x7f87df31bdc0" scoped=""/>
      </interface-functions>
    </interface><interface loc="46:/opt/tinyos-2.1.2/tos/chips/msp430/usart/Msp430Uart1P.nc" name="UsartResource" provided="0" ref="0x7f87df31c690">
      <component-ref nicename="tos.chips.msp430.usart.Msp430Uart1P" qname="Msp430Uart1P"/>
      <type-interface alignment="I:2" size="I:2"><interface-ref name="UsartResource" ref="0x7f87df31c690" scoped=""/></type-interface>
      <instance>
        <interfacedef-ref nicename="tos.interfaces.Resource" qname="Resource"/>
      </instance>
      <interface-parameters>
        <type-int alignment="I:1" cname="unsigned char" size="I:1" unsigned="">
          <typename><typedef-ref name="uint8_t" ref="0x7f87e0c43160"/></typename>
        </type-int>
      </interface-parameters>
      <interface-functions>
        <function-ref name="release" ref="0x7f87df31ca10" scoped=""/>
        <function-ref name="immediateRequest" ref="0x7f87df31cba0" scoped=""/>
        <function-ref name="request" ref="0x7f87df31cd30" scoped=""/>
        <function-ref name="granted" ref="0x7f87df31b020" scoped=""/>
        <function-ref name="isOwner" ref="0x7f87df31b1b0" scoped=""/>
      </interface-functions>
    </interface><interface loc="43:/opt/tinyos-2.1.2/tos/chips/msp430/usart/Msp430Uart1P.nc" name="UartStream" provided="1" ref="0x7f87df3201d0">
      <component-ref nicename="tos.chips.msp430.usart.Msp430Uart1P" qname="Msp430Uart1P"/>
      <type-interface alignment="I:2" size="I:2"><interface-ref name="UartStream" ref="0x7f87df3201d0" scoped=""/></type-interface>
      <instance>
        <interfacedef-ref nicename="tos.interfaces.UartStream" qname="UartStream"/>
      </instance>
      <interface-parameters>
        <type-int alignment="I:1" cname="unsigned char" size="I:1" unsigned="">
          <typename><typedef-ref name="uint8_t" ref="0x7f87e0c43160"/></typename>
        </type-int>
      </interface-parameters>
      <interface-functions>
        <function-ref name="send" ref="0x7f87df320550" scoped=""/>
        <function-ref name="receivedByte" ref="0x7f87df3206e0" scoped=""/>
        <function-ref name="receive" ref="0x7f87df320870" scoped=""/>
        <function-ref name="enableReceiveInterrupt" ref="0x7f87df320a00" scoped=""/>
        <function-ref name="receiveDone" ref="0x7f87df320b90" scoped=""/>
        <function-ref name="disableReceiveInterrupt" ref="0x7f87df320d20" scoped=""/>
        <function-ref name="sendDone" ref="0x7f87df31e020" scoped=""/>
      </interface-functions>
    </interface><interface loc="42:/opt/tinyos-2.1.2/tos/chips/msp430/usart/Msp430Uart1P.nc" name="ResourceConfigure" provided="1" ref="0x7f87df321450">
      <component-ref nicename="tos.chips.msp430.usart.Msp430Uart1P" qname="Msp430Uart1P"/>
      <type-interface alignment="I:2" size="I:2"><interface-ref name="ResourceConfigure" ref="0x7f87df321450" scoped=""/></type-interface>
      <instance>
        <interfacedef-ref nicename="tos.interfaces.ResourceConfigure" qname="ResourceConfigure"/>
      </instance>
      <interface-parameters>
        <type-int alignment="I:1" cname="unsigned char" size="I:1" unsigned="">
          <typename><typedef-ref name="uint8_t" ref="0x7f87e0c43160"/></typename>
        </type-int>
      </interface-parameters>
      <interface-functions>
        <function-ref name="unconfigure" ref="0x7f87df3217d0" scoped=""/>
        <function-ref name="configure" ref="0x7f87df321960" scoped=""/>
      </interface-functions>
    </interface><interface loc="44:/opt/tinyos-2.1.2/tos/chips/msp430/usart/Msp430Uart1P.nc" name="UartByte" provided="1" ref="0x7f87df31e850">
      <component-ref nicename="tos.chips.msp430.usart.Msp430Uart1P" qname="Msp430Uart1P"/>
      <type-interface alignment="I:2" size="I:2"><interface-ref name="UartByte" ref="0x7f87df31e850" scoped=""/></type-interface>
      <instance>
        <interfacedef-ref nicename="tos.interfaces.UartByte" qname="UartByte"/>
      </instance>
      <interface-parameters>
        <type-int alignment="I:1" cname="unsigned char" size="I:1" unsigned="">
          <typename><typedef-ref name="uint8_t" ref="0x7f87e0c43160"/></typename>
        </type-int>
      </interface-parameters>
      <interface-functions>
        <function-ref name="send" ref="0x7f87df31ebd0" scoped=""/>
        <function-ref name="receive" ref="0x7f87df31ed60" scoped=""/>
      </interface-functions>
    </interface><interface loc="48:/opt/tinyos-2.1.2/tos/chips/msp430/usart/Msp430Usart1C.nc" name="ResourceConfigure" provided="0" ref="0x7f87df109440">
      <component-ref nicename="tos.chips.msp430.usart.Msp430Usart1C" qname="Msp430Uart1C.UsartC"/>
      <type-interface alignment="I:2" size="I:2"><interface-ref name="ResourceConfigure" ref="0x7f87df109440" scoped=""/></type-interface>
      <instance>
        <interfacedef-ref nicename="tos.interfaces.ResourceConfigure" qname="ResourceConfigure"/>
      </instance>
      <interface-functions>
        <function-ref name="unconfigure" ref="0x7f87df1097c0" scoped=""/>
        <function-ref name="configure" ref="0x7f87df109950" scoped=""/>
      </interface-functions>
    </interface><interface loc="43:/opt/tinyos-2.1.2/tos/chips/msp430/usart/Msp430Usart1C.nc" name="ResourceRequested" provided="1" ref="0x7f87df10f2b0">
      <component-ref nicename="tos.chips.msp430.usart.Msp430Usart1C" qname="Msp430Uart1C.UsartC"/>
      <type-interface alignment="I:2" size="I:2"><interface-ref name="ResourceRequested" ref="0x7f87df10f2b0" scoped=""/></type-interface>
      <instance>
        <interfacedef-ref nicename="tos.interfaces.ResourceRequested" qname="ResourceRequested"/>
      </instance>
      <interface-functions>
        <function-ref name="requested" ref="0x7f87df10f630" scoped=""/>
        <function-ref name="immediateRequested" ref="0x7f87df10f7c0" scoped=""/>
      </interface-functions>
    </interface><interface loc="42:/opt/tinyos-2.1.2/tos/chips/msp430/usart/Msp430Usart1C.nc" name="Resource" provided="1" ref="0x7f87df110500">
      <component-ref nicename="tos.chips.msp430.usart.Msp430Usart1C" qname="Msp430Uart1C.UsartC"/>
      <type-interface alignment="I:2" size="I:2"><interface-ref name="Resource" ref="0x7f87df110500" scoped=""/></type-interface>
      <instance>
        <interfacedef-ref nicename="tos.interfaces.Resource" qname="Resource"/>
      </instance>
      <interface-functions>
        <function-ref name="release" ref="0x7f87df110880" scoped=""/>
        <function-ref name="immediateRequest" ref="0x7f87df110a10" scoped=""/>
        <function-ref name="request" ref="0x7f87df110ba0" scoped=""/>
        <function-ref name="granted" ref="0x7f87df110d30" scoped=""/>
        <function-ref name="isOwner" ref="0x7f87df10f020" scoped=""/>
      </interface-functions>
    </interface><interface loc="46:/opt/tinyos-2.1.2/tos/chips/msp430/usart/Msp430Usart1C.nc" name="HplMsp430UsartInterrupts" provided="1" ref="0x7f87df10ac10">
      <component-ref nicename="tos.chips.msp430.usart.Msp430Usart1C" qname="Msp430Uart1C.UsartC"/>
      <type-interface alignment="I:2" size="I:2"><interface-ref name="HplMsp430UsartInterrupts" ref="0x7f87df10ac10" scoped=""/></type-interface>
      <instance>
        <interfacedef-ref nicename="tos.chips.msp430.usart.HplMsp430UsartInterrupts" qname="HplMsp430UsartInterrupts"/>
      </instance>
      <interface-functions>
        <function-ref name="rxDone" ref="0x7f87df109020" scoped=""/>
        <function-ref name="txDone" ref="0x7f87df1091b0" scoped=""/>
      </interface-functions>
    </interface><component abstract="" loc="40(Msp430Uart1C.UsartC):/opt/tinyos-2.1.2/tos/chips/msp430/usart/Msp430Usart1C.nc" nicename="tos.chips.msp430.usart.Msp430Usart1C" qname="Msp430Uart1C.UsartC">
      <documentation loc="32:/opt/tinyos-2.1.2/tos/chips/msp430/usart/Msp430Usart1C.nc">
        <short>
 Provides an interface for USART1 on the MSP430.</short>
        <long>
 Provides an interface for USART1 on the MSP430.

 @author Vlado Handziski &lt;handisk@tkn.tu-berlin.de&gt;
 @author Jonathan Hui &lt;jhui@archedrock.com&gt;
 @version $Revision: 1.5 $ $Date: 2008-05-21 22:11:57 $
</long>
      </documentation>
      <instance>
        <component-ref nicename="tos.chips.msp430.usart.Msp430Usart1C" qname="Msp430Usart1C"/>
      </instance>
      <configuration/>
    </component><component loc="39:/opt/tinyos-2.1.2/tos/chips/msp430/usart/Msp430Uart1P.nc" nicename="tos.chips.msp430.usart.Msp430Uart1P" qname="Msp430Uart1P">
      <documentation loc="32:/opt/tinyos-2.1.2/tos/chips/msp430/usart/Msp430Uart1P.nc">
        <short>
 </short>
        <long>
 @author Jonathan Hui &lt;jhui@archedrock.com&gt;
 @author Vlado Handziski &lt;handzisk@tkn.tu-berlin.de&gt;
 @author Eric B. Decker &lt;cire831@gmail.com&gt;
 @version $Revision: 1.5 $ $Date: 2008-05-21 22:11:57 $
</long>
      </documentation>
      <configuration/>
      <wiring>
        <wire loc="56:/opt/tinyos-2.1.2/tos/chips/msp430/usart/Msp430Uart1P.nc">
          <from><interface-ref name="ResourceConfigure" ref="0x7f87df321450" scoped=""/></from>
          <to><interface-ref name="ResourceConfigure" ref="0x7f87df297dc0" scoped=""/></to>
        </wire>
        <wire loc="59:/opt/tinyos-2.1.2/tos/chips/msp430/usart/Msp430Uart1P.nc">
          <from><interface-ref name="UartByte" ref="0x7f87df31e850" scoped=""/></from>
          <to><interface-ref name="UartByte" ref="0x7f87df295890" scoped=""/></to>
        </wire>
        <wire loc="58:/opt/tinyos-2.1.2/tos/chips/msp430/usart/Msp430Uart1P.nc">
          <from><interface-ref name="UartStream" ref="0x7f87df3201d0" scoped=""/></from>
          <to><interface-ref name="UartStream" ref="0x7f87df2966d0" scoped=""/></to>
        </wire>
        <wire loc="55:/opt/tinyos-2.1.2/tos/chips/msp430/usart/Msp430Uart1P.nc">
          <from><interface-ref name="Resource" ref="0x7f87df3258d0" scoped=""/></from>
          <to><interface-ref name="Resource" ref="0x7f87df297020" scoped=""/></to>
        </wire>
        <wire loc="57:/opt/tinyos-2.1.2/tos/chips/msp430/usart/Msp430Uart1P.nc">
          <from><interface-ref name="Msp430UartConfigure" ref="0x7f87df292020" scoped=""/></from>
          <to><interface-ref name="Msp430UartConfigure" ref="0x7f87df31ba40" scoped=""/></to>
        </wire>
        <wire loc="60:/opt/tinyos-2.1.2/tos/chips/msp430/usart/Msp430Uart1P.nc">
          <from><interface-ref name="UsartResource" ref="0x7f87df293230" scoped=""/></from>
          <to><interface-ref name="UsartResource" ref="0x7f87df31c690" scoped=""/></to>
        </wire>
        <wire loc="61:/opt/tinyos-2.1.2/tos/chips/msp430/usart/Msp430Uart1P.nc">
          <from><interface-ref name="UsartInterrupts" ref="0x7f87df28d290" scoped=""/></from>
          <to><interface-ref name="UsartInterrupts" ref="0x7f87df319020" scoped=""/></to>
        </wire>
        <wire loc="64:/opt/tinyos-2.1.2/tos/chips/msp430/usart/Msp430Uart1P.nc">
          <from><interface-ref name="Usart" ref="0x7f87df292690" scoped=""/></from>
          <to><interface-ref name="HplMsp430Usart" ref="0x7f87df2800c0" scoped=""/></to>
        </wire>
        <wire loc="67:/opt/tinyos-2.1.2/tos/chips/msp430/usart/Msp430Uart1P.nc">
          <from><interface-ref name="Counter" ref="0x7f87df28dc90" scoped=""/></from>
          <to><interface-ref name="Counter" ref="0x7f87df1ea110" scoped=""/></to>
        </wire>
        <wire loc="70:/opt/tinyos-2.1.2/tos/chips/msp430/usart/Msp430Uart1P.nc">
          <from><interface-ref name="Leds" ref="0x7f87df28bdd0" scoped=""/></from>
          <to><interface-ref name="Leds" ref="0x7f87dface950" scoped=""/></to>
        </wire>
      </wiring>
    </component></referenced></component>