<?xml version="1.0" ?><component abstract="" loc="45:/opt/tinyos-2.1.2/tos/lib/serial/SerialActiveMessageP.nc" nicename="tos.lib.serial.SerialActiveMessageP" qname="SerialActiveMessageP">
      <documentation loc="71:/opt/tinyos-2.1.2/tos/lib/serial/Serial.h">
        <short>
 </short>
        <long>
 @author Phil Buonadonna
 @author Lewis Girod
 @author Ben Greenstein
 @author Philip Levis
 @date   August 7 2005
</long>
      </documentation>
      <parameters>
      </parameters>
      <module/>
    <specification><interface loc="54:/opt/tinyos-2.1.2/tos/lib/serial/SerialActiveMessageP.nc" name="SubSend" provided="0" ref="0x7f87df554540">
      <component-ref nicename="tos.lib.serial.SerialActiveMessageP" qname="SerialActiveMessageP"/>
      <type-interface alignment="I:2" size="I:2"><interface-ref name="SubSend" ref="0x7f87df554540" scoped=""/></type-interface>
      <instance>
        <interfacedef-ref nicename="tos.interfaces.Send" qname="Send"/>
      </instance>
      <interface-functions>
        <function-ref name="send" ref="0x7f87df5548c0" scoped=""/>
        <function-ref name="getPayload" ref="0x7f87df554a50" scoped=""/>
        <function-ref name="maxPayloadLength" ref="0x7f87df554be0" scoped=""/>
        <function-ref name="cancel" ref="0x7f87df554d70" scoped=""/>
        <function-ref name="sendDone" ref="0x7f87df553020" scoped=""/>
      </interface-functions>
    </interface><interface loc="55:/opt/tinyos-2.1.2/tos/lib/serial/SerialActiveMessageP.nc" name="SubReceive" provided="0" ref="0x7f87df553370">
      <component-ref nicename="tos.lib.serial.SerialActiveMessageP" qname="SerialActiveMessageP"/>
      <type-interface alignment="I:2" size="I:2"><interface-ref name="SubReceive" ref="0x7f87df553370" scoped=""/></type-interface>
      <instance>
        <interfacedef-ref nicename="tos.interfaces.Receive" qname="Receive"/>
      </instance>
      <interface-functions>
        <function-ref name="receive" ref="0x7f87df5536f0" scoped=""/>
      </interface-functions>
    </interface><interface loc="47:/opt/tinyos-2.1.2/tos/lib/serial/SerialActiveMessageP.nc" name="AMSend" provided="1" ref="0x7f87df55be00">
      <component-ref nicename="tos.lib.serial.SerialActiveMessageP" qname="SerialActiveMessageP"/>
      <type-interface alignment="I:2" size="I:2"><interface-ref name="AMSend" ref="0x7f87df55be00" scoped=""/></type-interface>
      <instance>
        <interfacedef-ref nicename="tos.interfaces.AMSend" qname="AMSend"/>
      </instance>
      <interface-parameters>
        <type-int alignment="I:1" cname="unsigned char" size="I:1" unsigned="">
          <typename><typedef-ref name="am_id_t" ref="0x7f87dfa81550"/></typename>
        </type-int>
      </interface-parameters>
      <interface-functions>
        <function-ref name="send" ref="0x7f87df5581c0" scoped=""/>
        <function-ref name="getPayload" ref="0x7f87df558350" scoped=""/>
        <function-ref name="maxPayloadLength" ref="0x7f87df5584e0" scoped=""/>
        <function-ref name="cancel" ref="0x7f87df558670" scoped=""/>
        <function-ref name="sendDone" ref="0x7f87df558800" scoped=""/>
      </interface-functions>
    </interface><interface loc="50:/opt/tinyos-2.1.2/tos/lib/serial/SerialActiveMessageP.nc" name="Packet" provided="1" ref="0x7f87df556c20">
      <component-ref nicename="tos.lib.serial.SerialActiveMessageP" qname="SerialActiveMessageP"/>
      <type-interface alignment="I:2" size="I:2"><interface-ref name="Packet" ref="0x7f87df556c20" scoped=""/></type-interface>
      <instance>
        <interfacedef-ref nicename="tos.interfaces.Packet" qname="Packet"/>
      </instance>
      <interface-functions>
        <function-ref name="clear" ref="0x7f87df555020" scoped=""/>
        <function-ref name="payloadLength" ref="0x7f87df5551b0" scoped=""/>
        <function-ref name="getPayload" ref="0x7f87df555340" scoped=""/>
        <function-ref name="maxPayloadLength" ref="0x7f87df5554d0" scoped=""/>
        <function-ref name="setPayloadLength" ref="0x7f87df555660" scoped=""/>
      </interface-functions>
    </interface><interface loc="48:/opt/tinyos-2.1.2/tos/lib/serial/SerialActiveMessageP.nc" name="Receive" provided="1" ref="0x7f87df557020">
      <component-ref nicename="tos.lib.serial.SerialActiveMessageP" qname="SerialActiveMessageP"/>
      <type-interface alignment="I:2" size="I:2"><interface-ref name="Receive" ref="0x7f87df557020" scoped=""/></type-interface>
      <instance>
        <interfacedef-ref nicename="tos.interfaces.Receive" qname="Receive"/>
      </instance>
      <interface-parameters>
        <type-int alignment="I:1" cname="unsigned char" size="I:1" unsigned="">
          <typename><typedef-ref name="am_id_t" ref="0x7f87dfa81550"/></typename>
        </type-int>
      </interface-parameters>
      <interface-functions>
        <function-ref name="receive" ref="0x7f87df5573a0" scoped=""/>
      </interface-functions>
    </interface><interface loc="51:/opt/tinyos-2.1.2/tos/lib/serial/SerialActiveMessageP.nc" name="PacketAcknowledgements" provided="1" ref="0x7f87df555990">
      <component-ref nicename="tos.lib.serial.SerialActiveMessageP" qname="SerialActiveMessageP"/>
      <type-interface alignment="I:2" size="I:2"><interface-ref name="PacketAcknowledgements" ref="0x7f87df555990" scoped=""/></type-interface>
      <instance>
        <interfacedef-ref nicename="tos.interfaces.PacketAcknowledgements" qname="PacketAcknowledgements"/>
      </instance>
      <interface-functions>
        <function-ref name="requestAck" ref="0x7f87df555d10" scoped=""/>
        <function-ref name="noAck" ref="0x7f87df554020" scoped=""/>
        <function-ref name="wasAcked" ref="0x7f87df5541b0" scoped=""/>
      </interface-functions>
    </interface><interface loc="49:/opt/tinyos-2.1.2/tos/lib/serial/SerialActiveMessageP.nc" name="AMPacket" provided="1" ref="0x7f87df557650">
      <component-ref nicename="tos.lib.serial.SerialActiveMessageP" qname="SerialActiveMessageP"/>
      <type-interface alignment="I:2" size="I:2"><interface-ref name="AMPacket" ref="0x7f87df557650" scoped=""/></type-interface>
      <instance>
        <interfacedef-ref nicename="tos.interfaces.AMPacket" qname="AMPacket"/>
      </instance>
      <interface-functions>
        <function-ref name="group" ref="0x7f87df5579d0" scoped=""/>
        <function-ref name="source" ref="0x7f87df557b60" scoped=""/>
        <function-ref name="address" ref="0x7f87df557cf0" scoped=""/>
        <function-ref name="destination" ref="0x7f87df557e80" scoped=""/>
        <function-ref name="setSource" ref="0x7f87df556030" scoped=""/>
        <function-ref name="setDestination" ref="0x7f87df5561c0" scoped=""/>
        <function-ref name="type" ref="0x7f87df556350" scoped=""/>
        <function-ref name="setType" ref="0x7f87df5564e0" scoped=""/>
        <function-ref name="isForMe" ref="0x7f87df556670" scoped=""/>
        <function-ref name="setGroup" ref="0x7f87df556800" scoped=""/>
        <function-ref name="localGroup" ref="0x7f87df556990" scoped=""/>
      </interface-functions>
    </interface></specification><referenced/></component>