<?xml version="1.0" ?><component abstract="" loc="48:/opt/tinyos-2.1.2/tos/lib/serial/SerialDispatcherP.nc" nicename="tos.lib.serial.SerialDispatcherP" qname="SerialDispatcherP">
      <documentation loc="71:/opt/tinyos-2.1.2/tos/lib/serial/Serial.h">
        <short>
 </short>
        <long>
 @author Phil Buonadonna
 @author Lewis Girod
 @author Ben Greenstein
 @author Philip Levis
 @date   August 7 2005
</long>
      </documentation>
      <parameters>
      </parameters>
      <module/>
    <specification><interface loc="275:/opt/tinyos-2.1.2/tos/lib/serial/SerialDispatcherP.nc" name="receiveTask" provided="0" ref="0x7f87df3d9bc0">
      <component-ref nicename="tos.lib.serial.SerialDispatcherP" qname="SerialDispatcherP"/>
      <type-interface alignment="I:2" size="I:2"><interface-ref name="receiveTask" ref="0x7f87df3d9bc0" scoped=""/></type-interface>
      <instance>
        <interfacedef-ref nicename="tos.interfaces.TaskBasic" qname="TaskBasic"/>
      </instance>
      <interface-functions>
        <function-ref name="postTask" ref="0x7f87df3d7020" scoped=""/>
        <function-ref name="runTask" ref="0x7f87df3d71b0" scoped=""/>
      </interface-functions>
    </interface><interface loc="51:/opt/tinyos-2.1.2/tos/lib/serial/SerialDispatcherP.nc" name="Send" provided="1" ref="0x7f87df41eb70">
      <component-ref nicename="tos.lib.serial.SerialDispatcherP" qname="SerialDispatcherP"/>
      <type-interface alignment="I:2" size="I:2"><interface-ref name="Send" ref="0x7f87df41eb70" scoped=""/></type-interface>
      <instance>
        <interfacedef-ref nicename="tos.interfaces.Send" qname="Send"/>
      </instance>
      <interface-parameters>
        <type-int alignment="I:1" cname="unsigned char" size="I:1" unsigned="">
          <typename><typedef-ref name="uart_id_t" ref="0x7f87dfa7f0d0"/></typename>
        </type-int>
      </interface-parameters>
      <interface-functions>
        <function-ref name="send" ref="0x7f87df41c020" scoped=""/>
        <function-ref name="getPayload" ref="0x7f87df41c1b0" scoped=""/>
        <function-ref name="maxPayloadLength" ref="0x7f87df41c340" scoped=""/>
        <function-ref name="cancel" ref="0x7f87df41c4d0" scoped=""/>
        <function-ref name="sendDone" ref="0x7f87df41c660" scoped=""/>
      </interface-functions>
    </interface><interface loc="158:/opt/tinyos-2.1.2/tos/lib/serial/SerialDispatcherP.nc" name="signalSendDone" provided="0" ref="0x7f87df3fac80">
      <component-ref nicename="tos.lib.serial.SerialDispatcherP" qname="SerialDispatcherP"/>
      <type-interface alignment="I:2" size="I:2"><interface-ref name="signalSendDone" ref="0x7f87df3fac80" scoped=""/></type-interface>
      <instance>
        <interfacedef-ref nicename="tos.interfaces.TaskBasic" qname="TaskBasic"/>
      </instance>
      <interface-functions>
        <function-ref name="postTask" ref="0x7f87df3f90a0" scoped=""/>
        <function-ref name="runTask" ref="0x7f87df3f9230" scoped=""/>
      </interface-functions>
    </interface><interface loc="50:/opt/tinyos-2.1.2/tos/lib/serial/SerialDispatcherP.nc" name="Receive" provided="1" ref="0x7f87df41e020">
      <component-ref nicename="tos.lib.serial.SerialDispatcherP" qname="SerialDispatcherP"/>
      <type-interface alignment="I:2" size="I:2"><interface-ref name="Receive" ref="0x7f87df41e020" scoped=""/></type-interface>
      <instance>
        <interfacedef-ref nicename="tos.interfaces.Receive" qname="Receive"/>
      </instance>
      <interface-parameters>
        <type-int alignment="I:1" cname="unsigned char" size="I:1" unsigned="">
          <typename><typedef-ref name="uart_id_t" ref="0x7f87dfa7f0d0"/></typename>
        </type-int>
      </interface-parameters>
      <interface-functions>
        <function-ref name="receive" ref="0x7f87df41e3a0" scoped=""/>
      </interface-functions>
    </interface><interface loc="54:/opt/tinyos-2.1.2/tos/lib/serial/SerialDispatcherP.nc" name="PacketInfo" provided="0" ref="0x7f87df41b020">
      <component-ref nicename="tos.lib.serial.SerialDispatcherP" qname="SerialDispatcherP"/>
      <type-interface alignment="I:2" size="I:2"><interface-ref name="PacketInfo" ref="0x7f87df41b020" scoped=""/></type-interface>
      <instance>
        <interfacedef-ref nicename="tos.lib.serial.SerialPacketInfo" qname="SerialPacketInfo"/>
      </instance>
      <interface-parameters>
        <type-int alignment="I:1" cname="unsigned char" size="I:1" unsigned="">
          <typename><typedef-ref name="uart_id_t" ref="0x7f87dfa7f0d0"/></typename>
        </type-int>
      </interface-parameters>
      <interface-functions>
        <function-ref name="upperLength" ref="0x7f87df41b3a0" scoped=""/>
        <function-ref name="offset" ref="0x7f87df41b530" scoped=""/>
        <function-ref name="dataLinkLength" ref="0x7f87df41b6c0" scoped=""/>
      </interface-functions>
    </interface><interface loc="57:/opt/tinyos-2.1.2/tos/lib/serial/SerialDispatcherP.nc" name="Leds" provided="0" ref="0x7f87df419020">
      <component-ref nicename="tos.lib.serial.SerialDispatcherP" qname="SerialDispatcherP"/>
      <type-interface alignment="I:2" size="I:2"><interface-ref name="Leds" ref="0x7f87df419020" scoped=""/></type-interface>
      <instance>
        <interfacedef-ref nicename="tos.interfaces.Leds" qname="Leds"/>
      </instance>
      <interface-functions>
        <function-ref name="led0Off" ref="0x7f87df4193a0" scoped=""/>
        <function-ref name="led0Toggle" ref="0x7f87df419530" scoped=""/>
        <function-ref name="led1On" ref="0x7f87df4196c0" scoped=""/>
        <function-ref name="led1Toggle" ref="0x7f87df419850" scoped=""/>
        <function-ref name="led2Toggle" ref="0x7f87df4199e0" scoped=""/>
        <function-ref name="get" ref="0x7f87df419b70" scoped=""/>
        <function-ref name="led1Off" ref="0x7f87df419d00" scoped=""/>
        <function-ref name="led2Off" ref="0x7f87df4184d0" scoped=""/>
        <function-ref name="set" ref="0x7f87df418020" scoped=""/>
        <function-ref name="led0On" ref="0x7f87df4181b0" scoped=""/>
        <function-ref name="led2On" ref="0x7f87df418340" scoped=""/>
      </interface-functions>
    </interface><interface loc="56:/opt/tinyos-2.1.2/tos/lib/serial/SerialDispatcherP.nc" name="SendBytePacket" provided="0" ref="0x7f87df41a490">
      <component-ref nicename="tos.lib.serial.SerialDispatcherP" qname="SerialDispatcherP"/>
      <type-interface alignment="I:2" size="I:2"><interface-ref name="SendBytePacket" ref="0x7f87df41a490" scoped=""/></type-interface>
      <instance>
        <interfacedef-ref nicename="tos.lib.serial.SendBytePacket" qname="SendBytePacket"/>
      </instance>
      <interface-functions>
        <function-ref name="completeSend" ref="0x7f87df41a810" scoped=""/>
        <function-ref name="nextByte" ref="0x7f87df41a9a0" scoped=""/>
        <function-ref name="startSend" ref="0x7f87df41ab30" scoped=""/>
        <function-ref name="sendCompleted" ref="0x7f87df41acc0" scoped=""/>
      </interface-functions>
    </interface><interface loc="55:/opt/tinyos-2.1.2/tos/lib/serial/SerialDispatcherP.nc" name="ReceiveBytePacket" provided="0" ref="0x7f87df41b9c0">
      <component-ref nicename="tos.lib.serial.SerialDispatcherP" qname="SerialDispatcherP"/>
      <type-interface alignment="I:2" size="I:2"><interface-ref name="ReceiveBytePacket" ref="0x7f87df41b9c0" scoped=""/></type-interface>
      <instance>
        <interfacedef-ref nicename="tos.lib.serial.ReceiveBytePacket" qname="ReceiveBytePacket"/>
      </instance>
      <interface-functions>
        <function-ref name="startPacket" ref="0x7f87df41bd40" scoped=""/>
        <function-ref name="byteReceived" ref="0x7f87df41a020" scoped=""/>
        <function-ref name="endPacket" ref="0x7f87df41a1b0" scoped=""/>
      </interface-functions>
    </interface></specification><referenced/></component>