<?xml version="1.0" ?><component abstract="" loc="40:/opt/tinyos-2.1.2/tos/chips/msp430/usart/Msp430Usart1C.nc" nicename="tos.chips.msp430.usart.Msp430Usart1C" qname="Msp430Usart1C">
      <documentation loc="32:/opt/tinyos-2.1.2/tos/chips/msp430/usart/Msp430Usart1C.nc">
        <short>
 Provides an interface for USART1 on the MSP430.</short>
        <long>
 Provides an interface for USART1 on the MSP430.

 @author Vlado Handziski &lt;handisk@tkn.tu-berlin.de&gt;
 @author Jonathan Hui &lt;jhui@archedrock.com&gt;
 @version $Revision: 1.5 $ $Date: 2008-05-21 22:11:57 $
</long>
      </documentation>
      <parameters>
      </parameters>
      <configuration/>
      <wiring>
        <wire loc="60:/opt/tinyos-2.1.2/tos/chips/msp430/usart/Msp430Usart1C.nc">
          <from><interface-ref name="ResourceRequested" ref="0x7f87df1dc810" scoped=""/></from>
          <to><interface-ref name="ResourceRequested" ref="0x7f87df1cbbc0" scoped=""/>
          <arguments>
            <value cst="U:">
              <type-int alignment="I:2" cname="int" size="I:2"/>
            </value>
          </arguments>
          </to>
        </wire>
        <wire loc="63:/opt/tinyos-2.1.2/tos/chips/msp430/usart/Msp430Usart1C.nc">
          <from><interface-ref name="HplMsp430UsartInterrupts" ref="0x7f87df1d3d10" scoped=""/></from>
          <to><interface-ref name="Interrupts" ref="0x7f87df1ce980" scoped=""/>
          <arguments>
            <value cst="U:">
              <type-int alignment="I:2" cname="int" size="I:2"/>
            </value>
          </arguments>
          </to>
        </wire>
        <wire loc="59:/opt/tinyos-2.1.2/tos/chips/msp430/usart/Msp430Usart1C.nc">
          <from><interface-ref name="Resource" ref="0x7f87df1dfa10" scoped=""/></from>
          <to><interface-ref name="Resource" ref="0x7f87df1cd850" scoped=""/>
          <arguments>
            <value cst="U:">
              <type-int alignment="I:2" cname="int" size="I:2"/>
            </value>
          </arguments>
          </to>
        </wire>
        <wire loc="66:/opt/tinyos-2.1.2/tos/chips/msp430/usart/Msp430Usart1C.nc">
          <from><interface-ref name="HplMsp430Usart" ref="0x7f87df1da150" scoped=""/></from>
          <to><interface-ref name="HplMsp430Usart" ref="0x7f87df2800c0" scoped=""/></to>
        </wire>
        <wire loc="62:/opt/tinyos-2.1.2/tos/chips/msp430/usart/Msp430Usart1C.nc">
          <from><interface-ref name="ArbiterInfo" ref="0x7f87df1d8880" scoped=""/></from>
          <to><interface-ref name="ArbiterInfo" ref="0x7f87df1ca4b0" scoped=""/></to>
        </wire>
        <wire loc="61:/opt/tinyos-2.1.2/tos/chips/msp430/usart/Msp430Usart1C.nc">
          <from><interface-ref name="ResourceConfigure" ref="0x7f87df1c9280" scoped=""/>
          <arguments>
            <value cst="U:">
              <type-int alignment="I:2" cname="int" size="I:2"/>
            </value>
          </arguments>
          </from>
          <to><interface-ref name="ResourceConfigure" ref="0x7f87df1d25b0" scoped=""/></to>
        </wire>
      </wiring>
    <specification><interface loc="43:/opt/tinyos-2.1.2/tos/chips/msp430/usart/Msp430Usart1C.nc" name="ResourceRequested" provided="1" ref="0x7f87df1dc810">
      <component-ref nicename="tos.chips.msp430.usart.Msp430Usart1C" qname="Msp430Usart1C"/>
      <type-interface alignment="I:2" size="I:2"><interface-ref name="ResourceRequested" ref="0x7f87df1dc810" scoped=""/></type-interface>
      <instance>
        <interfacedef-ref nicename="tos.interfaces.ResourceRequested" qname="ResourceRequested"/>
      </instance>
      <interface-functions>
        <function-ref name="requested" ref="0x7f87df1dcb90" scoped=""/>
        <function-ref name="immediateRequested" ref="0x7f87df1dcd20" scoped=""/>
      </interface-functions>
    </interface><interface loc="48:/opt/tinyos-2.1.2/tos/chips/msp430/usart/Msp430Usart1C.nc" name="ResourceConfigure" provided="0" ref="0x7f87df1d25b0">
      <component-ref nicename="tos.chips.msp430.usart.Msp430Usart1C" qname="Msp430Usart1C"/>
      <type-interface alignment="I:2" size="I:2"><interface-ref name="ResourceConfigure" ref="0x7f87df1d25b0" scoped=""/></type-interface>
      <instance>
        <interfacedef-ref nicename="tos.interfaces.ResourceConfigure" qname="ResourceConfigure"/>
      </instance>
      <interface-functions>
        <function-ref name="unconfigure" ref="0x7f87df1d2930" scoped=""/>
        <function-ref name="configure" ref="0x7f87df1d2ac0" scoped=""/>
      </interface-functions>
    </interface><interface loc="46:/opt/tinyos-2.1.2/tos/chips/msp430/usart/Msp430Usart1C.nc" name="HplMsp430UsartInterrupts" provided="1" ref="0x7f87df1d3d10">
      <component-ref nicename="tos.chips.msp430.usart.Msp430Usart1C" qname="Msp430Usart1C"/>
      <type-interface alignment="I:2" size="I:2"><interface-ref name="HplMsp430UsartInterrupts" ref="0x7f87df1d3d10" scoped=""/></type-interface>
      <instance>
        <interfacedef-ref nicename="tos.chips.msp430.usart.HplMsp430UsartInterrupts" qname="HplMsp430UsartInterrupts"/>
      </instance>
      <interface-functions>
        <function-ref name="rxDone" ref="0x7f87df1d20e0" scoped=""/>
        <function-ref name="txDone" ref="0x7f87df1d2270" scoped=""/>
      </interface-functions>
    </interface><interface loc="42:/opt/tinyos-2.1.2/tos/chips/msp430/usart/Msp430Usart1C.nc" name="Resource" provided="1" ref="0x7f87df1dfa10">
      <component-ref nicename="tos.chips.msp430.usart.Msp430Usart1C" qname="Msp430Usart1C"/>
      <type-interface alignment="I:2" size="I:2"><interface-ref name="Resource" ref="0x7f87df1dfa10" scoped=""/></type-interface>
      <instance>
        <interfacedef-ref nicename="tos.interfaces.Resource" qname="Resource"/>
      </instance>
      <interface-functions>
        <function-ref name="release" ref="0x7f87df1dfd90" scoped=""/>
        <function-ref name="immediateRequest" ref="0x7f87df1dc020" scoped=""/>
        <function-ref name="request" ref="0x7f87df1dc1b0" scoped=""/>
        <function-ref name="granted" ref="0x7f87df1dc340" scoped=""/>
        <function-ref name="isOwner" ref="0x7f87df1dc4d0" scoped=""/>
      </interface-functions>
    </interface><interface loc="45:/opt/tinyos-2.1.2/tos/chips/msp430/usart/Msp430Usart1C.nc" name="HplMsp430Usart" provided="1" ref="0x7f87df1da150">
      <component-ref nicename="tos.chips.msp430.usart.Msp430Usart1C" qname="Msp430Usart1C"/>
      <type-interface alignment="I:2" size="I:2"><interface-ref name="HplMsp430Usart" ref="0x7f87df1da150" scoped=""/></type-interface>
      <instance>
        <interfacedef-ref nicename="tos.chips.msp430.usart.HplMsp430Usart" qname="HplMsp430Usart"/>
      </instance>
      <interface-functions>
        <function-ref name="isTxEmpty" ref="0x7f87df1da4d0" scoped=""/>
        <function-ref name="enableUartRx" ref="0x7f87df1da660" scoped=""/>
        <function-ref name="setUctl" ref="0x7f87df1da7f0" scoped=""/>
        <function-ref name="enableUart" ref="0x7f87df1da980" scoped=""/>
        <function-ref name="setUrctl" ref="0x7f87df1dab10" scoped=""/>
        <function-ref name="enableRxIntr" ref="0x7f87df1daca0" scoped=""/>
        <function-ref name="clrRxIntr" ref="0x7f87df1dae30" scoped=""/>
        <function-ref name="getUtctl" ref="0x7f87df1d9020" scoped=""/>
        <function-ref name="getUrctl" ref="0x7f87df1d91b0" scoped=""/>
        <function-ref name="resetUsart" ref="0x7f87df1d9340" scoped=""/>
        <function-ref name="getUmctl" ref="0x7f87df1d94d0" scoped=""/>
        <function-ref name="disableIntr" ref="0x7f87df1d9660" scoped=""/>
        <function-ref name="setUtctl" ref="0x7f87df1d97f0" scoped=""/>
        <function-ref name="getUbr" ref="0x7f87df1d9a80" scoped=""/>
        <function-ref name="enableTxIntr" ref="0x7f87df1d9c10" scoped=""/>
        <function-ref name="setUmctl" ref="0x7f87df1d9da0" scoped=""/>
        <function-ref name="isUartRx" ref="0x7f87df1d7020" scoped=""/>
        <function-ref name="isUart" ref="0x7f87df1d71b0" scoped=""/>
        <function-ref name="disableRxIntr" ref="0x7f87df1d7340" scoped=""/>
        <function-ref name="isSpi" ref="0x7f87df1d74d0" scoped=""/>
        <function-ref name="enableUartTx" ref="0x7f87df1d7660" scoped=""/>
        <function-ref name="disableTxIntr" ref="0x7f87df1d77f0" scoped=""/>
        <function-ref name="disableUartRx" ref="0x7f87df1d7980" scoped=""/>
        <function-ref name="enableIntr" ref="0x7f87df1d7b10" scoped=""/>
        <function-ref name="getMode" ref="0x7f87df1d7ca0" scoped=""/>
        <function-ref name="isTxIntrPending" ref="0x7f87df1d4220" scoped=""/>
        <function-ref name="clrIntr" ref="0x7f87df1d43b0" scoped=""/>
        <function-ref name="setUbr" ref="0x7f87df1d4540" scoped=""/>
        <function-ref name="tx" ref="0x7f87df1d46d0" scoped=""/>
        <function-ref name="getUctl" ref="0x7f87df1d4860" scoped=""/>
        <function-ref name="disableUart" ref="0x7f87df1d49f0" scoped=""/>
        <function-ref name="enableSpi" ref="0x7f87df1d4b80" scoped=""/>
        <function-ref name="setModeUart" ref="0x7f87df1d4d10" scoped=""/>
        <function-ref name="setModeSpi" ref="0x7f87df1d3020" scoped=""/>
        <function-ref name="rx" ref="0x7f87df1d31b0" scoped=""/>
        <function-ref name="isRxIntrPending" ref="0x7f87df1d3340" scoped=""/>
        <function-ref name="isUartTx" ref="0x7f87df1d34d0" scoped=""/>
        <function-ref name="clrTxIntr" ref="0x7f87df1d3660" scoped=""/>
        <function-ref name="disableSpi" ref="0x7f87df1d37f0" scoped=""/>
        <function-ref name="disableUartTx" ref="0x7f87df1d3980" scoped=""/>
      </interface-functions>
    </interface><interface loc="44:/opt/tinyos-2.1.2/tos/chips/msp430/usart/Msp430Usart1C.nc" name="ArbiterInfo" provided="1" ref="0x7f87df1d8880">
      <component-ref nicename="tos.chips.msp430.usart.Msp430Usart1C" qname="Msp430Usart1C"/>
      <type-interface alignment="I:2" size="I:2"><interface-ref name="ArbiterInfo" ref="0x7f87df1d8880" scoped=""/></type-interface>
      <instance>
        <interfacedef-ref nicename="tos.interfaces.ArbiterInfo" qname="ArbiterInfo"/>
      </instance>
      <interface-functions>
        <function-ref name="inUse" ref="0x7f87df1d8c00" scoped=""/>
        <function-ref name="userId" ref="0x7f87df1d8d90" scoped=""/>
      </interface-functions>
    </interface></specification><referenced><interface loc="43:/opt/tinyos-2.1.2/tos/chips/msp430/usart/Msp430UsartShare1P.nc" name="ArbiterInfo" provided="1" ref="0x7f87df1ca4b0">
      <component-ref nicename="tos.chips.msp430.usart.Msp430UsartShare1P" qname="Msp430UsartShare1P"/>
      <type-interface alignment="I:2" size="I:2"><interface-ref name="ArbiterInfo" ref="0x7f87df1ca4b0" scoped=""/></type-interface>
      <instance>
        <interfacedef-ref nicename="tos.interfaces.ArbiterInfo" qname="ArbiterInfo"/>
      </instance>
      <interface-functions>
        <function-ref name="inUse" ref="0x7f87df1ca830" scoped=""/>
        <function-ref name="userId" ref="0x7f87df1ca9c0" scoped=""/>
      </interface-functions>
    </interface><interface loc="45:/opt/tinyos-2.1.2/tos/chips/msp430/usart/Msp430UsartShare1P.nc" name="ResourceConfigure" provided="0" ref="0x7f87df1c9280">
      <component-ref nicename="tos.chips.msp430.usart.Msp430UsartShare1P" qname="Msp430UsartShare1P"/>
      <type-interface alignment="I:2" size="I:2"><interface-ref name="ResourceConfigure" ref="0x7f87df1c9280" scoped=""/></type-interface>
      <instance>
        <interfacedef-ref nicename="tos.interfaces.ResourceConfigure" qname="ResourceConfigure"/>
      </instance>
      <interface-parameters>
        <type-int alignment="I:1" cname="unsigned char" size="I:1" unsigned="">
          <typename><typedef-ref name="uint8_t" ref="0x7f87e0c43160"/></typename>
        </type-int>
      </interface-parameters>
      <interface-functions>
        <function-ref name="unconfigure" ref="0x7f87df1c9600" scoped=""/>
        <function-ref name="configure" ref="0x7f87df1c9790" scoped=""/>
      </interface-functions>
    </interface><interface loc="41:/opt/tinyos-2.1.2/tos/chips/msp430/usart/Msp430UsartShare1P.nc" name="Resource" provided="1" ref="0x7f87df1cd850">
      <component-ref nicename="tos.chips.msp430.usart.Msp430UsartShare1P" qname="Msp430UsartShare1P"/>
      <type-interface alignment="I:2" size="I:2"><interface-ref name="Resource" ref="0x7f87df1cd850" scoped=""/></type-interface>
      <instance>
        <interfacedef-ref nicename="tos.interfaces.Resource" qname="Resource"/>
      </instance>
      <interface-parameters>
        <type-int alignment="I:1" cname="unsigned char" size="I:1" unsigned="">
          <typename><typedef-ref name="uint8_t" ref="0x7f87e0c43160"/></typename>
        </type-int>
      </interface-parameters>
      <interface-functions>
        <function-ref name="release" ref="0x7f87df1cdbd0" scoped=""/>
        <function-ref name="immediateRequest" ref="0x7f87df1cdd60" scoped=""/>
        <function-ref name="request" ref="0x7f87df1cb020" scoped=""/>
        <function-ref name="granted" ref="0x7f87df1cb1b0" scoped=""/>
        <function-ref name="isOwner" ref="0x7f87df1cb340" scoped=""/>
      </interface-functions>
    </interface><interface loc="42:/opt/tinyos-2.1.2/tos/chips/msp430/usart/Msp430UsartShare1P.nc" name="ResourceRequested" provided="1" ref="0x7f87df1cbbc0">
      <component-ref nicename="tos.chips.msp430.usart.Msp430UsartShare1P" qname="Msp430UsartShare1P"/>
      <type-interface alignment="I:2" size="I:2"><interface-ref name="ResourceRequested" ref="0x7f87df1cbbc0" scoped=""/></type-interface>
      <instance>
        <interfacedef-ref nicename="tos.interfaces.ResourceRequested" qname="ResourceRequested"/>
      </instance>
      <interface-parameters>
        <type-int alignment="I:1" cname="unsigned char" size="I:1" unsigned="">
          <typename><typedef-ref name="uint8_t" ref="0x7f87e0c43160"/></typename>
        </type-int>
      </interface-parameters>
      <interface-functions>
        <function-ref name="requested" ref="0x7f87df1ca020" scoped=""/>
        <function-ref name="immediateRequested" ref="0x7f87df1ca1b0" scoped=""/>
      </interface-functions>
    </interface><interface loc="40:/opt/tinyos-2.1.2/tos/chips/msp430/usart/Msp430UsartShare1P.nc" name="Interrupts" provided="1" ref="0x7f87df1ce980">
      <component-ref nicename="tos.chips.msp430.usart.Msp430UsartShare1P" qname="Msp430UsartShare1P"/>
      <type-interface alignment="I:2" size="I:2"><interface-ref name="Interrupts" ref="0x7f87df1ce980" scoped=""/></type-interface>
      <instance>
        <interfacedef-ref nicename="tos.chips.msp430.usart.HplMsp430UsartInterrupts" qname="HplMsp430UsartInterrupts"/>
      </instance>
      <interface-parameters>
        <type-int alignment="I:1" cname="unsigned char" size="I:1" unsigned="">
          <typename><typedef-ref name="uint8_t" ref="0x7f87e0c43160"/></typename>
        </type-int>
      </interface-parameters>
      <interface-functions>
        <function-ref name="rxDone" ref="0x7f87df1ced00" scoped=""/>
        <function-ref name="txDone" ref="0x7f87df1cd020" scoped=""/>
      </interface-functions>
    </interface><interface loc="77:/opt/tinyos-2.1.2/tos/chips/msp430/usart/HplMsp430Usart1C.nc" name="HplMsp430Usart" provided="1" ref="0x7f87df2800c0">
      <component-ref nicename="tos.chips.msp430.usart.HplMsp430Usart1C" qname="HplMsp430Usart1C"/>
      <type-interface alignment="I:2" size="I:2"><interface-ref name="HplMsp430Usart" ref="0x7f87df2800c0" scoped=""/></type-interface>
      <instance>
        <interfacedef-ref nicename="tos.chips.msp430.usart.HplMsp430Usart" qname="HplMsp430Usart"/>
      </instance>
      <interface-functions>
        <function-ref name="isTxEmpty" ref="0x7f87df280440" scoped=""/>
        <function-ref name="enableUartRx" ref="0x7f87df2805d0" scoped=""/>
        <function-ref name="setUctl" ref="0x7f87df280760" scoped=""/>
        <function-ref name="enableUart" ref="0x7f87df2808f0" scoped=""/>
        <function-ref name="setUrctl" ref="0x7f87df280a80" scoped=""/>
        <function-ref name="enableRxIntr" ref="0x7f87df280c10" scoped=""/>
        <function-ref name="clrRxIntr" ref="0x7f87df280da0" scoped=""/>
        <function-ref name="getUtctl" ref="0x7f87df27f020" scoped=""/>
        <function-ref name="getUrctl" ref="0x7f87df27f1b0" scoped=""/>
        <function-ref name="resetUsart" ref="0x7f87df27f340" scoped=""/>
        <function-ref name="getUmctl" ref="0x7f87df27f4d0" scoped=""/>
        <function-ref name="disableIntr" ref="0x7f87df27f660" scoped=""/>
        <function-ref name="setUtctl" ref="0x7f87df27f7f0" scoped=""/>
        <function-ref name="getUbr" ref="0x7f87df27fa80" scoped=""/>
        <function-ref name="enableTxIntr" ref="0x7f87df27fc10" scoped=""/>
        <function-ref name="setUmctl" ref="0x7f87df27fda0" scoped=""/>
        <function-ref name="isUartRx" ref="0x7f87df27c020" scoped=""/>
        <function-ref name="isUart" ref="0x7f87df27c1b0" scoped=""/>
        <function-ref name="disableRxIntr" ref="0x7f87df27c340" scoped=""/>
        <function-ref name="isSpi" ref="0x7f87df27c4d0" scoped=""/>
        <function-ref name="enableUartTx" ref="0x7f87df27c660" scoped=""/>
        <function-ref name="disableTxIntr" ref="0x7f87df27c7f0" scoped=""/>
        <function-ref name="disableUartRx" ref="0x7f87df27c980" scoped=""/>
        <function-ref name="enableIntr" ref="0x7f87df27cb10" scoped=""/>
        <function-ref name="getMode" ref="0x7f87df27cca0" scoped=""/>
        <function-ref name="isTxIntrPending" ref="0x7f87df27b220" scoped=""/>
        <function-ref name="clrIntr" ref="0x7f87df27b3b0" scoped=""/>
        <function-ref name="setUbr" ref="0x7f87df27b540" scoped=""/>
        <function-ref name="tx" ref="0x7f87df27b6d0" scoped=""/>
        <function-ref name="getUctl" ref="0x7f87df27b860" scoped=""/>
        <function-ref name="disableUart" ref="0x7f87df27b9f0" scoped=""/>
        <function-ref name="enableSpi" ref="0x7f87df27bb80" scoped=""/>
        <function-ref name="setModeUart" ref="0x7f87df27bd10" scoped=""/>
        <function-ref name="setModeSpi" ref="0x7f87df27a020" scoped=""/>
        <function-ref name="rx" ref="0x7f87df27a1b0" scoped=""/>
        <function-ref name="isRxIntrPending" ref="0x7f87df27a340" scoped=""/>
        <function-ref name="isUartTx" ref="0x7f87df27a4d0" scoped=""/>
        <function-ref name="clrTxIntr" ref="0x7f87df27a660" scoped=""/>
        <function-ref name="disableSpi" ref="0x7f87df27a7f0" scoped=""/>
        <function-ref name="disableUartTx" ref="0x7f87df27a980" scoped=""/>
      </interface-functions>
    </interface><component loc="74:/opt/tinyos-2.1.2/tos/chips/msp430/usart/HplMsp430Usart1C.nc" nicename="tos.chips.msp430.usart.HplMsp430Usart1C" qname="HplMsp430Usart1C">
      <documentation loc="31:/opt/tinyos-2.1.2/tos/chips/msp430/usart/msp430usart.h">
        <short>
 </short>
        <long>
 @author Vlado Handziski &lt;handzisk@tkn.tu-berlin.de&gt;
 @author Philipp Huppertz &lt;huppertz@tkn.tu-berlin.de&gt;
</long>
      </documentation>
      <configuration/>
      <wiring>
        <wire loc="89:/opt/tinyos-2.1.2/tos/chips/msp430/usart/HplMsp430Usart1C.nc">
          <from><interface-ref name="HplMsp430UsartInterrupts" ref="0x7f87df27ad10" scoped=""/></from>
          <to><interface-ref name="Interrupts" ref="0x7f87df271460" scoped=""/></to>
        </wire>
        <wire loc="87:/opt/tinyos-2.1.2/tos/chips/msp430/usart/HplMsp430Usart1C.nc">
          <from><interface-ref name="AsyncStdControl" ref="0x7f87df27d840" scoped=""/></from>
          <to><interface-ref name="AsyncStdControl" ref="0x7f87df2760c0" scoped=""/></to>
        </wire>
        <wire loc="88:/opt/tinyos-2.1.2/tos/chips/msp430/usart/HplMsp430Usart1C.nc">
          <from><interface-ref name="HplMsp430Usart" ref="0x7f87df2800c0" scoped=""/></from>
          <to><interface-ref name="Usart" ref="0x7f87df276970" scoped=""/></to>
        </wire>
        <wire loc="91:/opt/tinyos-2.1.2/tos/chips/msp430/usart/HplMsp430Usart1C.nc">
          <from><interface-ref name="SIMO" ref="0x7f87df271d30" scoped=""/></from>
          <to><interface-ref name="SIMO1" ref="0x7f87df98b580" scoped=""/></to>
        </wire>
        <wire loc="92:/opt/tinyos-2.1.2/tos/chips/msp430/usart/HplMsp430Usart1C.nc">
          <from><interface-ref name="SOMI" ref="0x7f87df26fcb0" scoped=""/></from>
          <to><interface-ref name="SOMI1" ref="0x7f87df989580" scoped=""/></to>
        </wire>
        <wire loc="93:/opt/tinyos-2.1.2/tos/chips/msp430/usart/HplMsp430Usart1C.nc">
          <from><interface-ref name="UCLK" ref="0x7f87df26dcb0" scoped=""/></from>
          <to><interface-ref name="UCLK1" ref="0x7f87df987580" scoped=""/></to>
        </wire>
        <wire loc="94:/opt/tinyos-2.1.2/tos/chips/msp430/usart/HplMsp430Usart1C.nc">
          <from><interface-ref name="URXD" ref="0x7f87df26bcb0" scoped=""/></from>
          <to><interface-ref name="URXD1" ref="0x7f87df983580" scoped=""/></to>
        </wire>
        <wire loc="95:/opt/tinyos-2.1.2/tos/chips/msp430/usart/HplMsp430Usart1C.nc">
          <from><interface-ref name="UTXD" ref="0x7f87df269cb0" scoped=""/></from>
          <to><interface-ref name="UTXD1" ref="0x7f87df985580" scoped=""/></to>
        </wire>
      </wiring>
    </component><component loc="38:/opt/tinyos-2.1.2/tos/chips/msp430/usart/Msp430UsartShare1P.nc" nicename="tos.chips.msp430.usart.Msp430UsartShare1P" qname="Msp430UsartShare1P">
      <documentation loc="32:/opt/tinyos-2.1.2/tos/chips/msp430/usart/Msp430UsartShare1P.nc">
        <short>
 </short>
        <long>
 @author Vlado Handziski &lt;handzisk@tkn.tu-berlin.de&gt;
 @author Jonathan Hui &lt;jhui@archedrock.com&gt;
 @version $Revision: 1.6 $ $Date: 2008-05-21 22:11:57 $
</long>
      </documentation>
      <configuration/>
      <wiring>
        <wire loc="56:/opt/tinyos-2.1.2/tos/chips/msp430/usart/Msp430UsartShare1P.nc">
          <from><interface-ref name="ResourceRequested" ref="0x7f87df1cbbc0" scoped=""/></from>
          <to><interface-ref name="ResourceRequested" ref="0x7f87df139bf0" scoped=""/></to>
        </wire>
        <wire loc="51:/opt/tinyos-2.1.2/tos/chips/msp430/usart/Msp430UsartShare1P.nc">
          <from><interface-ref name="Interrupts" ref="0x7f87df1ce980" scoped=""/></from>
          <to><interface-ref name="Interrupts" ref="0x7f87df1c65c0" scoped=""/></to>
        </wire>
        <wire loc="55:/opt/tinyos-2.1.2/tos/chips/msp430/usart/Msp430UsartShare1P.nc">
          <from><interface-ref name="Resource" ref="0x7f87df1cd850" scoped=""/></from>
          <to><interface-ref name="Resource" ref="0x7f87df13ae60" scoped=""/></to>
        </wire>
        <wire loc="58:/opt/tinyos-2.1.2/tos/chips/msp430/usart/Msp430UsartShare1P.nc">
          <from><interface-ref name="ArbiterInfo" ref="0x7f87df1ca4b0" scoped=""/></from>
          <to><interface-ref name="ArbiterInfo" ref="0x7f87df136060" scoped=""/></to>
        </wire>
        <wire loc="52:/opt/tinyos-2.1.2/tos/chips/msp430/usart/Msp430UsartShare1P.nc">
          <from><interface-ref name="RawInterrupts" ref="0x7f87df1b4690" scoped=""/></from>
          <to><interface-ref name="HplMsp430UsartInterrupts" ref="0x7f87df27ad10" scoped=""/></to>
        </wire>
        <wire loc="57:/opt/tinyos-2.1.2/tos/chips/msp430/usart/Msp430UsartShare1P.nc">
          <from><interface-ref name="ResourceConfigure" ref="0x7f87df136930" scoped=""/></from>
          <to><interface-ref name="ResourceConfigure" ref="0x7f87df1c9280" scoped=""/></to>
        </wire>
        <wire loc="59:/opt/tinyos-2.1.2/tos/chips/msp430/usart/Msp430UsartShare1P.nc">
          <from><interface-ref name="ArbiterInfo" ref="0x7f87df1b34b0" scoped=""/></from>
          <to><interface-ref name="ArbiterInfo" ref="0x7f87df136060" scoped=""/></to>
        </wire>
        <wire loc="62:/opt/tinyos-2.1.2/tos/chips/msp430/usart/Msp430UsartShare1P.nc">
          <from><interface-ref name="ResourceDefaultOwner" ref="0x7f87df11c9d0" scoped=""/></from>
          <to><interface-ref name="ResourceDefaultOwner" ref="0x7f87df138400" scoped=""/></to>
        </wire>
        <wire loc="65:/opt/tinyos-2.1.2/tos/chips/msp430/usart/Msp430UsartShare1P.nc">
          <from><interface-ref name="AsyncStdControl" ref="0x7f87df131b20" scoped=""/></from>
          <to><interface-ref name="AsyncStdControl" ref="0x7f87df27d840" scoped=""/></to>
        </wire>
      </wiring>
    </component></referenced></component>