<?xml version="1.0" ?><component loc="2:/opt/tinyos-2.1.2/tos/platforms/telosa/PlatformSerialC.nc" nicename="tos.platforms.telosa.PlatformSerialC" qname="PlatformSerialC">
      <configuration/>
      <wiring>
        <wire loc="14:/opt/tinyos-2.1.2/tos/platforms/telosa/PlatformSerialC.nc">
          <from><interface-ref name="UartByte" ref="0x7f87df383d50" scoped=""/></from>
          <to><interface-ref name="UartByte" ref="0x7f87df101060" scoped=""/></to>
        </wire>
        <wire loc="13:/opt/tinyos-2.1.2/tos/platforms/telosa/PlatformSerialC.nc">
          <from><interface-ref name="UartStream" ref="0x7f87df389890" scoped=""/></from>
          <to><interface-ref name="UartStream" ref="0x7f87df1020c0" scoped=""/></to>
        </wire>
        <wire loc="17:/opt/tinyos-2.1.2/tos/platforms/telosa/PlatformSerialC.nc">
          <from><interface-ref name="StdControl" ref="0x7f87df389080" scoped=""/></from>
          <to><interface-ref name="StdControl" ref="0x7f87df0fe7a0" scoped=""/></to>
        </wire>
        <wire loc="18:/opt/tinyos-2.1.2/tos/platforms/telosa/PlatformSerialC.nc">
          <from><interface-ref name="Msp430UartConfigure" ref="0x7f87df101800" scoped=""/></from>
          <to><interface-ref name="Msp430UartConfigure" ref="0x7f87df0fb080" scoped=""/></to>
        </wire>
        <wire loc="19:/opt/tinyos-2.1.2/tos/platforms/telosa/PlatformSerialC.nc">
          <from><interface-ref name="Resource" ref="0x7f87df0fb6f0" scoped=""/></from>
          <to><interface-ref name="Resource" ref="0x7f87df104c00" scoped=""/></to>
        </wire>
      </wiring>
    <specification><interface loc="6:/opt/tinyos-2.1.2/tos/platforms/telosa/PlatformSerialC.nc" name="UartByte" provided="1" ref="0x7f87df383d50">
      <component-ref nicename="tos.platforms.telosa.PlatformSerialC" qname="PlatformSerialC"/>
      <type-interface alignment="I:2" size="I:2"><interface-ref name="UartByte" ref="0x7f87df383d50" scoped=""/></type-interface>
      <instance>
        <interfacedef-ref nicename="tos.interfaces.UartByte" qname="UartByte"/>
      </instance>
      <interface-functions>
        <function-ref name="send" ref="0x7f87df387100" scoped=""/>
        <function-ref name="receive" ref="0x7f87df387290" scoped=""/>
      </interface-functions>
    </interface><interface loc="5:/opt/tinyos-2.1.2/tos/platforms/telosa/PlatformSerialC.nc" name="UartStream" provided="1" ref="0x7f87df389890">
      <component-ref nicename="tos.platforms.telosa.PlatformSerialC" qname="PlatformSerialC"/>
      <type-interface alignment="I:2" size="I:2"><interface-ref name="UartStream" ref="0x7f87df389890" scoped=""/></type-interface>
      <instance>
        <interfacedef-ref nicename="tos.interfaces.UartStream" qname="UartStream"/>
      </instance>
      <interface-functions>
        <function-ref name="send" ref="0x7f87df389c10" scoped=""/>
        <function-ref name="receivedByte" ref="0x7f87df389da0" scoped=""/>
        <function-ref name="receive" ref="0x7f87df388020" scoped=""/>
        <function-ref name="enableReceiveInterrupt" ref="0x7f87df3881b0" scoped=""/>
        <function-ref name="receiveDone" ref="0x7f87df388340" scoped=""/>
        <function-ref name="disableReceiveInterrupt" ref="0x7f87df3884d0" scoped=""/>
        <function-ref name="sendDone" ref="0x7f87df388660" scoped=""/>
      </interface-functions>
    </interface><interface loc="4:/opt/tinyos-2.1.2/tos/platforms/telosa/PlatformSerialC.nc" name="StdControl" provided="1" ref="0x7f87df389080">
      <component-ref nicename="tos.platforms.telosa.PlatformSerialC" qname="PlatformSerialC"/>
      <type-interface alignment="I:2" size="I:2"><interface-ref name="StdControl" ref="0x7f87df389080" scoped=""/></type-interface>
      <instance>
        <interfacedef-ref nicename="tos.interfaces.StdControl" qname="StdControl"/>
      </instance>
      <interface-functions>
        <function-ref name="start" ref="0x7f87df389400" scoped=""/>
        <function-ref name="stop" ref="0x7f87df389590" scoped=""/>
      </interface-functions>
    </interface></specification><referenced><interface loc="3:/opt/tinyos-2.1.2/tos/platforms/telosa/TelosSerialP.nc" name="Msp430UartConfigure" provided="1" ref="0x7f87df0fb080">
      <component-ref nicename="tos.platforms.telosa.TelosSerialP" qname="TelosSerialP"/>
      <type-interface alignment="I:2" size="I:2"><interface-ref name="Msp430UartConfigure" ref="0x7f87df0fb080" scoped=""/></type-interface>
      <instance>
        <interfacedef-ref nicename="tos.chips.msp430.usart.Msp430UartConfigure" qname="Msp430UartConfigure"/>
      </instance>
      <interface-functions>
        <function-ref name="getConfig" ref="0x7f87df0fb400" scoped=""/>
      </interface-functions>
    </interface><interface loc="47:/opt/tinyos-2.1.2/tos/chips/msp430/usart/Msp430Uart1C.nc" name="UartByte" provided="1" ref="0x7f87df101060">
      <component-ref nicename="tos.chips.msp430.usart.Msp430Uart1C" qname="PlatformSerialC.UartC"/>
      <type-interface alignment="I:2" size="I:2"><interface-ref name="UartByte" ref="0x7f87df101060" scoped=""/></type-interface>
      <instance>
        <interfacedef-ref nicename="tos.interfaces.UartByte" qname="UartByte"/>
      </instance>
      <interface-functions>
        <function-ref name="send" ref="0x7f87df1013e0" scoped=""/>
        <function-ref name="receive" ref="0x7f87df101570" scoped=""/>
      </interface-functions>
    </interface><interface loc="4:/opt/tinyos-2.1.2/tos/platforms/telosa/TelosSerialP.nc" name="Resource" provided="0" ref="0x7f87df0fb6f0">
      <component-ref nicename="tos.platforms.telosa.TelosSerialP" qname="TelosSerialP"/>
      <type-interface alignment="I:2" size="I:2"><interface-ref name="Resource" ref="0x7f87df0fb6f0" scoped=""/></type-interface>
      <instance>
        <interfacedef-ref nicename="tos.interfaces.Resource" qname="Resource"/>
      </instance>
      <interface-functions>
        <function-ref name="release" ref="0x7f87df0fba70" scoped=""/>
        <function-ref name="immediateRequest" ref="0x7f87df0fbc00" scoped=""/>
        <function-ref name="request" ref="0x7f87df0fbd90" scoped=""/>
        <function-ref name="granted" ref="0x7f87df0fa020" scoped=""/>
        <function-ref name="isOwner" ref="0x7f87df0fa1b0" scoped=""/>
      </interface-functions>
    </interface><interface loc="44:/opt/tinyos-2.1.2/tos/chips/msp430/usart/Msp430Uart1C.nc" name="Resource" provided="1" ref="0x7f87df104c00">
      <component-ref nicename="tos.chips.msp430.usart.Msp430Uart1C" qname="PlatformSerialC.UartC"/>
      <type-interface alignment="I:2" size="I:2"><interface-ref name="Resource" ref="0x7f87df104c00" scoped=""/></type-interface>
      <instance>
        <interfacedef-ref nicename="tos.interfaces.Resource" qname="Resource"/>
      </instance>
      <interface-functions>
        <function-ref name="release" ref="0x7f87df103020" scoped=""/>
        <function-ref name="immediateRequest" ref="0x7f87df1031b0" scoped=""/>
        <function-ref name="request" ref="0x7f87df103340" scoped=""/>
        <function-ref name="granted" ref="0x7f87df1034d0" scoped=""/>
        <function-ref name="isOwner" ref="0x7f87df103660" scoped=""/>
      </interface-functions>
    </interface><interface loc="46:/opt/tinyos-2.1.2/tos/chips/msp430/usart/Msp430Uart1C.nc" name="UartStream" provided="1" ref="0x7f87df1020c0">
      <component-ref nicename="tos.chips.msp430.usart.Msp430Uart1C" qname="PlatformSerialC.UartC"/>
      <type-interface alignment="I:2" size="I:2"><interface-ref name="UartStream" ref="0x7f87df1020c0" scoped=""/></type-interface>
      <instance>
        <interfacedef-ref nicename="tos.interfaces.UartStream" qname="UartStream"/>
      </instance>
      <interface-functions>
        <function-ref name="send" ref="0x7f87df102440" scoped=""/>
        <function-ref name="receivedByte" ref="0x7f87df1025d0" scoped=""/>
        <function-ref name="receive" ref="0x7f87df102760" scoped=""/>
        <function-ref name="enableReceiveInterrupt" ref="0x7f87df1028f0" scoped=""/>
        <function-ref name="receiveDone" ref="0x7f87df102a80" scoped=""/>
        <function-ref name="disableReceiveInterrupt" ref="0x7f87df102c10" scoped=""/>
        <function-ref name="sendDone" ref="0x7f87df102da0" scoped=""/>
      </interface-functions>
    </interface><interface loc="2:/opt/tinyos-2.1.2/tos/platforms/telosa/TelosSerialP.nc" name="StdControl" provided="1" ref="0x7f87df0fe7a0">
      <component-ref nicename="tos.platforms.telosa.TelosSerialP" qname="TelosSerialP"/>
      <type-interface alignment="I:2" size="I:2"><interface-ref name="StdControl" ref="0x7f87df0fe7a0" scoped=""/></type-interface>
      <instance>
        <interfacedef-ref nicename="tos.interfaces.StdControl" qname="StdControl"/>
      </instance>
      <interface-functions>
        <function-ref name="start" ref="0x7f87df0feb20" scoped=""/>
        <function-ref name="stop" ref="0x7f87df0fecb0" scoped=""/>
      </interface-functions>
    </interface><interface loc="49:/opt/tinyos-2.1.2/tos/chips/msp430/usart/Msp430Uart1C.nc" name="Msp430UartConfigure" provided="0" ref="0x7f87df101800">
      <component-ref nicename="tos.chips.msp430.usart.Msp430Uart1C" qname="PlatformSerialC.UartC"/>
      <type-interface alignment="I:2" size="I:2"><interface-ref name="Msp430UartConfigure" ref="0x7f87df101800" scoped=""/></type-interface>
      <instance>
        <interfacedef-ref nicename="tos.chips.msp430.usart.Msp430UartConfigure" qname="Msp430UartConfigure"/>
      </instance>
      <interface-functions>
        <function-ref name="getConfig" ref="0x7f87df101b80" scoped=""/>
      </interface-functions>
    </interface><component loc="42(PlatformSerialC.UartC):/opt/tinyos-2.1.2/tos/chips/msp430/usart/Msp430Uart1C.nc" nicename="tos.chips.msp430.usart.Msp430Uart1C" qname="PlatformSerialC.UartC">
      <instance number="0">
        <component-ref nicename="tos.chips.msp430.usart.Msp430Uart1C" qname="Msp430Uart1C"/>
      </instance>
      <configuration/>
      <wiring>
        <wire loc="65:/opt/tinyos-2.1.2/tos/chips/msp430/usart/Msp430Uart1C.nc">
          <from><interface-ref name="ResourceRequested" ref="0x7f87df1038f0" scoped=""/></from>
          <to><interface-ref name="ResourceRequested" ref="0x7f87dea27d70" scoped=""/></to>
        </wire>
        <wire loc="61:/opt/tinyos-2.1.2/tos/chips/msp430/usart/Msp430Uart1C.nc">
          <from><interface-ref name="UartByte" ref="0x7f87df101060" scoped=""/></from>
          <to><interface-ref name="UartByte" ref="0x7f87df31e850" scoped=""/>
          <arguments>
            <value cst="I:0">
              <type-int alignment="I:2" cname="int" size="I:2"/>
            </value>
          </arguments>
          </to>
        </wire>
        <wire loc="60:/opt/tinyos-2.1.2/tos/chips/msp430/usart/Msp430Uart1C.nc">
          <from><interface-ref name="UartStream" ref="0x7f87df1020c0" scoped=""/></from>
          <to><interface-ref name="UartStream" ref="0x7f87df3201d0" scoped=""/>
          <arguments>
            <value cst="I:0">
              <type-int alignment="I:2" cname="int" size="I:2"/>
            </value>
          </arguments>
          </to>
        </wire>
        <wire loc="59:/opt/tinyos-2.1.2/tos/chips/msp430/usart/Msp430Uart1C.nc">
          <from><interface-ref name="Resource" ref="0x7f87df104c00" scoped=""/></from>
          <to><interface-ref name="Resource" ref="0x7f87df3258d0" scoped=""/>
          <arguments>
            <value cst="I:0">
              <type-int alignment="I:2" cname="int" size="I:2"/>
            </value>
          </arguments>
          </to>
        </wire>
        <wire loc="62:/opt/tinyos-2.1.2/tos/chips/msp430/usart/Msp430Uart1C.nc">
          <from><interface-ref name="Msp430UartConfigure" ref="0x7f87df31ba40" scoped=""/>
          <arguments>
            <value cst="I:0">
              <type-int alignment="I:2" cname="int" size="I:2"/>
            </value>
          </arguments>
          </from>
          <to><interface-ref name="Msp430UartConfigure" ref="0x7f87df101800" scoped=""/></to>
        </wire>
        <wire loc="66:/opt/tinyos-2.1.2/tos/chips/msp430/usart/Msp430Uart1C.nc">
          <from><interface-ref name="ResourceConfigure" ref="0x7f87dea20020" scoped=""/></from>
          <to><interface-ref name="ResourceConfigure" ref="0x7f87df321450" scoped=""/>
          <arguments>
            <value cst="I:0">
              <type-int alignment="I:2" cname="int" size="I:2"/>
            </value>
          </arguments>
          </to>
        </wire>
        <wire loc="67:/opt/tinyos-2.1.2/tos/chips/msp430/usart/Msp430Uart1C.nc">
          <from><interface-ref name="UsartResource" ref="0x7f87df31c690" scoped=""/>
          <arguments>
            <value cst="I:0">
              <type-int alignment="I:2" cname="int" size="I:2"/>
            </value>
          </arguments>
          </from>
          <to><interface-ref name="Resource" ref="0x7f87dea27120" scoped=""/></to>
        </wire>
        <wire loc="68:/opt/tinyos-2.1.2/tos/chips/msp430/usart/Msp430Uart1C.nc">
          <from><interface-ref name="UsartInterrupts" ref="0x7f87df319020" scoped=""/>
          <arguments>
            <value cst="I:0">
              <type-int alignment="I:2" cname="int" size="I:2"/>
            </value>
          </arguments>
          </from>
          <to><interface-ref name="HplMsp430UsartInterrupts" ref="0x7f87dea21760" scoped=""/></to>
        </wire>
      </wiring>
    </component><component loc="1:/opt/tinyos-2.1.2/tos/platforms/telosa/TelosSerialP.nc" nicename="tos.platforms.telosa.TelosSerialP" qname="TelosSerialP">
      <module/>
    </component></referenced></component>