<?xml version="1.0" ?><component loc="38:/opt/tinyos-2.1.2/tos/chips/msp430/usart/Msp430UsartShare1P.nc" nicename="tos.chips.msp430.usart.Msp430UsartShare1P" qname="Msp430UsartShare1P">
      <documentation loc="32:/opt/tinyos-2.1.2/tos/chips/msp430/usart/Msp430UsartShare1P.nc">
        <short>
 </short>
        <long>
 @author Vlado Handziski &lt;handzisk@tkn.tu-berlin.de&gt;
 @author Jonathan Hui &lt;jhui@archedrock.com&gt;
 @version $Revision: 1.6 $ $Date: 2008-05-21 22:11:57 $
</long>
      </documentation>
      <configuration/>
      <wiring>
        <wire loc="56:/opt/tinyos-2.1.2/tos/chips/msp430/usart/Msp430UsartShare1P.nc">
          <from><interface-ref name="ResourceRequested" ref="0x7f87df1cbbc0" scoped=""/></from>
          <to><interface-ref name="ResourceRequested" ref="0x7f87df139bf0" scoped=""/></to>
        </wire>
        <wire loc="51:/opt/tinyos-2.1.2/tos/chips/msp430/usart/Msp430UsartShare1P.nc">
          <from><interface-ref name="Interrupts" ref="0x7f87df1ce980" scoped=""/></from>
          <to><interface-ref name="Interrupts" ref="0x7f87df1c65c0" scoped=""/></to>
        </wire>
        <wire loc="55:/opt/tinyos-2.1.2/tos/chips/msp430/usart/Msp430UsartShare1P.nc">
          <from><interface-ref name="Resource" ref="0x7f87df1cd850" scoped=""/></from>
          <to><interface-ref name="Resource" ref="0x7f87df13ae60" scoped=""/></to>
        </wire>
        <wire loc="58:/opt/tinyos-2.1.2/tos/chips/msp430/usart/Msp430UsartShare1P.nc">
          <from><interface-ref name="ArbiterInfo" ref="0x7f87df1ca4b0" scoped=""/></from>
          <to><interface-ref name="ArbiterInfo" ref="0x7f87df136060" scoped=""/></to>
        </wire>
        <wire loc="52:/opt/tinyos-2.1.2/tos/chips/msp430/usart/Msp430UsartShare1P.nc">
          <from><interface-ref name="RawInterrupts" ref="0x7f87df1b4690" scoped=""/></from>
          <to><interface-ref name="HplMsp430UsartInterrupts" ref="0x7f87df27ad10" scoped=""/></to>
        </wire>
        <wire loc="57:/opt/tinyos-2.1.2/tos/chips/msp430/usart/Msp430UsartShare1P.nc">
          <from><interface-ref name="ResourceConfigure" ref="0x7f87df136930" scoped=""/></from>
          <to><interface-ref name="ResourceConfigure" ref="0x7f87df1c9280" scoped=""/></to>
        </wire>
        <wire loc="59:/opt/tinyos-2.1.2/tos/chips/msp430/usart/Msp430UsartShare1P.nc">
          <from><interface-ref name="ArbiterInfo" ref="0x7f87df1b34b0" scoped=""/></from>
          <to><interface-ref name="ArbiterInfo" ref="0x7f87df136060" scoped=""/></to>
        </wire>
        <wire loc="62:/opt/tinyos-2.1.2/tos/chips/msp430/usart/Msp430UsartShare1P.nc">
          <from><interface-ref name="ResourceDefaultOwner" ref="0x7f87df11c9d0" scoped=""/></from>
          <to><interface-ref name="ResourceDefaultOwner" ref="0x7f87df138400" scoped=""/></to>
        </wire>
        <wire loc="65:/opt/tinyos-2.1.2/tos/chips/msp430/usart/Msp430UsartShare1P.nc">
          <from><interface-ref name="AsyncStdControl" ref="0x7f87df131b20" scoped=""/></from>
          <to><interface-ref name="AsyncStdControl" ref="0x7f87df27d840" scoped=""/></to>
        </wire>
      </wiring>
    <specification><interface loc="42:/opt/tinyos-2.1.2/tos/chips/msp430/usart/Msp430UsartShare1P.nc" name="ResourceRequested" provided="1" ref="0x7f87df1cbbc0">
      <component-ref nicename="tos.chips.msp430.usart.Msp430UsartShare1P" qname="Msp430UsartShare1P"/>
      <type-interface alignment="I:2" size="I:2"><interface-ref name="ResourceRequested" ref="0x7f87df1cbbc0" scoped=""/></type-interface>
      <instance>
        <interfacedef-ref nicename="tos.interfaces.ResourceRequested" qname="ResourceRequested"/>
      </instance>
      <interface-parameters>
        <type-int alignment="I:1" cname="unsigned char" size="I:1" unsigned="">
          <typename><typedef-ref name="uint8_t" ref="0x7f87e0c43160"/></typename>
        </type-int>
      </interface-parameters>
      <interface-functions>
        <function-ref name="requested" ref="0x7f87df1ca020" scoped=""/>
        <function-ref name="immediateRequested" ref="0x7f87df1ca1b0" scoped=""/>
      </interface-functions>
    </interface><interface loc="45:/opt/tinyos-2.1.2/tos/chips/msp430/usart/Msp430UsartShare1P.nc" name="ResourceConfigure" provided="0" ref="0x7f87df1c9280">
      <component-ref nicename="tos.chips.msp430.usart.Msp430UsartShare1P" qname="Msp430UsartShare1P"/>
      <type-interface alignment="I:2" size="I:2"><interface-ref name="ResourceConfigure" ref="0x7f87df1c9280" scoped=""/></type-interface>
      <instance>
        <interfacedef-ref nicename="tos.interfaces.ResourceConfigure" qname="ResourceConfigure"/>
      </instance>
      <interface-parameters>
        <type-int alignment="I:1" cname="unsigned char" size="I:1" unsigned="">
          <typename><typedef-ref name="uint8_t" ref="0x7f87e0c43160"/></typename>
        </type-int>
      </interface-parameters>
      <interface-functions>
        <function-ref name="unconfigure" ref="0x7f87df1c9600" scoped=""/>
        <function-ref name="configure" ref="0x7f87df1c9790" scoped=""/>
      </interface-functions>
    </interface><interface loc="40:/opt/tinyos-2.1.2/tos/chips/msp430/usart/Msp430UsartShare1P.nc" name="Interrupts" provided="1" ref="0x7f87df1ce980">
      <component-ref nicename="tos.chips.msp430.usart.Msp430UsartShare1P" qname="Msp430UsartShare1P"/>
      <type-interface alignment="I:2" size="I:2"><interface-ref name="Interrupts" ref="0x7f87df1ce980" scoped=""/></type-interface>
      <instance>
        <interfacedef-ref nicename="tos.chips.msp430.usart.HplMsp430UsartInterrupts" qname="HplMsp430UsartInterrupts"/>
      </instance>
      <interface-parameters>
        <type-int alignment="I:1" cname="unsigned char" size="I:1" unsigned="">
          <typename><typedef-ref name="uint8_t" ref="0x7f87e0c43160"/></typename>
        </type-int>
      </interface-parameters>
      <interface-functions>
        <function-ref name="rxDone" ref="0x7f87df1ced00" scoped=""/>
        <function-ref name="txDone" ref="0x7f87df1cd020" scoped=""/>
      </interface-functions>
    </interface><interface loc="41:/opt/tinyos-2.1.2/tos/chips/msp430/usart/Msp430UsartShare1P.nc" name="Resource" provided="1" ref="0x7f87df1cd850">
      <component-ref nicename="tos.chips.msp430.usart.Msp430UsartShare1P" qname="Msp430UsartShare1P"/>
      <type-interface alignment="I:2" size="I:2"><interface-ref name="Resource" ref="0x7f87df1cd850" scoped=""/></type-interface>
      <instance>
        <interfacedef-ref nicename="tos.interfaces.Resource" qname="Resource"/>
      </instance>
      <interface-parameters>
        <type-int alignment="I:1" cname="unsigned char" size="I:1" unsigned="">
          <typename><typedef-ref name="uint8_t" ref="0x7f87e0c43160"/></typename>
        </type-int>
      </interface-parameters>
      <interface-functions>
        <function-ref name="release" ref="0x7f87df1cdbd0" scoped=""/>
        <function-ref name="immediateRequest" ref="0x7f87df1cdd60" scoped=""/>
        <function-ref name="request" ref="0x7f87df1cb020" scoped=""/>
        <function-ref name="granted" ref="0x7f87df1cb1b0" scoped=""/>
        <function-ref name="isOwner" ref="0x7f87df1cb340" scoped=""/>
      </interface-functions>
    </interface><interface loc="43:/opt/tinyos-2.1.2/tos/chips/msp430/usart/Msp430UsartShare1P.nc" name="ArbiterInfo" provided="1" ref="0x7f87df1ca4b0">
      <component-ref nicename="tos.chips.msp430.usart.Msp430UsartShare1P" qname="Msp430UsartShare1P"/>
      <type-interface alignment="I:2" size="I:2"><interface-ref name="ArbiterInfo" ref="0x7f87df1ca4b0" scoped=""/></type-interface>
      <instance>
        <interfacedef-ref nicename="tos.interfaces.ArbiterInfo" qname="ArbiterInfo"/>
      </instance>
      <interface-functions>
        <function-ref name="inUse" ref="0x7f87df1ca830" scoped=""/>
        <function-ref name="userId" ref="0x7f87df1ca9c0" scoped=""/>
      </interface-functions>
    </interface></specification><referenced><interface loc="76:/opt/tinyos-2.1.2/tos/chips/msp430/usart/HplMsp430Usart1C.nc" name="AsyncStdControl" provided="1" ref="0x7f87df27d840">
      <component-ref nicename="tos.chips.msp430.usart.HplMsp430Usart1C" qname="HplMsp430Usart1C"/>
      <type-interface alignment="I:2" size="I:2"><interface-ref name="AsyncStdControl" ref="0x7f87df27d840" scoped=""/></type-interface>
      <instance>
        <interfacedef-ref nicename="tos.interfaces.AsyncStdControl" qname="AsyncStdControl"/>
      </instance>
      <interface-functions>
        <function-ref name="start" ref="0x7f87df27dbc0" scoped=""/>
        <function-ref name="stop" ref="0x7f87df27dd50" scoped=""/>
      </interface-functions>
    </interface><interface loc="43:/opt/tinyos-2.1.2/tos/chips/msp430/usart/Msp430UsartShareP.nc" name="ArbiterInfo" provided="0" ref="0x7f87df1b34b0">
      <component-ref nicename="tos.chips.msp430.usart.Msp430UsartShareP" qname="Msp430UsartShare1P.UsartShareP"/>
      <type-interface alignment="I:2" size="I:2"><interface-ref name="ArbiterInfo" ref="0x7f87df1b34b0" scoped=""/></type-interface>
      <instance>
        <interfacedef-ref nicename="tos.interfaces.ArbiterInfo" qname="ArbiterInfo"/>
      </instance>
      <interface-functions>
        <function-ref name="inUse" ref="0x7f87df1b3830" scoped=""/>
        <function-ref name="userId" ref="0x7f87df1b39c0" scoped=""/>
      </interface-functions>
    </interface><interface loc="70:/opt/tinyos-2.1.2/tos/lib/power/AsyncStdControlPowerManagerC.nc" name="AsyncStdControl" provided="0" ref="0x7f87df131b20">
      <component-ref nicename="tos.lib.power.AsyncStdControlPowerManagerC" qname="Msp430UsartShare1P.PowerManagerC"/>
      <type-interface alignment="I:2" size="I:2"><interface-ref name="AsyncStdControl" ref="0x7f87df131b20" scoped=""/></type-interface>
      <instance>
        <interfacedef-ref nicename="tos.interfaces.AsyncStdControl" qname="AsyncStdControl"/>
      </instance>
      <interface-functions>
        <function-ref name="start" ref="0x7f87df11c020" scoped=""/>
        <function-ref name="stop" ref="0x7f87df11c1b0" scoped=""/>
      </interface-functions>
    </interface><interface loc="91:/opt/tinyos-2.1.2/tos/system/FcfsArbiterC.nc" name="Resource" provided="1" ref="0x7f87df13ae60">
      <component-ref nicename="tos.system.FcfsArbiterC" qname="Msp430UsartShare1P.ArbiterC"/>
      <type-interface alignment="I:2" size="I:2"><interface-ref name="Resource" ref="0x7f87df13ae60" scoped=""/></type-interface>
      <instance>
        <interfacedef-ref nicename="tos.interfaces.Resource" qname="Resource"/>
      </instance>
      <interface-parameters>
        <type-int alignment="I:1" cname="unsigned char" size="I:1" unsigned="">
          <typename><typedef-ref name="uint8_t" ref="0x7f87e0c43160"/></typename>
        </type-int>
      </interface-parameters>
      <interface-functions>
        <function-ref name="release" ref="0x7f87df139230" scoped=""/>
        <function-ref name="immediateRequest" ref="0x7f87df1393c0" scoped=""/>
        <function-ref name="request" ref="0x7f87df139550" scoped=""/>
        <function-ref name="granted" ref="0x7f87df1396e0" scoped=""/>
        <function-ref name="isOwner" ref="0x7f87df139870" scoped=""/>
      </interface-functions>
    </interface><interface loc="41:/opt/tinyos-2.1.2/tos/chips/msp430/usart/Msp430UsartShareP.nc" name="RawInterrupts" provided="0" ref="0x7f87df1b4690">
      <component-ref nicename="tos.chips.msp430.usart.Msp430UsartShareP" qname="Msp430UsartShare1P.UsartShareP"/>
      <type-interface alignment="I:2" size="I:2"><interface-ref name="RawInterrupts" ref="0x7f87df1b4690" scoped=""/></type-interface>
      <instance>
        <interfacedef-ref nicename="tos.chips.msp430.usart.HplMsp430UsartInterrupts" qname="HplMsp430UsartInterrupts"/>
      </instance>
      <interface-functions>
        <function-ref name="rxDone" ref="0x7f87df1b4a10" scoped=""/>
        <function-ref name="txDone" ref="0x7f87df1b4ba0" scoped=""/>
      </interface-functions>
    </interface><interface loc="73:/opt/tinyos-2.1.2/tos/lib/power/AsyncStdControlPowerManagerC.nc" name="ResourceDefaultOwner" provided="0" ref="0x7f87df11c9d0">
      <component-ref nicename="tos.lib.power.AsyncStdControlPowerManagerC" qname="Msp430UsartShare1P.PowerManagerC"/>
      <type-interface alignment="I:2" size="I:2"><interface-ref name="ResourceDefaultOwner" ref="0x7f87df11c9d0" scoped=""/></type-interface>
      <instance>
        <interfacedef-ref nicename="tos.interfaces.ResourceDefaultOwner" qname="ResourceDefaultOwner"/>
      </instance>
      <interface-functions>
        <function-ref name="release" ref="0x7f87df11cd50" scoped=""/>
        <function-ref name="requested" ref="0x7f87df11b020" scoped=""/>
        <function-ref name="granted" ref="0x7f87df11b1b0" scoped=""/>
        <function-ref name="isOwner" ref="0x7f87df11b340" scoped=""/>
        <function-ref name="immediateRequested" ref="0x7f87df11b4d0" scoped=""/>
      </interface-functions>
    </interface><interface loc="39:/opt/tinyos-2.1.2/tos/chips/msp430/usart/Msp430UsartShareP.nc" name="Interrupts" provided="1" ref="0x7f87df1c65c0">
      <component-ref nicename="tos.chips.msp430.usart.Msp430UsartShareP" qname="Msp430UsartShare1P.UsartShareP"/>
      <type-interface alignment="I:2" size="I:2"><interface-ref name="Interrupts" ref="0x7f87df1c65c0" scoped=""/></type-interface>
      <instance>
        <interfacedef-ref nicename="tos.chips.msp430.usart.HplMsp430UsartInterrupts" qname="HplMsp430UsartInterrupts"/>
      </instance>
      <interface-parameters>
        <type-int alignment="I:1" cname="unsigned char" size="I:1" unsigned="">
          <typename><typedef-ref name="uint8_t" ref="0x7f87e0c43160"/></typename>
        </type-int>
      </interface-parameters>
      <interface-functions>
        <function-ref name="rxDone" ref="0x7f87df1c6960" scoped=""/>
        <function-ref name="txDone" ref="0x7f87df1c6af0" scoped=""/>
      </interface-functions>
    </interface><interface loc="96:/opt/tinyos-2.1.2/tos/system/FcfsArbiterC.nc" name="ResourceConfigure" provided="0" ref="0x7f87df136930">
      <component-ref nicename="tos.system.FcfsArbiterC" qname="Msp430UsartShare1P.ArbiterC"/>
      <type-interface alignment="I:2" size="I:2"><interface-ref name="ResourceConfigure" ref="0x7f87df136930" scoped=""/></type-interface>
      <instance>
        <interfacedef-ref nicename="tos.interfaces.ResourceConfigure" qname="ResourceConfigure"/>
      </instance>
      <interface-parameters>
        <type-int alignment="I:1" cname="unsigned char" size="I:1" unsigned="">
          <typename><typedef-ref name="uint8_t" ref="0x7f87e0c43160"/></typename>
        </type-int>
      </interface-parameters>
      <interface-functions>
        <function-ref name="unconfigure" ref="0x7f87df136cd0" scoped=""/>
        <function-ref name="configure" ref="0x7f87df136e60" scoped=""/>
      </interface-functions>
    </interface><interface loc="94:/opt/tinyos-2.1.2/tos/system/FcfsArbiterC.nc" name="ArbiterInfo" provided="1" ref="0x7f87df136060">
      <component-ref nicename="tos.system.FcfsArbiterC" qname="Msp430UsartShare1P.ArbiterC"/>
      <type-interface alignment="I:2" size="I:2"><interface-ref name="ArbiterInfo" ref="0x7f87df136060" scoped=""/></type-interface>
      <instance>
        <interfacedef-ref nicename="tos.interfaces.ArbiterInfo" qname="ArbiterInfo"/>
      </instance>
      <interface-functions>
        <function-ref name="inUse" ref="0x7f87df1363e0" scoped=""/>
        <function-ref name="userId" ref="0x7f87df136570" scoped=""/>
      </interface-functions>
    </interface><interface loc="78:/opt/tinyos-2.1.2/tos/chips/msp430/usart/HplMsp430Usart1C.nc" name="HplMsp430UsartInterrupts" provided="1" ref="0x7f87df27ad10">
      <component-ref nicename="tos.chips.msp430.usart.HplMsp430Usart1C" qname="HplMsp430Usart1C"/>
      <type-interface alignment="I:2" size="I:2"><interface-ref name="HplMsp430UsartInterrupts" ref="0x7f87df27ad10" scoped=""/></type-interface>
      <instance>
        <interfacedef-ref nicename="tos.chips.msp430.usart.HplMsp430UsartInterrupts" qname="HplMsp430UsartInterrupts"/>
      </instance>
      <interface-functions>
        <function-ref name="rxDone" ref="0x7f87df2790e0" scoped=""/>
        <function-ref name="txDone" ref="0x7f87df279270" scoped=""/>
      </interface-functions>
    </interface><interface loc="92:/opt/tinyos-2.1.2/tos/system/FcfsArbiterC.nc" name="ResourceRequested" provided="1" ref="0x7f87df139bf0">
      <component-ref nicename="tos.system.FcfsArbiterC" qname="Msp430UsartShare1P.ArbiterC"/>
      <type-interface alignment="I:2" size="I:2"><interface-ref name="ResourceRequested" ref="0x7f87df139bf0" scoped=""/></type-interface>
      <instance>
        <interfacedef-ref nicename="tos.interfaces.ResourceRequested" qname="ResourceRequested"/>
      </instance>
      <interface-parameters>
        <type-int alignment="I:1" cname="unsigned char" size="I:1" unsigned="">
          <typename><typedef-ref name="uint8_t" ref="0x7f87e0c43160"/></typename>
        </type-int>
      </interface-parameters>
      <interface-functions>
        <function-ref name="requested" ref="0x7f87df138020" scoped=""/>
        <function-ref name="immediateRequested" ref="0x7f87df1381b0" scoped=""/>
      </interface-functions>
    </interface><interface loc="93:/opt/tinyos-2.1.2/tos/system/FcfsArbiterC.nc" name="ResourceDefaultOwner" provided="1" ref="0x7f87df138400">
      <component-ref nicename="tos.system.FcfsArbiterC" qname="Msp430UsartShare1P.ArbiterC"/>
      <type-interface alignment="I:2" size="I:2"><interface-ref name="ResourceDefaultOwner" ref="0x7f87df138400" scoped=""/></type-interface>
      <instance>
        <interfacedef-ref nicename="tos.interfaces.ResourceDefaultOwner" qname="ResourceDefaultOwner"/>
      </instance>
      <interface-functions>
        <function-ref name="release" ref="0x7f87df138780" scoped=""/>
        <function-ref name="requested" ref="0x7f87df138910" scoped=""/>
        <function-ref name="granted" ref="0x7f87df138aa0" scoped=""/>
        <function-ref name="isOwner" ref="0x7f87df138c30" scoped=""/>
        <function-ref name="immediateRequested" ref="0x7f87df138dc0" scoped=""/>
      </interface-functions>
    </interface><component loc="74:/opt/tinyos-2.1.2/tos/chips/msp430/usart/HplMsp430Usart1C.nc" nicename="tos.chips.msp430.usart.HplMsp430Usart1C" qname="HplMsp430Usart1C">
      <documentation loc="31:/opt/tinyos-2.1.2/tos/chips/msp430/usart/msp430usart.h">
        <short>
 </short>
        <long>
 @author Vlado Handziski &lt;handzisk@tkn.tu-berlin.de&gt;
 @author Philipp Huppertz &lt;huppertz@tkn.tu-berlin.de&gt;
</long>
      </documentation>
      <configuration/>
      <wiring>
        <wire loc="89:/opt/tinyos-2.1.2/tos/chips/msp430/usart/HplMsp430Usart1C.nc">
          <from><interface-ref name="HplMsp430UsartInterrupts" ref="0x7f87df27ad10" scoped=""/></from>
          <to><interface-ref name="Interrupts" ref="0x7f87df271460" scoped=""/></to>
        </wire>
        <wire loc="87:/opt/tinyos-2.1.2/tos/chips/msp430/usart/HplMsp430Usart1C.nc">
          <from><interface-ref name="AsyncStdControl" ref="0x7f87df27d840" scoped=""/></from>
          <to><interface-ref name="AsyncStdControl" ref="0x7f87df2760c0" scoped=""/></to>
        </wire>
        <wire loc="88:/opt/tinyos-2.1.2/tos/chips/msp430/usart/HplMsp430Usart1C.nc">
          <from><interface-ref name="HplMsp430Usart" ref="0x7f87df2800c0" scoped=""/></from>
          <to><interface-ref name="Usart" ref="0x7f87df276970" scoped=""/></to>
        </wire>
        <wire loc="91:/opt/tinyos-2.1.2/tos/chips/msp430/usart/HplMsp430Usart1C.nc">
          <from><interface-ref name="SIMO" ref="0x7f87df271d30" scoped=""/></from>
          <to><interface-ref name="SIMO1" ref="0x7f87df98b580" scoped=""/></to>
        </wire>
        <wire loc="92:/opt/tinyos-2.1.2/tos/chips/msp430/usart/HplMsp430Usart1C.nc">
          <from><interface-ref name="SOMI" ref="0x7f87df26fcb0" scoped=""/></from>
          <to><interface-ref name="SOMI1" ref="0x7f87df989580" scoped=""/></to>
        </wire>
        <wire loc="93:/opt/tinyos-2.1.2/tos/chips/msp430/usart/HplMsp430Usart1C.nc">
          <from><interface-ref name="UCLK" ref="0x7f87df26dcb0" scoped=""/></from>
          <to><interface-ref name="UCLK1" ref="0x7f87df987580" scoped=""/></to>
        </wire>
        <wire loc="94:/opt/tinyos-2.1.2/tos/chips/msp430/usart/HplMsp430Usart1C.nc">
          <from><interface-ref name="URXD" ref="0x7f87df26bcb0" scoped=""/></from>
          <to><interface-ref name="URXD1" ref="0x7f87df983580" scoped=""/></to>
        </wire>
        <wire loc="95:/opt/tinyos-2.1.2/tos/chips/msp430/usart/HplMsp430Usart1C.nc">
          <from><interface-ref name="UTXD" ref="0x7f87df269cb0" scoped=""/></from>
          <to><interface-ref name="UTXD1" ref="0x7f87df985580" scoped=""/></to>
        </wire>
      </wiring>
    </component><component loc="89(Msp430UsartShare1P.ArbiterC):/opt/tinyos-2.1.2/tos/system/FcfsArbiterC.nc" nicename="tos.system.FcfsArbiterC" qname="Msp430UsartShare1P.ArbiterC">
      <documentation loc="69:/opt/tinyos-2.1.2/tos/system/FcfsArbiterC.nc">
        <short>
 Please refer to TEP 108 for more information about this component and its
 intended use.&lt;br&gt;&lt;br&gt;

 This component provides the Resource, ArbiterInfo, and ResourceDefaultOwner
 interfaces and uses the ResourceConfigure interface as
 described in TEP 108.</short>
        <long>
 Please refer to TEP 108 for more information about this component and its
 intended use.&lt;br&gt;&lt;br&gt;

 This component provides the Resource, ArbiterInfo, and ResourceDefaultOwner
 interfaces and uses the ResourceConfigure interface as
 described in TEP 108.  It provides arbitration to a shared resource in
 an FCFS fashion.  An array is used to keep track of which users have put
 in requests for the resource.  Upon the release of the resource by one
 of these users, the array is checked and the next user (in FCFS order)
 that has a pending request will ge granted control of the resource.  If
 there are no pending requests, then the resource is granted to the default 
 user.  If a new request is made, the default user will release the resource, 
 and it will be granted to the requesting cleint.

 @param &lt;b&gt;resourceName&lt;/b&gt; -- The name of the Resource being shared
 
 @author Kevin Klues (klues@tkn.tu-berlin.de)
</long>
      </documentation>
      <instance number="0">
        <component-ref nicename="tos.system.FcfsArbiterC" qname="FcfsArbiterC"/>
        <arguments>
          <value cst="S:Msp430Usart1.Resource">
            <type-pointer alignment="I:2" size="I:2">
              <type-int alignment="I:1" cname="char" size="I:1"/>
            </type-pointer>
          </value>
        </arguments>
      </instance>
      <configuration/>
      <wiring>
        <wire loc="106:/opt/tinyos-2.1.2/tos/system/FcfsArbiterC.nc">
          <from><interface-ref name="ResourceRequested" ref="0x7f87df139bf0" scoped=""/></from>
          <to><interface-ref name="ResourceRequested" ref="0x7f87de9bc3a0" scoped=""/></to>
        </wire>
        <wire loc="107:/opt/tinyos-2.1.2/tos/system/FcfsArbiterC.nc">
          <from><interface-ref name="ResourceDefaultOwner" ref="0x7f87df138400" scoped=""/></from>
          <to><interface-ref name="ResourceDefaultOwner" ref="0x7f87de9bcb20" scoped=""/></to>
        </wire>
        <wire loc="105:/opt/tinyos-2.1.2/tos/system/FcfsArbiterC.nc">
          <from><interface-ref name="Resource" ref="0x7f87df13ae60" scoped=""/></from>
          <to><interface-ref name="Resource" ref="0x7f87de9bd540" scoped=""/></to>
        </wire>
        <wire loc="108:/opt/tinyos-2.1.2/tos/system/FcfsArbiterC.nc">
          <from><interface-ref name="ArbiterInfo" ref="0x7f87df136060" scoped=""/></from>
          <to><interface-ref name="ArbiterInfo" ref="0x7f87de9bb8b0" scoped=""/></to>
        </wire>
        <wire loc="103:/opt/tinyos-2.1.2/tos/system/FcfsArbiterC.nc">
          <from><interface-ref name="SoftwareInit" ref="0x7f87dfca7d90" scoped=""/></from>
          <to><interface-ref name="Init" ref="0x7f87de9c1ca0" scoped=""/></to>
        </wire>
        <wire loc="109:/opt/tinyos-2.1.2/tos/system/FcfsArbiterC.nc">
          <from><interface-ref name="ResourceConfigure" ref="0x7f87de9ba210" scoped=""/></from>
          <to><interface-ref name="ResourceConfigure" ref="0x7f87df136930" scoped=""/></to>
        </wire>
        <wire loc="111:/opt/tinyos-2.1.2/tos/system/FcfsArbiterC.nc">
          <from><interface-ref name="Queue" ref="0x7f87de9ba9d0" scoped=""/></from>
          <to><interface-ref name="FcfsQueue" ref="0x7f87de9bf330" scoped=""/></to>
        </wire>
      </wiring>
    </component><component loc="37(Msp430UsartShare1P.UsartShareP):/opt/tinyos-2.1.2/tos/chips/msp430/usart/Msp430UsartShareP.nc" nicename="tos.chips.msp430.usart.Msp430UsartShareP" qname="Msp430UsartShare1P.UsartShareP">
      <documentation loc="32:/opt/tinyos-2.1.2/tos/chips/msp430/usart/Msp430UsartShareP.nc">
        <short>
 </short>
        <long>
 @author Jonathan Hui &lt;jhui@archrock.com&gt;
 @version $Revision: 1.5 $ $Date: 2008-06-26 04:39:08 $
</long>
      </documentation>
      <instance number="0">
        <component-ref nicename="tos.chips.msp430.usart.Msp430UsartShareP" qname="Msp430UsartShareP"/>
      </instance>
      <module/>
    </component><component loc="67(Msp430UsartShare1P.PowerManagerC):/opt/tinyos-2.1.2/tos/lib/power/AsyncStdControlPowerManagerC.nc" nicename="tos.lib.power.AsyncStdControlPowerManagerC" qname="Msp430UsartShare1P.PowerManagerC">
      <documentation loc="41:/opt/tinyos-2.1.2/tos/lib/power/AsyncStdControlPowerManagerC.nc">
        <short>
 Please refer to TEP 115 for more information about this component and its
 intended use.&lt;br&gt;&lt;br&gt;

 This is the internal implementation of the standard power management
 policy for managing the power states of non-virtualized devices.</short>
        <long>
 Please refer to TEP 115 for more information about this component and its
 intended use.&lt;br&gt;&lt;br&gt;

 This is the internal implementation of the standard power management
 policy for managing the power states of non-virtualized devices.
 Non-virtualized devices are shared using a parameterized Resource
 interface, and are powered down according to some policy whenever there
 are no more pending requests to that Resource.  The policy implemented
 by this component is to power down a device as soon as it becomes free.
 Such a policy is useful whenever a device has a negligible wake-up
 latency.  There is no cost associated with waiting for the device to
 power up, so it can be powered on and off as often as possible.&lt;br&gt;&lt;br&gt;

 Powerdown of the device is done through the &lt;code&gt;AsyncStdControl&lt;/code&gt;
 interface, so this component can only be used with those devices that
 provide that interface.&lt;br&gt;&lt;br&gt;

 For devices providing either the &lt;code&gt;StdControl&lt;/code&gt; or
 &lt;code&gt;SplitControl&lt;/code&gt; interfaces, please use either the
 &lt;code&gt;StdControlPowerManagerC&lt;/code&gt; component or the
 &lt;code&gt;SplitControlPowerManagerC&lt;/code&gt; component respectively.
 
 @author Kevin Klues (klueska@cs.wustl.edu)
</long>
      </documentation>
      <instance number="0">
        <component-ref nicename="tos.lib.power.AsyncStdControlPowerManagerC" qname="AsyncStdControlPowerManagerC"/>
      </instance>
      <configuration/>
      <wiring>
        <wire loc="80:/opt/tinyos-2.1.2/tos/lib/power/AsyncStdControlPowerManagerC.nc">
          <from><interface-ref name="AsyncStdControl" ref="0x7f87de9873a0" scoped=""/></from>
          <to><interface-ref name="AsyncStdControl" ref="0x7f87df131b20" scoped=""/></to>
        </wire>
        <wire loc="82:/opt/tinyos-2.1.2/tos/lib/power/AsyncStdControlPowerManagerC.nc">
          <from><interface-ref name="PowerDownCleanup" ref="0x7f87de987b00" scoped=""/></from>
          <to><interface-ref name="PowerDownCleanup" ref="0x7f87df11c400" scoped=""/></to>
        </wire>
        <wire loc="84:/opt/tinyos-2.1.2/tos/lib/power/AsyncStdControlPowerManagerC.nc">
          <from><interface-ref name="ResourceDefaultOwner" ref="0x7f87de9860f0" scoped=""/></from>
          <to><interface-ref name="ResourceDefaultOwner" ref="0x7f87df11c9d0" scoped=""/></to>
        </wire>
        <wire loc="85:/opt/tinyos-2.1.2/tos/lib/power/AsyncStdControlPowerManagerC.nc">
          <from><interface-ref name="ArbiterInfo" ref="0x7f87de986d00" scoped=""/></from>
          <to><interface-ref name="ArbiterInfo" ref="0x7f87df11b720" scoped=""/></to>
        </wire>
      </wiring>
    </component></referenced></component>