<?xml version="1.0" ?><component abstract="" loc="41:/opt/tinyos-2.1.2/tos/chips/msp430/usart/Msp430UartP.nc" nicename="tos.chips.msp430.usart.Msp430UartP" qname="Msp430UartP">
      <documentation loc="32:/opt/tinyos-2.1.2/tos/chips/msp430/usart/Msp430UartP.nc">
        <short>
 </short>
        <long>
 @author Jonathan Hui &lt;jhui@archrock.com&gt;
 @author Vlado Handziski &lt;handzisk@tkn.tu-berlin.de&gt;
 @author Eric B. Decker &lt;cire831@gmail.com&gt;
 @version $Revision: 1.7 $ $Date: 2008-06-04 05:31:15 $
</long>
      </documentation>
      <parameters>
      </parameters>
      <module/>
    <specification><interface loc="44:/opt/tinyos-2.1.2/tos/chips/msp430/usart/Msp430UartP.nc" name="ResourceConfigure" provided="1" ref="0x7f87df313bc0">
      <component-ref nicename="tos.chips.msp430.usart.Msp430UartP" qname="Msp430UartP"/>
      <type-interface alignment="I:2" size="I:2"><interface-ref name="ResourceConfigure" ref="0x7f87df313bc0" scoped=""/></type-interface>
      <instance>
        <interfacedef-ref nicename="tos.interfaces.ResourceConfigure" qname="ResourceConfigure"/>
      </instance>
      <interface-parameters>
        <type-int alignment="I:1" cname="unsigned char" size="I:1" unsigned="">
          <typename><typedef-ref name="uint8_t" ref="0x7f87e0c43160"/></typename>
        </type-int>
      </interface-parameters>
      <interface-functions>
        <function-ref name="unconfigure" ref="0x7f87df312020" scoped=""/>
        <function-ref name="configure" ref="0x7f87df3121b0" scoped=""/>
      </interface-functions>
    </interface><interface loc="46:/opt/tinyos-2.1.2/tos/chips/msp430/usart/Msp430UartP.nc" name="UartByte" provided="1" ref="0x7f87df30f050">
      <component-ref nicename="tos.chips.msp430.usart.Msp430UartP" qname="Msp430UartP"/>
      <type-interface alignment="I:2" size="I:2"><interface-ref name="UartByte" ref="0x7f87df30f050" scoped=""/></type-interface>
      <instance>
        <interfacedef-ref nicename="tos.interfaces.UartByte" qname="UartByte"/>
      </instance>
      <interface-parameters>
        <type-int alignment="I:1" cname="unsigned char" size="I:1" unsigned="">
          <typename><typedef-ref name="uint8_t" ref="0x7f87e0c43160"/></typename>
        </type-int>
      </interface-parameters>
      <interface-functions>
        <function-ref name="send" ref="0x7f87df30f3d0" scoped=""/>
        <function-ref name="receive" ref="0x7f87df30f560" scoped=""/>
      </interface-functions>
    </interface><interface loc="49:/opt/tinyos-2.1.2/tos/chips/msp430/usart/Msp430UartP.nc" name="Msp430UartConfigure" provided="0" ref="0x7f87df30d1d0">
      <component-ref nicename="tos.chips.msp430.usart.Msp430UartP" qname="Msp430UartP"/>
      <type-interface alignment="I:2" size="I:2"><interface-ref name="Msp430UartConfigure" ref="0x7f87df30d1d0" scoped=""/></type-interface>
      <instance>
        <interfacedef-ref nicename="tos.chips.msp430.usart.Msp430UartConfigure" qname="Msp430UartConfigure"/>
      </instance>
      <interface-parameters>
        <type-int alignment="I:1" cname="unsigned char" size="I:1" unsigned="">
          <typename><typedef-ref name="uint8_t" ref="0x7f87e0c43160"/></typename>
        </type-int>
      </interface-parameters>
      <interface-functions>
        <function-ref name="getConfig" ref="0x7f87df30d550" scoped=""/>
      </interface-functions>
    </interface><interface loc="50:/opt/tinyos-2.1.2/tos/chips/msp430/usart/Msp430UartP.nc" name="Usart" provided="0" ref="0x7f87df2ef170">
      <component-ref nicename="tos.chips.msp430.usart.Msp430UartP" qname="Msp430UartP"/>
      <type-interface alignment="I:2" size="I:2"><interface-ref name="Usart" ref="0x7f87df2ef170" scoped=""/></type-interface>
      <instance>
        <interfacedef-ref nicename="tos.chips.msp430.usart.HplMsp430Usart" qname="HplMsp430Usart"/>
      </instance>
      <interface-functions>
        <function-ref name="isTxEmpty" ref="0x7f87df2ef4f0" scoped=""/>
        <function-ref name="enableUartRx" ref="0x7f87df2ef680" scoped=""/>
        <function-ref name="setUctl" ref="0x7f87df2ef810" scoped=""/>
        <function-ref name="enableUart" ref="0x7f87df2ef9a0" scoped=""/>
        <function-ref name="setUrctl" ref="0x7f87df2efb30" scoped=""/>
        <function-ref name="enableRxIntr" ref="0x7f87df2efcc0" scoped=""/>
        <function-ref name="clrRxIntr" ref="0x7f87df2efe50" scoped=""/>
        <function-ref name="getUtctl" ref="0x7f87df30c020" scoped=""/>
        <function-ref name="getUrctl" ref="0x7f87df30c1b0" scoped=""/>
        <function-ref name="resetUsart" ref="0x7f87df30c340" scoped=""/>
        <function-ref name="getUmctl" ref="0x7f87df30c4d0" scoped=""/>
        <function-ref name="disableIntr" ref="0x7f87df30c660" scoped=""/>
        <function-ref name="setUtctl" ref="0x7f87df30c7f0" scoped=""/>
        <function-ref name="getUbr" ref="0x7f87df30ca80" scoped=""/>
        <function-ref name="enableTxIntr" ref="0x7f87df30cc10" scoped=""/>
        <function-ref name="setUmctl" ref="0x7f87df30cda0" scoped=""/>
        <function-ref name="isUartRx" ref="0x7f87df30b020" scoped=""/>
        <function-ref name="isUart" ref="0x7f87df30b1b0" scoped=""/>
        <function-ref name="disableRxIntr" ref="0x7f87df30b340" scoped=""/>
        <function-ref name="isSpi" ref="0x7f87df30b4d0" scoped=""/>
        <function-ref name="enableUartTx" ref="0x7f87df30b660" scoped=""/>
        <function-ref name="disableTxIntr" ref="0x7f87df30b7f0" scoped=""/>
        <function-ref name="disableUartRx" ref="0x7f87df30b980" scoped=""/>
        <function-ref name="enableIntr" ref="0x7f87df30bb10" scoped=""/>
        <function-ref name="getMode" ref="0x7f87df30bca0" scoped=""/>
        <function-ref name="isTxIntrPending" ref="0x7f87df2ee220" scoped=""/>
        <function-ref name="clrIntr" ref="0x7f87df2ee3b0" scoped=""/>
        <function-ref name="setUbr" ref="0x7f87df2ee540" scoped=""/>
        <function-ref name="tx" ref="0x7f87df2ee6d0" scoped=""/>
        <function-ref name="getUctl" ref="0x7f87df2ee860" scoped=""/>
        <function-ref name="disableUart" ref="0x7f87df2ee9f0" scoped=""/>
        <function-ref name="enableSpi" ref="0x7f87df2eeb80" scoped=""/>
        <function-ref name="setModeUart" ref="0x7f87df2eed10" scoped=""/>
        <function-ref name="setModeSpi" ref="0x7f87df2ed020" scoped=""/>
        <function-ref name="rx" ref="0x7f87df2ed1b0" scoped=""/>
        <function-ref name="isRxIntrPending" ref="0x7f87df2ed340" scoped=""/>
        <function-ref name="isUartTx" ref="0x7f87df2ed4d0" scoped=""/>
        <function-ref name="clrTxIntr" ref="0x7f87df2ed660" scoped=""/>
        <function-ref name="disableSpi" ref="0x7f87df2ed7f0" scoped=""/>
        <function-ref name="disableUartTx" ref="0x7f87df2ed980" scoped=""/>
      </interface-functions>
    </interface><interface loc="45:/opt/tinyos-2.1.2/tos/chips/msp430/usart/Msp430UartP.nc" name="UartStream" provided="1" ref="0x7f87df3129f0">
      <component-ref nicename="tos.chips.msp430.usart.Msp430UartP" qname="Msp430UartP"/>
      <type-interface alignment="I:2" size="I:2"><interface-ref name="UartStream" ref="0x7f87df3129f0" scoped=""/></type-interface>
      <instance>
        <interfacedef-ref nicename="tos.interfaces.UartStream" qname="UartStream"/>
      </instance>
      <interface-parameters>
        <type-int alignment="I:1" cname="unsigned char" size="I:1" unsigned="">
          <typename><typedef-ref name="uint8_t" ref="0x7f87e0c43160"/></typename>
        </type-int>
      </interface-parameters>
      <interface-functions>
        <function-ref name="send" ref="0x7f87df312d70" scoped=""/>
        <function-ref name="receivedByte" ref="0x7f87df311020" scoped=""/>
        <function-ref name="receive" ref="0x7f87df3111b0" scoped=""/>
        <function-ref name="enableReceiveInterrupt" ref="0x7f87df311340" scoped=""/>
        <function-ref name="receiveDone" ref="0x7f87df3114d0" scoped=""/>
        <function-ref name="disableReceiveInterrupt" ref="0x7f87df311660" scoped=""/>
        <function-ref name="sendDone" ref="0x7f87df3117f0" scoped=""/>
      </interface-functions>
    </interface><interface loc="52:/opt/tinyos-2.1.2/tos/chips/msp430/usart/Msp430UartP.nc" name="Counter" provided="0" ref="0x7f87df2ece40">
      <component-ref nicename="tos.chips.msp430.usart.Msp430UartP" qname="Msp430UartP"/>
      <type-interface alignment="I:2" size="I:2"><interface-ref name="Counter" ref="0x7f87df2ece40" scoped=""/></type-interface>
      <instance>
        <interfacedef-ref nicename="tos.lib.timer.Counter" qname="Counter"/>
        <arguments>
          <type-tag alignment="I:2" size="I:2"><struct-ref ref="0x7f87dfacd6a0"/>
            <typename><typedef-ref name="T32khz" ref="0x7f87dfacda10"/></typename>
          </type-tag>
          <type-int alignment="I:2" cname="unsigned int" size="I:2" unsigned="">
            <typename><typedef-ref name="uint16_t" ref="0x7f87e0c43520"/></typename>
          </type-int>
        </arguments>
      </instance>
      <interface-functions>
        <function-ref name="get" ref="0x7f87df2ebca0" scoped=""/>
        <function-ref name="clearOverflow" ref="0x7f87df2ea670" scoped=""/>
        <function-ref name="isOverflowPending" ref="0x7f87df2ea1b0" scoped=""/>
        <function-ref name="overflow" ref="0x7f87df2eab30" scoped=""/>
      </interface-functions>
    </interface><interface loc="48:/opt/tinyos-2.1.2/tos/chips/msp430/usart/Msp430UartP.nc" name="UsartResource" provided="0" ref="0x7f87df30fe60">
      <component-ref nicename="tos.chips.msp430.usart.Msp430UartP" qname="Msp430UartP"/>
      <type-interface alignment="I:2" size="I:2"><interface-ref name="UsartResource" ref="0x7f87df30fe60" scoped=""/></type-interface>
      <instance>
        <interfacedef-ref nicename="tos.interfaces.Resource" qname="Resource"/>
      </instance>
      <interface-parameters>
        <type-int alignment="I:1" cname="unsigned char" size="I:1" unsigned="">
          <typename><typedef-ref name="uint8_t" ref="0x7f87e0c43160"/></typename>
        </type-int>
      </interface-parameters>
      <interface-functions>
        <function-ref name="release" ref="0x7f87df30e210" scoped=""/>
        <function-ref name="immediateRequest" ref="0x7f87df30e3a0" scoped=""/>
        <function-ref name="request" ref="0x7f87df30e530" scoped=""/>
        <function-ref name="granted" ref="0x7f87df30e6c0" scoped=""/>
        <function-ref name="isOwner" ref="0x7f87df30e850" scoped=""/>
      </interface-functions>
    </interface><interface loc="43:/opt/tinyos-2.1.2/tos/chips/msp430/usart/Msp430UartP.nc" name="Resource" provided="1" ref="0x7f87df314940">
      <component-ref nicename="tos.chips.msp430.usart.Msp430UartP" qname="Msp430UartP"/>
      <type-interface alignment="I:2" size="I:2"><interface-ref name="Resource" ref="0x7f87df314940" scoped=""/></type-interface>
      <instance>
        <interfacedef-ref nicename="tos.interfaces.Resource" qname="Resource"/>
      </instance>
      <interface-parameters>
        <type-int alignment="I:1" cname="unsigned char" size="I:1" unsigned="">
          <typename><typedef-ref name="uint8_t" ref="0x7f87e0c43160"/></typename>
        </type-int>
      </interface-parameters>
      <interface-functions>
        <function-ref name="release" ref="0x7f87df314cc0" scoped=""/>
        <function-ref name="immediateRequest" ref="0x7f87df314e50" scoped=""/>
        <function-ref name="request" ref="0x7f87df313020" scoped=""/>
        <function-ref name="granted" ref="0x7f87df3131b0" scoped=""/>
        <function-ref name="isOwner" ref="0x7f87df313340" scoped=""/>
      </interface-functions>
    </interface><interface loc="51:/opt/tinyos-2.1.2/tos/chips/msp430/usart/Msp430UartP.nc" name="UsartInterrupts" provided="0" ref="0x7f87df2ec370">
      <component-ref nicename="tos.chips.msp430.usart.Msp430UartP" qname="Msp430UartP"/>
      <type-interface alignment="I:2" size="I:2"><interface-ref name="UsartInterrupts" ref="0x7f87df2ec370" scoped=""/></type-interface>
      <instance>
        <interfacedef-ref nicename="tos.chips.msp430.usart.HplMsp430UsartInterrupts" qname="HplMsp430UsartInterrupts"/>
      </instance>
      <interface-parameters>
        <type-int alignment="I:1" cname="unsigned char" size="I:1" unsigned="">
          <typename><typedef-ref name="uint8_t" ref="0x7f87e0c43160"/></typename>
        </type-int>
      </interface-parameters>
      <interface-functions>
        <function-ref name="rxDone" ref="0x7f87df2ec6f0" scoped=""/>
        <function-ref name="txDone" ref="0x7f87df2ec880" scoped=""/>
      </interface-functions>
    </interface><interface loc="53:/opt/tinyos-2.1.2/tos/chips/msp430/usart/Msp430UartP.nc" name="Leds" provided="0" ref="0x7f87df2e8020">
      <component-ref nicename="tos.chips.msp430.usart.Msp430UartP" qname="Msp430UartP"/>
      <type-interface alignment="I:2" size="I:2"><interface-ref name="Leds" ref="0x7f87df2e8020" scoped=""/></type-interface>
      <instance>
        <interfacedef-ref nicename="tos.interfaces.Leds" qname="Leds"/>
      </instance>
      <interface-functions>
        <function-ref name="led0Off" ref="0x7f87df2e83a0" scoped=""/>
        <function-ref name="led0Toggle" ref="0x7f87df2e8530" scoped=""/>
        <function-ref name="led1On" ref="0x7f87df2e86c0" scoped=""/>
        <function-ref name="led1Toggle" ref="0x7f87df2e8850" scoped=""/>
        <function-ref name="led2Toggle" ref="0x7f87df2e89e0" scoped=""/>
        <function-ref name="get" ref="0x7f87df2e8b70" scoped=""/>
        <function-ref name="led1Off" ref="0x7f87df2e8d00" scoped=""/>
        <function-ref name="led2Off" ref="0x7f87df2e74d0" scoped=""/>
        <function-ref name="set" ref="0x7f87df2e7020" scoped=""/>
        <function-ref name="led0On" ref="0x7f87df2e71b0" scoped=""/>
        <function-ref name="led2On" ref="0x7f87df2e7340" scoped=""/>
      </interface-functions>
    </interface></specification><referenced/></component>