<?xml version="1.0" ?><component loc="43:/opt/tinyos-2.1.2/tos/chips/msp430/timer/HilTimerMilliC.nc" nicename="tos.chips.msp430.timer.HilTimerMilliC" qname="HilTimerMilliC">
      <documentation loc="33:/opt/tinyos-2.1.2/tos/chips/msp430/timer/HilTimerMilliC.nc">
        <short>
 HilTimerMilliC provides a parameterized interface to a virtualized
 millisecond timer.</short>
        <long>
 HilTimerMilliC provides a parameterized interface to a virtualized
 millisecond timer.  TimerMilliC in tos/system/ uses this component to
 allocate new timers.

 @author Cory Sharp &lt;cssharp@eecs.berkeley.edu&gt;
 @see  Please refer to TEP 102 for more information about this component and its
          intended use.
</long>
      </documentation>
      <configuration/>
      <wiring>
        <wire loc="58:/opt/tinyos-2.1.2/tos/chips/msp430/timer/HilTimerMilliC.nc">
          <from><interface-ref name="TimerMilli" ref="0x7f87df7ba1d0" scoped=""/></from>
          <to><interface-ref name="Timer" ref="0x7f87df643150" scoped=""/></to>
        </wire>
        <wire loc="59:/opt/tinyos-2.1.2/tos/chips/msp430/timer/HilTimerMilliC.nc">
          <from><interface-ref name="LocalTime" ref="0x7f87df7b2a80" scoped=""/></from>
          <to><interface-ref name="LocalTime" ref="0x7f87df635790" scoped=""/></to>
        </wire>
        <wire loc="57:/opt/tinyos-2.1.2/tos/chips/msp430/timer/HilTimerMilliC.nc">
          <from><interface-ref name="Init" ref="0x7f87df7bb400" scoped=""/></from>
          <to><interface-ref name="Init" ref="0x7f87df6bf020" scoped=""/></to>
        </wire>
        <wire loc="61:/opt/tinyos-2.1.2/tos/chips/msp430/timer/HilTimerMilliC.nc">
          <from><interface-ref name="TimerFrom" ref="0x7f87df63d640" scoped=""/></from>
          <to><interface-ref name="Timer" ref="0x7f87df6932f0" scoped=""/></to>
        </wire>
        <wire loc="62:/opt/tinyos-2.1.2/tos/chips/msp430/timer/HilTimerMilliC.nc">
          <from><interface-ref name="Alarm" ref="0x7f87df68d850" scoped=""/></from>
          <to><interface-ref name="Alarm" ref="0x7f87df6bf870" scoped=""/></to>
        </wire>
        <wire loc="63:/opt/tinyos-2.1.2/tos/chips/msp430/timer/HilTimerMilliC.nc">
          <from><interface-ref name="Counter" ref="0x7f87df634a60" scoped=""/></from>
          <to><interface-ref name="Counter" ref="0x7f87df7388c0" scoped=""/></to>
        </wire>
      </wiring>
    <specification><interface loc="46:/opt/tinyos-2.1.2/tos/chips/msp430/timer/HilTimerMilliC.nc" name="TimerMilli" provided="1" ref="0x7f87df7ba1d0">
      <component-ref nicename="tos.chips.msp430.timer.HilTimerMilliC" qname="HilTimerMilliC"/>
      <type-interface alignment="I:2" size="I:2"><interface-ref name="TimerMilli" ref="0x7f87df7ba1d0" scoped=""/></type-interface>
      <instance>
        <interfacedef-ref nicename="tos.lib.timer.Timer" qname="Timer"/>
        <arguments>
          <type-tag alignment="I:2" size="I:2"><struct-ref ref="0x7f87dfca8ec0"/>
            <typename><typedef-ref name="TMilli" ref="0x7f87dfacd260"/></typename>
          </type-tag>
        </arguments>
      </instance>
      <interface-parameters>
        <type-int alignment="I:1" cname="unsigned char" size="I:1" unsigned="">
          <typename><typedef-ref name="uint8_t" ref="0x7f87e0c43160"/></typename>
        </type-int>
      </interface-parameters>
      <interface-functions>
        <function-ref name="getNow" ref="0x7f87df7b7630" scoped=""/>
        <function-ref name="fired" ref="0x7f87df7b9c30" scoped=""/>
        <function-ref name="startPeriodicAt" ref="0x7f87df7b89d0" scoped=""/>
        <function-ref name="isOneShot" ref="0x7f87df7b8550" scoped=""/>
        <function-ref name="getdt" ref="0x7f87df7b5020" scoped=""/>
        <function-ref name="gett0" ref="0x7f87df7b7ab0" scoped=""/>
        <function-ref name="isRunning" ref="0x7f87df7b80d0" scoped=""/>
        <function-ref name="startPeriodic" ref="0x7f87df7badc0" scoped=""/>
        <function-ref name="startOneShotAt" ref="0x7f87df7b7020" scoped=""/>
        <function-ref name="startOneShot" ref="0x7f87df7b92e0" scoped=""/>
        <function-ref name="stop" ref="0x7f87df7b97b0" scoped=""/>
      </interface-functions>
    </interface><interface loc="47:/opt/tinyos-2.1.2/tos/chips/msp430/timer/HilTimerMilliC.nc" name="LocalTime" provided="1" ref="0x7f87df7b2a80">
      <component-ref nicename="tos.chips.msp430.timer.HilTimerMilliC" qname="HilTimerMilliC"/>
      <type-interface alignment="I:2" size="I:2"><interface-ref name="LocalTime" ref="0x7f87df7b2a80" scoped=""/></type-interface>
      <instance>
        <interfacedef-ref nicename="tos.lib.timer.LocalTime" qname="LocalTime"/>
        <arguments>
          <type-tag alignment="I:2" size="I:2"><struct-ref ref="0x7f87dfca8ec0"/>
            <typename><typedef-ref name="TMilli" ref="0x7f87dfacd260"/></typename>
          </type-tag>
        </arguments>
      </instance>
      <interface-functions>
        <function-ref name="get" ref="0x7f87df7b46f0" scoped=""/>
      </interface-functions>
    </interface><interface loc="45:/opt/tinyos-2.1.2/tos/chips/msp430/timer/HilTimerMilliC.nc" name="Init" provided="1" ref="0x7f87df7bb400">
      <component-ref nicename="tos.chips.msp430.timer.HilTimerMilliC" qname="HilTimerMilliC"/>
      <type-interface alignment="I:2" size="I:2"><interface-ref name="Init" ref="0x7f87df7bb400" scoped=""/></type-interface>
      <instance>
        <interfacedef-ref nicename="tos.interfaces.Init" qname="Init"/>
      </instance>
      <interface-functions>
        <function-ref name="init" ref="0x7f87df7bb780" scoped=""/>
      </interface-functions>
    </interface></specification><referenced><interface loc="49:/opt/tinyos-2.1.2/tos/lib/timer/AlarmToTimerC.nc" name="Alarm" provided="0" ref="0x7f87df68d850">
      <component-ref nicename="tos.lib.timer.AlarmToTimerC" qname="HilTimerMilliC.AlarmToTimerC"/>
      <type-interface alignment="I:2" size="I:2"><interface-ref name="Alarm" ref="0x7f87df68d850" scoped=""/></type-interface>
      <instance>
        <interfacedef-ref nicename="tos.lib.timer.Alarm" qname="Alarm"/>
        <arguments>
          <type-tag alignment="I:2" size="I:2"><struct-ref ref="0x7f87dfca8ec0"/>
            <typename><typedef-ref name="TMilli" ref="0x7f87dfacd260"/></typename>
          </type-tag>
          <type-int alignment="I:2" cname="unsigned long" size="I:4" unsigned="">
            <typename><typedef-ref name="uint32_t" ref="0x7f87e0c43920"/></typename>
          </type-int>
        </arguments>
      </instance>
      <interface-functions>
        <function-ref name="getNow" ref="0x7f87df68a090" scoped=""/>
        <function-ref name="fired" ref="0x7f87df68b090" scoped=""/>
        <function-ref name="startAt" ref="0x7f87df68ba10" scoped=""/>
        <function-ref name="isRunning" ref="0x7f87df68b550" scoped=""/>
        <function-ref name="getAlarm" ref="0x7f87df68a550" scoped=""/>
        <function-ref name="start" ref="0x7f87df68c6a0" scoped=""/>
        <function-ref name="stop" ref="0x7f87df68cbb0" scoped=""/>
      </interface-functions>
    </interface><interface loc="48:/opt/tinyos-2.1.2/tos/lib/timer/AlarmToTimerC.nc" name="Timer" provided="1" ref="0x7f87df6932f0">
      <component-ref nicename="tos.lib.timer.AlarmToTimerC" qname="HilTimerMilliC.AlarmToTimerC"/>
      <type-interface alignment="I:2" size="I:2"><interface-ref name="Timer" ref="0x7f87df6932f0" scoped=""/></type-interface>
      <instance>
        <interfacedef-ref nicename="tos.lib.timer.Timer" qname="Timer"/>
        <arguments>
          <type-tag alignment="I:2" size="I:2"><struct-ref ref="0x7f87dfca8ec0"/>
            <typename><typedef-ref name="TMilli" ref="0x7f87dfacd260"/></typename>
          </type-tag>
        </arguments>
      </instance>
      <interface-functions>
        <function-ref name="getNow" ref="0x7f87df68f870" scoped=""/>
        <function-ref name="fired" ref="0x7f87df691e40" scoped=""/>
        <function-ref name="startPeriodicAt" ref="0x7f87df690c00" scoped=""/>
        <function-ref name="isOneShot" ref="0x7f87df690780" scoped=""/>
        <function-ref name="getdt" ref="0x7f87df68d1e0" scoped=""/>
        <function-ref name="gett0" ref="0x7f87df68fcf0" scoped=""/>
        <function-ref name="isRunning" ref="0x7f87df690300" scoped=""/>
        <function-ref name="startPeriodic" ref="0x7f87df691020" scoped=""/>
        <function-ref name="startOneShotAt" ref="0x7f87df68f260" scoped=""/>
        <function-ref name="startOneShot" ref="0x7f87df6914f0" scoped=""/>
        <function-ref name="stop" ref="0x7f87df6919c0" scoped=""/>
      </interface-functions>
    </interface><interface loc="43:/opt/tinyos-2.1.2/tos/chips/msp430/timer/CounterMilli32C.nc" name="Counter" provided="1" ref="0x7f87df7388c0">
      <component-ref nicename="tos.chips.msp430.timer.CounterMilli32C" qname="CounterMilli32C"/>
      <type-interface alignment="I:2" size="I:2"><interface-ref name="Counter" ref="0x7f87df7388c0" scoped=""/></type-interface>
      <instance>
        <interfacedef-ref nicename="tos.lib.timer.Counter" qname="Counter"/>
        <arguments>
          <type-tag alignment="I:2" size="I:2"><struct-ref ref="0x7f87dfca8ec0"/>
            <typename><typedef-ref name="TMilli" ref="0x7f87dfacd260"/></typename>
          </type-tag>
          <type-int alignment="I:2" cname="unsigned long" size="I:4" unsigned="">
            <typename><typedef-ref name="uint32_t" ref="0x7f87e0c43920"/></typename>
          </type-int>
        </arguments>
      </instance>
      <interface-functions>
        <function-ref name="get" ref="0x7f87df73d700" scoped=""/>
        <function-ref name="clearOverflow" ref="0x7f87df73c0d0" scoped=""/>
        <function-ref name="isOverflowPending" ref="0x7f87df73dbc0" scoped=""/>
        <function-ref name="overflow" ref="0x7f87df73c590" scoped=""/>
      </interface-functions>
    </interface><interface loc="43:/opt/tinyos-2.1.2/tos/chips/msp430/timer/AlarmMilli32C.nc" name="Init" provided="1" ref="0x7f87df6bf020">
      <component-ref nicename="tos.chips.msp430.timer.AlarmMilli32C" qname="HilTimerMilliC.AlarmMilli32C"/>
      <type-interface alignment="I:2" size="I:2"><interface-ref name="Init" ref="0x7f87df6bf020" scoped=""/></type-interface>
      <instance>
        <interfacedef-ref nicename="tos.interfaces.Init" qname="Init"/>
      </instance>
      <interface-functions>
        <function-ref name="init" ref="0x7f87df6bf3a0" scoped=""/>
      </interface-functions>
    </interface><interface loc="49:/opt/tinyos-2.1.2/tos/lib/timer/CounterToLocalTimeC.nc" name="Counter" provided="0" ref="0x7f87df634a60">
      <component-ref nicename="tos.lib.timer.CounterToLocalTimeC" qname="HilTimerMilliC.CounterToLocalTimeC"/>
      <type-interface alignment="I:2" size="I:2"><interface-ref name="Counter" ref="0x7f87df634a60" scoped=""/></type-interface>
      <instance>
        <interfacedef-ref nicename="tos.lib.timer.Counter" qname="Counter"/>
        <arguments>
          <type-tag alignment="I:2" size="I:2"><struct-ref ref="0x7f87dfca8ec0"/>
            <typename><typedef-ref name="TMilli" ref="0x7f87dfacd260"/></typename>
          </type-tag>
          <type-int alignment="I:2" cname="unsigned long" size="I:4" unsigned="">
            <typename><typedef-ref name="uint32_t" ref="0x7f87e0c43920"/></typename>
          </type-int>
        </arguments>
      </instance>
      <interface-functions>
        <function-ref name="get" ref="0x7f87df62a890" scoped=""/>
        <function-ref name="clearOverflow" ref="0x7f87df629260" scoped=""/>
        <function-ref name="isOverflowPending" ref="0x7f87df62ad50" scoped=""/>
        <function-ref name="overflow" ref="0x7f87df629720" scoped=""/>
      </interface-functions>
    </interface><interface loc="49:/opt/tinyos-2.1.2/tos/lib/timer/VirtualizeTimerC.nc" name="TimerFrom" provided="0" ref="0x7f87df63d640">
      <component-ref nicename="tos.lib.timer.VirtualizeTimerC" qname="HilTimerMilliC.VirtualizeTimerC"/>
      <type-interface alignment="I:2" size="I:2"><interface-ref name="TimerFrom" ref="0x7f87df63d640" scoped=""/></type-interface>
      <instance>
        <interfacedef-ref nicename="tos.lib.timer.Timer" qname="Timer"/>
        <arguments>
          <type-tag alignment="I:2" size="I:2"><struct-ref ref="0x7f87dfca8ec0"/>
            <typename><typedef-ref name="TMilli" ref="0x7f87dfacd260"/></typename>
          </type-tag>
        </arguments>
      </instance>
      <interface-functions>
        <function-ref name="getNow" ref="0x7f87df63ac40" scoped=""/>
        <function-ref name="fired" ref="0x7f87df63b1e0" scoped=""/>
        <function-ref name="startPeriodicAt" ref="0x7f87df63a020" scoped=""/>
        <function-ref name="isOneShot" ref="0x7f87df63bae0" scoped=""/>
        <function-ref name="getdt" ref="0x7f87df638590" scoped=""/>
        <function-ref name="gett0" ref="0x7f87df638110" scoped=""/>
        <function-ref name="isRunning" ref="0x7f87df63b660" scoped=""/>
        <function-ref name="startPeriodic" ref="0x7f87df63c390" scoped=""/>
        <function-ref name="startOneShotAt" ref="0x7f87df63a630" scoped=""/>
        <function-ref name="startOneShot" ref="0x7f87df63c860" scoped=""/>
        <function-ref name="stop" ref="0x7f87df63cd30" scoped=""/>
      </interface-functions>
    </interface><interface loc="44:/opt/tinyos-2.1.2/tos/chips/msp430/timer/AlarmMilli32C.nc" name="Alarm" provided="1" ref="0x7f87df6bf870">
      <component-ref nicename="tos.chips.msp430.timer.AlarmMilli32C" qname="HilTimerMilliC.AlarmMilli32C"/>
      <type-interface alignment="I:2" size="I:2"><interface-ref name="Alarm" ref="0x7f87df6bf870" scoped=""/></type-interface>
      <instance>
        <interfacedef-ref nicename="tos.lib.timer.Alarm" qname="Alarm"/>
        <arguments>
          <type-tag alignment="I:2" size="I:2"><struct-ref ref="0x7f87dfca8ec0"/>
            <typename><typedef-ref name="TMilli" ref="0x7f87dfacd260"/></typename>
          </type-tag>
          <type-int alignment="I:2" cname="unsigned long" size="I:4" unsigned="">
            <typename><typedef-ref name="uint32_t" ref="0x7f87e0c43920"/></typename>
          </type-int>
        </arguments>
      </instance>
      <interface-functions>
        <function-ref name="getNow" ref="0x7f87df6bb090" scoped=""/>
        <function-ref name="fired" ref="0x7f87df6bc090" scoped=""/>
        <function-ref name="startAt" ref="0x7f87df6bca10" scoped=""/>
        <function-ref name="isRunning" ref="0x7f87df6bc550" scoped=""/>
        <function-ref name="getAlarm" ref="0x7f87df6bb550" scoped=""/>
        <function-ref name="start" ref="0x7f87df6be6a0" scoped=""/>
        <function-ref name="stop" ref="0x7f87df6bebb0" scoped=""/>
      </interface-functions>
    </interface><interface loc="48:/opt/tinyos-2.1.2/tos/lib/timer/VirtualizeTimerC.nc" name="Timer" provided="1" ref="0x7f87df643150">
      <component-ref nicename="tos.lib.timer.VirtualizeTimerC" qname="HilTimerMilliC.VirtualizeTimerC"/>
      <type-interface alignment="I:2" size="I:2"><interface-ref name="Timer" ref="0x7f87df643150" scoped=""/></type-interface>
      <instance>
        <interfacedef-ref nicename="tos.lib.timer.Timer" qname="Timer"/>
        <arguments>
          <type-tag alignment="I:2" size="I:2"><struct-ref ref="0x7f87dfca8ec0"/>
            <typename><typedef-ref name="TMilli" ref="0x7f87dfacd260"/></typename>
          </type-tag>
        </arguments>
      </instance>
      <interface-parameters>
        <type-int alignment="I:1" cname="unsigned char" size="I:1" unsigned="">
          <typename><typedef-ref name="uint8_t" ref="0x7f87e0c43160"/></typename>
        </type-int>
      </interface-parameters>
      <interface-functions>
        <function-ref name="getNow" ref="0x7f87df63f700" scoped=""/>
        <function-ref name="fired" ref="0x7f87df642c30" scoped=""/>
        <function-ref name="startPeriodicAt" ref="0x7f87df641a50" scoped=""/>
        <function-ref name="isOneShot" ref="0x7f87df6415b0" scoped=""/>
        <function-ref name="getdt" ref="0x7f87df63d090" scoped=""/>
        <function-ref name="gett0" ref="0x7f87df63fba0" scoped=""/>
        <function-ref name="isRunning" ref="0x7f87df641110" scoped=""/>
        <function-ref name="startPeriodic" ref="0x7f87df643d60" scoped=""/>
        <function-ref name="startOneShotAt" ref="0x7f87df63f0d0" scoped=""/>
        <function-ref name="startOneShot" ref="0x7f87df6422a0" scoped=""/>
        <function-ref name="stop" ref="0x7f87df642790" scoped=""/>
      </interface-functions>
    </interface><interface loc="48:/opt/tinyos-2.1.2/tos/lib/timer/CounterToLocalTimeC.nc" name="LocalTime" provided="1" ref="0x7f87df635790">
      <component-ref nicename="tos.lib.timer.CounterToLocalTimeC" qname="HilTimerMilliC.CounterToLocalTimeC"/>
      <type-interface alignment="I:2" size="I:2"><interface-ref name="LocalTime" ref="0x7f87df635790" scoped=""/></type-interface>
      <instance>
        <interfacedef-ref nicename="tos.lib.timer.LocalTime" qname="LocalTime"/>
        <arguments>
          <type-tag alignment="I:2" size="I:2"><struct-ref ref="0x7f87dfca8ec0"/>
            <typename><typedef-ref name="TMilli" ref="0x7f87dfacd260"/></typename>
          </type-tag>
        </arguments>
      </instance>
      <interface-functions>
        <function-ref name="get" ref="0x7f87df6343f0" scoped=""/>
      </interface-functions>
    </interface><component loc="46(HilTimerMilliC.AlarmToTimerC):/opt/tinyos-2.1.2/tos/lib/timer/AlarmToTimerC.nc" nicename="tos.lib.timer.AlarmToTimerC" qname="HilTimerMilliC.AlarmToTimerC">
      <documentation loc="36:/opt/tinyos-2.1.2/tos/lib/timer/AlarmToTimerC.nc">
        <short>
 AlarmToTimerC converts a 32-bit Alarm to a Timer.</short>
        <long>
 AlarmToTimerC converts a 32-bit Alarm to a Timer.  

 &lt;p&gt;See TEP102 for more details.
 @param precision_tag A type indicating the precision of the Alarm and
 Timer being converted.

 @author Cory Sharp &lt;cssharp@eecs.berkeley.edu&gt;
</long>
      </documentation>
      <instance number="0">
        <component-ref nicename="tos.lib.timer.AlarmToTimerC" qname="AlarmToTimerC"/>
        <arguments>
          <type-tag alignment="I:2" size="I:2"><struct-ref ref="0x7f87dfca8ec0"/>
            <typename><typedef-ref name="TMilli" ref="0x7f87dfacd260"/></typename>
          </type-tag>
        </arguments>
      </instance>
      <module/>
    </component><component loc="46(HilTimerMilliC.CounterToLocalTimeC):/opt/tinyos-2.1.2/tos/lib/timer/CounterToLocalTimeC.nc" nicename="tos.lib.timer.CounterToLocalTimeC" qname="HilTimerMilliC.CounterToLocalTimeC">
      <documentation loc="36:/opt/tinyos-2.1.2/tos/lib/timer/CounterToLocalTimeC.nc">
        <short>
 CounterToLocalTimeC converts a 32-bit LocalTime to a Counter.</short>
        <long>
 CounterToLocalTimeC converts a 32-bit LocalTime to a Counter.  

 &lt;p&gt;See TEP102 for more details.
 @param precision_tag A type indicating the precision of the LocalTime and
 Counter being converted.

 @author Cory Sharp &lt;cssharp@eecs.berkeley.edu&gt;
</long>
      </documentation>
      <instance number="0">
        <component-ref nicename="tos.lib.timer.CounterToLocalTimeC" qname="CounterToLocalTimeC"/>
        <arguments>
          <type-tag alignment="I:2" size="I:2"><struct-ref ref="0x7f87dfca8ec0"/>
            <typename><typedef-ref name="TMilli" ref="0x7f87dfacd260"/></typename>
          </type-tag>
        </arguments>
      </instance>
      <module/>
    </component><component loc="41:/opt/tinyos-2.1.2/tos/chips/msp430/timer/CounterMilli32C.nc" nicename="tos.chips.msp430.timer.CounterMilli32C" qname="CounterMilli32C">
      <documentation loc="33:/opt/tinyos-2.1.2/tos/chips/msp430/timer/CounterMilli32C.nc">
        <short>
 CounterMilli32C provides at 32-bit counter at 1024 ticks per second.</short>
        <long>
 CounterMilli32C provides at 32-bit counter at 1024 ticks per second.

 @author Cory Sharp &lt;cssharp@eecs.berkeley.edu&gt;
 @see  Please refer to TEP 102 for more information about this component and its
          intended use.
</long>
      </documentation>
      <configuration/>
      <wiring>
        <wire loc="50:/opt/tinyos-2.1.2/tos/chips/msp430/timer/CounterMilli32C.nc">
          <from><interface-ref name="Counter" ref="0x7f87df7388c0" scoped=""/></from>
          <to><interface-ref name="Counter" ref="0x7f87df71bcf0" scoped=""/></to>
        </wire>
        <wire loc="52:/opt/tinyos-2.1.2/tos/chips/msp430/timer/CounterMilli32C.nc">
          <from><interface-ref name="CounterFrom" ref="0x7f87df6fd0f0" scoped=""/></from>
          <to><interface-ref name="Msp430Counter32khz" ref="0x7f87df7378e0" scoped=""/></to>
        </wire>
      </wiring>
    </component><component loc="41(HilTimerMilliC.AlarmMilli32C):/opt/tinyos-2.1.2/tos/chips/msp430/timer/AlarmMilli32C.nc" nicename="tos.chips.msp430.timer.AlarmMilli32C" qname="HilTimerMilliC.AlarmMilli32C">
      <documentation loc="33:/opt/tinyos-2.1.2/tos/chips/msp430/timer/AlarmMilli32C.nc">
        <short>
 AlarmMilliC is the alarm for async millisecond alarms

 </short>
        <long>
 AlarmMilliC is the alarm for async millisecond alarms

 @author Cory Sharp &lt;cssharp@eecs.berkeley.edu&gt;
 @see  Please refer to TEP 102 for more information about this component and its
          intended use.
</long>
      </documentation>
      <instance number="0">
        <component-ref nicename="tos.chips.msp430.timer.AlarmMilli32C" qname="AlarmMilli32C"/>
      </instance>
      <configuration/>
      <wiring>
        <wire loc="53:/opt/tinyos-2.1.2/tos/chips/msp430/timer/AlarmMilli32C.nc">
          <from><interface-ref name="Alarm" ref="0x7f87df6bf870" scoped=""/></from>
          <to><interface-ref name="Alarm" ref="0x7f87deb9a890" scoped=""/></to>
        </wire>
        <wire loc="52:/opt/tinyos-2.1.2/tos/chips/msp430/timer/AlarmMilli32C.nc">
          <from><interface-ref name="Init" ref="0x7f87df6bf020" scoped=""/></from>
          <to><interface-ref name="Init" ref="0x7f87deba1c40" scoped=""/></to>
        </wire>
        <wire loc="55:/opt/tinyos-2.1.2/tos/chips/msp430/timer/AlarmMilli32C.nc">
          <from><interface-ref name="AlarmFrom" ref="0x7f87deb920a0" scoped=""/></from>
          <to><interface-ref name="Alarm" ref="0x7f87deb9f4f0" scoped=""/></to>
        </wire>
        <wire loc="56:/opt/tinyos-2.1.2/tos/chips/msp430/timer/AlarmMilli32C.nc">
          <from><interface-ref name="Counter" ref="0x7f87deb96c00" scoped=""/></from>
          <to><interface-ref name="Counter" ref="0x7f87df7388c0" scoped=""/></to>
        </wire>
      </wiring>
    </component><component loc="46(HilTimerMilliC.VirtualizeTimerC):/opt/tinyos-2.1.2/tos/lib/timer/VirtualizeTimerC.nc" nicename="tos.lib.timer.VirtualizeTimerC" qname="HilTimerMilliC.VirtualizeTimerC">
      <documentation loc="34:/opt/tinyos-2.1.2/tos/lib/timer/VirtualizeTimerC.nc">
        <short>
 VirtualizeTimerC uses a single Timer to create up to 255 virtual timers.</short>
        <long>
 VirtualizeTimerC uses a single Timer to create up to 255 virtual timers.

 &lt;p&gt;See TEP102 for more details.

 @param precision_tag A type indicating the precision of the Timer being 
   virtualized.
 @param max_timers Number of virtual timers to create.

 @author Cory Sharp &lt;cssharp@eecs.berkeley.edu&gt;
</long>
      </documentation>
      <instance number="0">
        <component-ref nicename="tos.lib.timer.VirtualizeTimerC" qname="VirtualizeTimerC"/>
        <arguments>
          <type-tag alignment="I:2" size="I:2"><struct-ref ref="0x7f87dfca8ec0"/>
            <typename><typedef-ref name="TMilli" ref="0x7f87dfacd260"/></typename>
          </type-tag>
          <value cst="I:3">
            <type-int alignment="I:2" cname="unsigned int" size="I:2" unsigned=""/>
          </value>
        </arguments>
      </instance>
      <module/>
    </component></referenced></component>