<?xml version="1.0" ?><component loc="3:/opt/tinyos-2.1.2/tos/platforms/telosa/PlatformP.nc" nicename="tos.platforms.telosa.PlatformP" qname="PlatformP" safe="">
      <module/>
    <specification><interface loc="6:/opt/tinyos-2.1.2/tos/platforms/telosa/PlatformP.nc" name="MoteInit" provided="0" ref="0x7f87dfc9ee10">
      <component-ref nicename="tos.platforms.telosa.PlatformP" qname="PlatformP"/>
      <type-interface alignment="I:2" size="I:2"><interface-ref name="MoteInit" ref="0x7f87dfc9ee10" scoped=""/></type-interface>
      <instance>
        <interfacedef-ref nicename="tos.interfaces.Init" qname="Init"/>
      </instance>
      <interface-functions>
        <function-ref name="init" ref="0x7f87dfc9d1c0" scoped=""/>
      </interface-functions>
    </interface><interface loc="4:/opt/tinyos-2.1.2/tos/platforms/telosa/PlatformP.nc" name="Init" provided="1" ref="0x7f87dfc9e020">
      <component-ref nicename="tos.platforms.telosa.PlatformP" qname="PlatformP"/>
      <type-interface alignment="I:2" size="I:2"><interface-ref name="Init" ref="0x7f87dfc9e020" scoped=""/></type-interface>
      <instance>
        <interfacedef-ref nicename="tos.interfaces.Init" qname="Init"/>
      </instance>
      <interface-functions>
        <function-ref name="init" ref="0x7f87dfc9e3a0" scoped=""/>
      </interface-functions>
    </interface><interface loc="5:/opt/tinyos-2.1.2/tos/platforms/telosa/PlatformP.nc" name="MoteClockInit" provided="0" ref="0x7f87dfc9e730">
      <component-ref nicename="tos.platforms.telosa.PlatformP" qname="PlatformP"/>
      <type-interface alignment="I:2" size="I:2"><interface-ref name="MoteClockInit" ref="0x7f87dfc9e730" scoped=""/></type-interface>
      <instance>
        <interfacedef-ref nicename="tos.interfaces.Init" qname="Init"/>
      </instance>
      <interface-functions>
        <function-ref name="init" ref="0x7f87dfc9eab0" scoped=""/>
      </interface-functions>
    </interface><interface loc="7:/opt/tinyos-2.1.2/tos/platforms/telosa/PlatformP.nc" name="LedsInit" provided="0" ref="0x7f87dfc9d520">
      <component-ref nicename="tos.platforms.telosa.PlatformP" qname="PlatformP"/>
      <type-interface alignment="I:2" size="I:2"><interface-ref name="LedsInit" ref="0x7f87dfc9d520" scoped=""/></type-interface>
      <instance>
        <interfacedef-ref nicename="tos.interfaces.Init" qname="Init"/>
      </instance>
      <interface-functions>
        <function-ref name="init" ref="0x7f87dfc9d8a0" scoped=""/>
      </interface-functions>
    </interface></specification><referenced/></component>