<?xml version="1.0" ?><component abstract="" loc="37:/opt/tinyos-2.1.2/tos/chips/msp430/timer/Msp430Timer32khzC.nc" nicename="tos.chips.msp430.timer.Msp430Timer32khzC" qname="Msp430Timer32khzC">
      <documentation loc="33:/opt/tinyos-2.1.2/tos/chips/msp430/timer/Msp430Timer32khzC.nc">
        <short>
 </short>
        <long>
 @author Cory Sharp &lt;cssharp@eecs.berkeley.edu&gt;
</long>
      </documentation>
      <parameters>
      </parameters>
      <configuration/>
      <wiring>
        <wire loc="51:/opt/tinyos-2.1.2/tos/chips/msp430/timer/Msp430Timer32khzC.nc">
          <from><interface-ref name="Msp430Compare" ref="0x7f87df7977f0" scoped=""/></from>
          <to><interface-ref name="Msp430Compare" ref="0x7f87df78e020" scoped=""/>
          <arguments>
            <value cst="U:">
              <type-int alignment="I:2" cname="int" size="I:2"/>
            </value>
          </arguments>
          </to>
        </wire>
        <wire loc="49:/opt/tinyos-2.1.2/tos/chips/msp430/timer/Msp430Timer32khzC.nc">
          <from><interface-ref name="Msp430Timer" ref="0x7f87df79cbf0" scoped=""/></from>
          <to><interface-ref name="Msp430Timer" ref="0x7f87df7938b0" scoped=""/>
          <arguments>
            <value cst="U:">
              <type-int alignment="I:2" cname="int" size="I:2"/>
            </value>
          </arguments>
          </to>
        </wire>
        <wire loc="50:/opt/tinyos-2.1.2/tos/chips/msp430/timer/Msp430Timer32khzC.nc">
          <from><interface-ref name="Msp430TimerControl" ref="0x7f87df798370" scoped=""/></from>
          <to><interface-ref name="Msp430TimerControl" ref="0x7f87df790560" scoped=""/>
          <arguments>
            <value cst="U:">
              <type-int alignment="I:2" cname="int" size="I:2"/>
            </value>
          </arguments>
          </to>
        </wire>
      </wiring>
    <specification><interface loc="41:/opt/tinyos-2.1.2/tos/chips/msp430/timer/Msp430Timer32khzC.nc" name="Msp430Compare" provided="1" ref="0x7f87df7977f0">
      <component-ref nicename="tos.chips.msp430.timer.Msp430Timer32khzC" qname="Msp430Timer32khzC"/>
      <type-interface alignment="I:2" size="I:2"><interface-ref name="Msp430Compare" ref="0x7f87df7977f0" scoped=""/></type-interface>
      <instance>
        <interfacedef-ref nicename="tos.chips.msp430.timer.Msp430Compare" qname="Msp430Compare"/>
      </instance>
      <interface-functions>
        <function-ref name="getEvent" ref="0x7f87df797b70" scoped=""/>
        <function-ref name="setEvent" ref="0x7f87df797d00" scoped=""/>
        <function-ref name="setEventFromPrev" ref="0x7f87df796020" scoped=""/>
        <function-ref name="setEventFromNow" ref="0x7f87df7961b0" scoped=""/>
        <function-ref name="fired" ref="0x7f87df796340" scoped=""/>
      </interface-functions>
    </interface><interface loc="39:/opt/tinyos-2.1.2/tos/chips/msp430/timer/Msp430Timer32khzC.nc" name="Msp430Timer" provided="1" ref="0x7f87df79cbf0">
      <component-ref nicename="tos.chips.msp430.timer.Msp430Timer32khzC" qname="Msp430Timer32khzC"/>
      <type-interface alignment="I:2" size="I:2"><interface-ref name="Msp430Timer" ref="0x7f87df79cbf0" scoped=""/></type-interface>
      <instance>
        <interfacedef-ref nicename="tos.chips.msp430.timer.Msp430Timer" qname="Msp430Timer"/>
      </instance>
      <interface-functions>
        <function-ref name="clear" ref="0x7f87df799020" scoped=""/>
        <function-ref name="setClockSource" ref="0x7f87df7991b0" scoped=""/>
        <function-ref name="enableEvents" ref="0x7f87df799340" scoped=""/>
        <function-ref name="get" ref="0x7f87df7994d0" scoped=""/>
        <function-ref name="disableEvents" ref="0x7f87df799660" scoped=""/>
        <function-ref name="clearOverflow" ref="0x7f87df7997f0" scoped=""/>
        <function-ref name="getMode" ref="0x7f87df799980" scoped=""/>
        <function-ref name="isOverflowPending" ref="0x7f87df799b10" scoped=""/>
        <function-ref name="overflow" ref="0x7f87df799ca0" scoped=""/>
        <function-ref name="setMode" ref="0x7f87df799e30" scoped=""/>
        <function-ref name="setInputDivider" ref="0x7f87df798020" scoped=""/>
      </interface-functions>
    </interface><interface loc="40:/opt/tinyos-2.1.2/tos/chips/msp430/timer/Msp430Timer32khzC.nc" name="Msp430TimerControl" provided="1" ref="0x7f87df798370">
      <component-ref nicename="tos.chips.msp430.timer.Msp430Timer32khzC" qname="Msp430Timer32khzC"/>
      <type-interface alignment="I:2" size="I:2"><interface-ref name="Msp430TimerControl" ref="0x7f87df798370" scoped=""/></type-interface>
      <instance>
        <interfacedef-ref nicename="tos.chips.msp430.timer.Msp430TimerControl" qname="Msp430TimerControl"/>
      </instance>
      <interface-functions>
        <function-ref name="setControlAsCapture" ref="0x7f87df7986f0" scoped=""/>
        <function-ref name="getControl" ref="0x7f87df798880" scoped=""/>
        <function-ref name="enableEvents" ref="0x7f87df798a10" scoped=""/>
        <function-ref name="areEventsEnabled" ref="0x7f87df798ba0" scoped=""/>
        <function-ref name="setControlAsCompare" ref="0x7f87df798d30" scoped=""/>
        <function-ref name="disableEvents" ref="0x7f87df797020" scoped=""/>
        <function-ref name="isInterruptPending" ref="0x7f87df7971b0" scoped=""/>
        <function-ref name="clearPendingInterrupt" ref="0x7f87df797340" scoped=""/>
        <function-ref name="setControl" ref="0x7f87df7974d0" scoped=""/>
      </interface-functions>
    </interface></specification><referenced><interface loc="52:/opt/tinyos-2.1.2/tos/platforms/telosa/Msp430Timer32khzMapC.nc" name="Msp430Compare" provided="1" ref="0x7f87df78e020">
      <component-ref nicename="tos.platforms.telosa.Msp430Timer32khzMapC" qname="Msp430Timer32khzMapC"/>
      <type-interface alignment="I:2" size="I:2"><interface-ref name="Msp430Compare" ref="0x7f87df78e020" scoped=""/></type-interface>
      <instance>
        <interfacedef-ref nicename="tos.chips.msp430.timer.Msp430Compare" qname="Msp430Compare"/>
      </instance>
      <interface-parameters>
        <type-int alignment="I:1" cname="unsigned char" size="I:1" unsigned="">
          <typename><typedef-ref name="uint8_t" ref="0x7f87e0c43160"/></typename>
        </type-int>
      </interface-parameters>
      <interface-functions>
        <function-ref name="getEvent" ref="0x7f87df78e3a0" scoped=""/>
        <function-ref name="setEvent" ref="0x7f87df78e530" scoped=""/>
        <function-ref name="setEventFromPrev" ref="0x7f87df78e6c0" scoped=""/>
        <function-ref name="setEventFromNow" ref="0x7f87df78e850" scoped=""/>
        <function-ref name="fired" ref="0x7f87df78e9e0" scoped=""/>
      </interface-functions>
    </interface><interface loc="51:/opt/tinyos-2.1.2/tos/platforms/telosa/Msp430Timer32khzMapC.nc" name="Msp430TimerControl" provided="1" ref="0x7f87df790560">
      <component-ref nicename="tos.platforms.telosa.Msp430Timer32khzMapC" qname="Msp430Timer32khzMapC"/>
      <type-interface alignment="I:2" size="I:2"><interface-ref name="Msp430TimerControl" ref="0x7f87df790560" scoped=""/></type-interface>
      <instance>
        <interfacedef-ref nicename="tos.chips.msp430.timer.Msp430TimerControl" qname="Msp430TimerControl"/>
      </instance>
      <interface-parameters>
        <type-int alignment="I:1" cname="unsigned char" size="I:1" unsigned="">
          <typename><typedef-ref name="uint8_t" ref="0x7f87e0c43160"/></typename>
        </type-int>
      </interface-parameters>
      <interface-functions>
        <function-ref name="setControlAsCapture" ref="0x7f87df7908e0" scoped=""/>
        <function-ref name="getControl" ref="0x7f87df790a70" scoped=""/>
        <function-ref name="enableEvents" ref="0x7f87df790c00" scoped=""/>
        <function-ref name="areEventsEnabled" ref="0x7f87df790d90" scoped=""/>
        <function-ref name="setControlAsCompare" ref="0x7f87df78f020" scoped=""/>
        <function-ref name="disableEvents" ref="0x7f87df78f1b0" scoped=""/>
        <function-ref name="isInterruptPending" ref="0x7f87df78f340" scoped=""/>
        <function-ref name="clearPendingInterrupt" ref="0x7f87df78f4d0" scoped=""/>
        <function-ref name="setControl" ref="0x7f87df78f660" scoped=""/>
      </interface-functions>
    </interface><interface loc="50:/opt/tinyos-2.1.2/tos/platforms/telosa/Msp430Timer32khzMapC.nc" name="Msp430Timer" provided="1" ref="0x7f87df7938b0">
      <component-ref nicename="tos.platforms.telosa.Msp430Timer32khzMapC" qname="Msp430Timer32khzMapC"/>
      <type-interface alignment="I:2" size="I:2"><interface-ref name="Msp430Timer" ref="0x7f87df7938b0" scoped=""/></type-interface>
      <instance>
        <interfacedef-ref nicename="tos.chips.msp430.timer.Msp430Timer" qname="Msp430Timer"/>
      </instance>
      <interface-parameters>
        <type-int alignment="I:1" cname="unsigned char" size="I:1" unsigned="">
          <typename><typedef-ref name="uint8_t" ref="0x7f87e0c43160"/></typename>
        </type-int>
      </interface-parameters>
      <interface-functions>
        <function-ref name="clear" ref="0x7f87df793c30" scoped=""/>
        <function-ref name="setClockSource" ref="0x7f87df793dc0" scoped=""/>
        <function-ref name="enableEvents" ref="0x7f87df792020" scoped=""/>
        <function-ref name="get" ref="0x7f87df7921b0" scoped=""/>
        <function-ref name="disableEvents" ref="0x7f87df792340" scoped=""/>
        <function-ref name="clearOverflow" ref="0x7f87df7924d0" scoped=""/>
        <function-ref name="getMode" ref="0x7f87df792660" scoped=""/>
        <function-ref name="isOverflowPending" ref="0x7f87df7927f0" scoped=""/>
        <function-ref name="overflow" ref="0x7f87df792980" scoped=""/>
        <function-ref name="setMode" ref="0x7f87df792b10" scoped=""/>
        <function-ref name="setInputDivider" ref="0x7f87df792ca0" scoped=""/>
      </interface-functions>
    </interface><component loc="48:/opt/tinyos-2.1.2/tos/platforms/telosa/Msp430Timer32khzMapC.nc" nicename="tos.platforms.telosa.Msp430Timer32khzMapC" qname="Msp430Timer32khzMapC">
      <documentation loc="34:/opt/tinyos-2.1.2/tos/platforms/telosa/Msp430Timer32khzMapC.nc">
        <short>
 MSP430Timer32khzMapC presents as paramaterized interfaces all of
 the 32khz hardware timers on the MSP430 that are available for
 compile time allocation by &quot;new Alarm32khz16C()&quot;, &quot;new
 AlarmMilli32C()&quot;, and so on.</short>
        <long>
 MSP430Timer32khzMapC presents as paramaterized interfaces all of
 the 32khz hardware timers on the MSP430 that are available for
 compile time allocation by &quot;new Alarm32khz16C()&quot;, &quot;new
 AlarmMilli32C()&quot;, and so on.  

 Platforms based on the MSP430 are * encouraged to copy in and
 override this file, presenting only the * hardware timers that are
 available for allocation on that platform.

 @author Cory Sharp &lt;cssharp@eecs.berkeley.edu&gt;
 @version $Revision: 1.5 $ $Date: 2010-06-29 22:07:55 $
</long>
      </documentation>
      <configuration/>
      <wiring>
        <wire loc="58:/opt/tinyos-2.1.2/tos/platforms/telosa/Msp430Timer32khzMapC.nc">
          <from><interface-ref name="Msp430Timer" ref="0x7f87df7938b0" scoped=""/>
          <arguments>
            <value cst="I:0">
              <type-int alignment="I:2" cname="int" size="I:2"/>
            </value>
          </arguments>
          </from>
          <to><interface-ref name="TimerB" ref="0x7f87dfc12b70" scoped=""/></to>
        </wire>
        <wire loc="59:/opt/tinyos-2.1.2/tos/platforms/telosa/Msp430Timer32khzMapC.nc">
          <from><interface-ref name="Msp430TimerControl" ref="0x7f87df790560" scoped=""/>
          <arguments>
            <value cst="I:0">
              <type-int alignment="I:2" cname="int" size="I:2"/>
            </value>
          </arguments>
          </from>
          <to><interface-ref name="ControlB0" ref="0x7f87dfc10410" scoped=""/></to>
        </wire>
        <wire loc="60:/opt/tinyos-2.1.2/tos/platforms/telosa/Msp430Timer32khzMapC.nc">
          <from><interface-ref name="Msp430Compare" ref="0x7f87df78e020" scoped=""/>
          <arguments>
            <value cst="I:0">
              <type-int alignment="I:2" cname="int" size="I:2"/>
            </value>
          </arguments>
          </from>
          <to><interface-ref name="CompareB0" ref="0x7f87dfc06a20" scoped=""/></to>
        </wire>
        <wire loc="66:/opt/tinyos-2.1.2/tos/platforms/telosa/Msp430Timer32khzMapC.nc">
          <from><interface-ref name="Msp430Timer" ref="0x7f87df7938b0" scoped=""/>
          <arguments>
            <value cst="I:1">
              <type-int alignment="I:2" cname="int" size="I:2"/>
            </value>
          </arguments>
          </from>
          <to><interface-ref name="TimerB" ref="0x7f87dfc12b70" scoped=""/></to>
        </wire>
        <wire loc="67:/opt/tinyos-2.1.2/tos/platforms/telosa/Msp430Timer32khzMapC.nc">
          <from><interface-ref name="Msp430TimerControl" ref="0x7f87df790560" scoped=""/>
          <arguments>
            <value cst="I:1">
              <type-int alignment="I:2" cname="int" size="I:2"/>
            </value>
          </arguments>
          </from>
          <to><interface-ref name="ControlB2" ref="0x7f87dfc0d020" scoped=""/></to>
        </wire>
        <wire loc="68:/opt/tinyos-2.1.2/tos/platforms/telosa/Msp430Timer32khzMapC.nc">
          <from><interface-ref name="Msp430Compare" ref="0x7f87df78e020" scoped=""/>
          <arguments>
            <value cst="I:1">
              <type-int alignment="I:2" cname="int" size="I:2"/>
            </value>
          </arguments>
          </from>
          <to><interface-ref name="CompareB2" ref="0x7f87dfc04700" scoped=""/></to>
        </wire>
        <wire loc="70:/opt/tinyos-2.1.2/tos/platforms/telosa/Msp430Timer32khzMapC.nc">
          <from><interface-ref name="Msp430Timer" ref="0x7f87df7938b0" scoped=""/>
          <arguments>
            <value cst="I:2">
              <type-int alignment="I:2" cname="int" size="I:2"/>
            </value>
          </arguments>
          </from>
          <to><interface-ref name="TimerB" ref="0x7f87dfc12b70" scoped=""/></to>
        </wire>
        <wire loc="71:/opt/tinyos-2.1.2/tos/platforms/telosa/Msp430Timer32khzMapC.nc">
          <from><interface-ref name="Msp430TimerControl" ref="0x7f87df790560" scoped=""/>
          <arguments>
            <value cst="I:2">
              <type-int alignment="I:2" cname="int" size="I:2"/>
            </value>
          </arguments>
          </from>
          <to><interface-ref name="ControlB3" ref="0x7f87dfc0c5a0" scoped=""/></to>
        </wire>
        <wire loc="72:/opt/tinyos-2.1.2/tos/platforms/telosa/Msp430Timer32khzMapC.nc">
          <from><interface-ref name="Msp430Compare" ref="0x7f87df78e020" scoped=""/>
          <arguments>
            <value cst="I:2">
              <type-int alignment="I:2" cname="int" size="I:2"/>
            </value>
          </arguments>
          </from>
          <to><interface-ref name="CompareB3" ref="0x7f87dfc03570" scoped=""/></to>
        </wire>
        <wire loc="74:/opt/tinyos-2.1.2/tos/platforms/telosa/Msp430Timer32khzMapC.nc">
          <from><interface-ref name="Msp430Timer" ref="0x7f87df7938b0" scoped=""/>
          <arguments>
            <value cst="I:3">
              <type-int alignment="I:2" cname="int" size="I:2"/>
            </value>
          </arguments>
          </from>
          <to><interface-ref name="TimerB" ref="0x7f87dfc12b70" scoped=""/></to>
        </wire>
        <wire loc="75:/opt/tinyos-2.1.2/tos/platforms/telosa/Msp430Timer32khzMapC.nc">
          <from><interface-ref name="Msp430TimerControl" ref="0x7f87df790560" scoped=""/>
          <arguments>
            <value cst="I:3">
              <type-int alignment="I:2" cname="int" size="I:2"/>
            </value>
          </arguments>
          </from>
          <to><interface-ref name="ControlB4" ref="0x7f87dfc0aa50" scoped=""/></to>
        </wire>
        <wire loc="76:/opt/tinyos-2.1.2/tos/platforms/telosa/Msp430Timer32khzMapC.nc">
          <from><interface-ref name="Msp430Compare" ref="0x7f87df78e020" scoped=""/>
          <arguments>
            <value cst="I:3">
              <type-int alignment="I:2" cname="int" size="I:2"/>
            </value>
          </arguments>
          </from>
          <to><interface-ref name="CompareB4" ref="0x7f87dfc023e0" scoped=""/></to>
        </wire>
        <wire loc="78:/opt/tinyos-2.1.2/tos/platforms/telosa/Msp430Timer32khzMapC.nc">
          <from><interface-ref name="Msp430Timer" ref="0x7f87df7938b0" scoped=""/>
          <arguments>
            <value cst="I:4">
              <type-int alignment="I:2" cname="int" size="I:2"/>
            </value>
          </arguments>
          </from>
          <to><interface-ref name="TimerB" ref="0x7f87dfc12b70" scoped=""/></to>
        </wire>
        <wire loc="79:/opt/tinyos-2.1.2/tos/platforms/telosa/Msp430Timer32khzMapC.nc">
          <from><interface-ref name="Msp430TimerControl" ref="0x7f87df790560" scoped=""/>
          <arguments>
            <value cst="I:4">
              <type-int alignment="I:2" cname="int" size="I:2"/>
            </value>
          </arguments>
          </from>
          <to><interface-ref name="ControlB5" ref="0x7f87dfc08020" scoped=""/></to>
        </wire>
        <wire loc="80:/opt/tinyos-2.1.2/tos/platforms/telosa/Msp430Timer32khzMapC.nc">
          <from><interface-ref name="Msp430Compare" ref="0x7f87df78e020" scoped=""/>
          <arguments>
            <value cst="I:4">
              <type-int alignment="I:2" cname="int" size="I:2"/>
            </value>
          </arguments>
          </from>
          <to><interface-ref name="CompareB5" ref="0x7f87dfc011f0" scoped=""/></to>
        </wire>
        <wire loc="82:/opt/tinyos-2.1.2/tos/platforms/telosa/Msp430Timer32khzMapC.nc">
          <from><interface-ref name="Msp430Timer" ref="0x7f87df7938b0" scoped=""/>
          <arguments>
            <value cst="I:5">
              <type-int alignment="I:2" cname="int" size="I:2"/>
            </value>
          </arguments>
          </from>
          <to><interface-ref name="TimerB" ref="0x7f87dfc12b70" scoped=""/></to>
        </wire>
        <wire loc="83:/opt/tinyos-2.1.2/tos/platforms/telosa/Msp430Timer32khzMapC.nc">
          <from><interface-ref name="Msp430TimerControl" ref="0x7f87df790560" scoped=""/>
          <arguments>
            <value cst="I:5">
              <type-int alignment="I:2" cname="int" size="I:2"/>
            </value>
          </arguments>
          </from>
          <to><interface-ref name="ControlB6" ref="0x7f87dfc075a0" scoped=""/></to>
        </wire>
        <wire loc="84:/opt/tinyos-2.1.2/tos/platforms/telosa/Msp430Timer32khzMapC.nc">
          <from><interface-ref name="Msp430Compare" ref="0x7f87df78e020" scoped=""/>
          <arguments>
            <value cst="I:5">
              <type-int alignment="I:2" cname="int" size="I:2"/>
            </value>
          </arguments>
          </from>
          <to><interface-ref name="CompareB6" ref="0x7f87dfc00020" scoped=""/></to>
        </wire>
      </wiring>
    </component></referenced></component>