<?xml version="1.0" ?><component loc="46:/opt/tinyos-2.1.2/tos/lib/serial/SerialPacketInfoActiveMessageP.nc" nicename="tos.lib.serial.SerialPacketInfoActiveMessageP" qname="SerialPacketInfoActiveMessageP">
      <documentation loc="71:/opt/tinyos-2.1.2/tos/lib/serial/Serial.h">
        <short>
 </short>
        <long>
 @author Phil Buonadonna
 @author Lewis Girod
 @author Ben Greenstein
 @author Philip Levis
 @date   August 7 2005
</long>
      </documentation>
      <module/>
    <specification><interface loc="47:/opt/tinyos-2.1.2/tos/lib/serial/SerialPacketInfoActiveMessageP.nc" name="Info" provided="1" ref="0x7f87df0e71e0">
      <component-ref nicename="tos.lib.serial.SerialPacketInfoActiveMessageP" qname="SerialPacketInfoActiveMessageP"/>
      <type-interface alignment="I:2" size="I:2"><interface-ref name="Info" ref="0x7f87df0e71e0" scoped=""/></type-interface>
      <instance>
        <interfacedef-ref nicename="tos.lib.serial.SerialPacketInfo" qname="SerialPacketInfo"/>
      </instance>
      <interface-functions>
        <function-ref name="upperLength" ref="0x7f87df0e7560" scoped=""/>
        <function-ref name="offset" ref="0x7f87df0e76f0" scoped=""/>
        <function-ref name="dataLinkLength" ref="0x7f87df0e7880" scoped=""/>
      </interface-functions>
    </interface></specification><referenced/></component>