<?xml version="1.0" ?><component loc="73:/opt/tinyos-2.1.2/tos/chips/msp430/usart/HplMsp430Usart1P.nc" nicename="tos.chips.msp430.usart.HplMsp430Usart1P" qname="HplMsp430Usart1P">
      <documentation loc="62:/opt/tinyos-2.1.2/tos/chips/msp430/usart/HplMsp430Usart1P.nc">
        <short>
 Implementation of USART1 lowlevel functionality - stateless.</short>
        <long>
 Implementation of USART1 lowlevel functionality - stateless.
 Setting a mode will by default disable USART-Interrupts.

 @author: Jan Hauer &lt;hauer@tkn.tu-berlin.de&gt;
 @author: Jonathan Hui &lt;jhui@archedrock.com&gt;
 @author: Vlado Handziski &lt;handzisk@tkn.tu-berlin.de&gt;
 @author: Joe Polastre
 @version $Revision: 1.7 $ $Date: 2010-06-04 22:30:21 $
</long>
      </documentation>
      <module/>
    <specification><interface loc="80:/opt/tinyos-2.1.2/tos/chips/msp430/usart/HplMsp430Usart1P.nc" name="UCLK" provided="0" ref="0x7f87df26dcb0">
      <component-ref nicename="tos.chips.msp430.usart.HplMsp430Usart1P" qname="HplMsp430Usart1P"/>
      <type-interface alignment="I:2" size="I:2"><interface-ref name="UCLK" ref="0x7f87df26dcb0" scoped=""/></type-interface>
      <instance>
        <interfacedef-ref nicename="tos.chips.msp430.pins.HplMsp430GeneralIO" qname="HplMsp430GeneralIO"/>
      </instance>
      <interface-functions>
        <function-ref name="makeInput" ref="0x7f87df26c0a0" scoped=""/>
        <function-ref name="isInput" ref="0x7f87df26c230" scoped=""/>
        <function-ref name="setResistor" ref="0x7f87df26c3c0" scoped=""/>
        <function-ref name="toggle" ref="0x7f87df26c550" scoped=""/>
        <function-ref name="isOutput" ref="0x7f87df26c6e0" scoped=""/>
        <function-ref name="getResistor" ref="0x7f87df26c870" scoped=""/>
        <function-ref name="makeOutput" ref="0x7f87df26ca00" scoped=""/>
        <function-ref name="get" ref="0x7f87df26cb90" scoped=""/>
        <function-ref name="selectIOFunc" ref="0x7f87df26cd20" scoped=""/>
        <function-ref name="getRaw" ref="0x7f87df26b020" scoped=""/>
        <function-ref name="set" ref="0x7f87df26b1b0" scoped=""/>
        <function-ref name="selectModuleFunc" ref="0x7f87df26b340" scoped=""/>
        <function-ref name="isIOFunc" ref="0x7f87df26b4d0" scoped=""/>
        <function-ref name="isModuleFunc" ref="0x7f87df26b760" scoped=""/>
        <function-ref name="clr" ref="0x7f87df26b8f0" scoped=""/>
      </interface-functions>
    </interface><interface loc="76:/opt/tinyos-2.1.2/tos/chips/msp430/usart/HplMsp430Usart1P.nc" name="Interrupts" provided="1" ref="0x7f87df271460">
      <component-ref nicename="tos.chips.msp430.usart.HplMsp430Usart1P" qname="HplMsp430Usart1P"/>
      <type-interface alignment="I:2" size="I:2"><interface-ref name="Interrupts" ref="0x7f87df271460" scoped=""/></type-interface>
      <instance>
        <interfacedef-ref nicename="tos.chips.msp430.usart.HplMsp430UsartInterrupts" qname="HplMsp430UsartInterrupts"/>
      </instance>
      <interface-functions>
        <function-ref name="rxDone" ref="0x7f87df2717e0" scoped=""/>
        <function-ref name="txDone" ref="0x7f87df271970" scoped=""/>
      </interface-functions>
    </interface><interface loc="81:/opt/tinyos-2.1.2/tos/chips/msp430/usart/HplMsp430Usart1P.nc" name="URXD" provided="0" ref="0x7f87df26bcb0">
      <component-ref nicename="tos.chips.msp430.usart.HplMsp430Usart1P" qname="HplMsp430Usart1P"/>
      <type-interface alignment="I:2" size="I:2"><interface-ref name="URXD" ref="0x7f87df26bcb0" scoped=""/></type-interface>
      <instance>
        <interfacedef-ref nicename="tos.chips.msp430.pins.HplMsp430GeneralIO" qname="HplMsp430GeneralIO"/>
      </instance>
      <interface-functions>
        <function-ref name="makeInput" ref="0x7f87df26a0a0" scoped=""/>
        <function-ref name="isInput" ref="0x7f87df26a230" scoped=""/>
        <function-ref name="setResistor" ref="0x7f87df26a3c0" scoped=""/>
        <function-ref name="toggle" ref="0x7f87df26a550" scoped=""/>
        <function-ref name="isOutput" ref="0x7f87df26a6e0" scoped=""/>
        <function-ref name="getResistor" ref="0x7f87df26a870" scoped=""/>
        <function-ref name="makeOutput" ref="0x7f87df26aa00" scoped=""/>
        <function-ref name="get" ref="0x7f87df26ab90" scoped=""/>
        <function-ref name="selectIOFunc" ref="0x7f87df26ad20" scoped=""/>
        <function-ref name="getRaw" ref="0x7f87df269020" scoped=""/>
        <function-ref name="set" ref="0x7f87df2691b0" scoped=""/>
        <function-ref name="selectModuleFunc" ref="0x7f87df269340" scoped=""/>
        <function-ref name="isIOFunc" ref="0x7f87df2694d0" scoped=""/>
        <function-ref name="isModuleFunc" ref="0x7f87df269760" scoped=""/>
        <function-ref name="clr" ref="0x7f87df2698f0" scoped=""/>
      </interface-functions>
    </interface><interface loc="82:/opt/tinyos-2.1.2/tos/chips/msp430/usart/HplMsp430Usart1P.nc" name="UTXD" provided="0" ref="0x7f87df269cb0">
      <component-ref nicename="tos.chips.msp430.usart.HplMsp430Usart1P" qname="HplMsp430Usart1P"/>
      <type-interface alignment="I:2" size="I:2"><interface-ref name="UTXD" ref="0x7f87df269cb0" scoped=""/></type-interface>
      <instance>
        <interfacedef-ref nicename="tos.chips.msp430.pins.HplMsp430GeneralIO" qname="HplMsp430GeneralIO"/>
      </instance>
      <interface-functions>
        <function-ref name="makeInput" ref="0x7f87df2680a0" scoped=""/>
        <function-ref name="isInput" ref="0x7f87df268230" scoped=""/>
        <function-ref name="setResistor" ref="0x7f87df2683c0" scoped=""/>
        <function-ref name="toggle" ref="0x7f87df268550" scoped=""/>
        <function-ref name="isOutput" ref="0x7f87df2686e0" scoped=""/>
        <function-ref name="getResistor" ref="0x7f87df268870" scoped=""/>
        <function-ref name="makeOutput" ref="0x7f87df268a00" scoped=""/>
        <function-ref name="get" ref="0x7f87df268b90" scoped=""/>
        <function-ref name="selectIOFunc" ref="0x7f87df268d20" scoped=""/>
        <function-ref name="getRaw" ref="0x7f87df267020" scoped=""/>
        <function-ref name="set" ref="0x7f87df2671b0" scoped=""/>
        <function-ref name="selectModuleFunc" ref="0x7f87df267340" scoped=""/>
        <function-ref name="isIOFunc" ref="0x7f87df2674d0" scoped=""/>
        <function-ref name="isModuleFunc" ref="0x7f87df267760" scoped=""/>
        <function-ref name="clr" ref="0x7f87df2678f0" scoped=""/>
      </interface-functions>
    </interface><interface loc="75:/opt/tinyos-2.1.2/tos/chips/msp430/usart/HplMsp430Usart1P.nc" name="Usart" provided="1" ref="0x7f87df276970">
      <component-ref nicename="tos.chips.msp430.usart.HplMsp430Usart1P" qname="HplMsp430Usart1P"/>
      <type-interface alignment="I:2" size="I:2"><interface-ref name="Usart" ref="0x7f87df276970" scoped=""/></type-interface>
      <instance>
        <interfacedef-ref nicename="tos.chips.msp430.usart.HplMsp430Usart" qname="HplMsp430Usart"/>
      </instance>
      <interface-functions>
        <function-ref name="isTxEmpty" ref="0x7f87df276cf0" scoped=""/>
        <function-ref name="enableUartRx" ref="0x7f87df276e80" scoped=""/>
        <function-ref name="setUctl" ref="0x7f87df275030" scoped=""/>
        <function-ref name="enableUart" ref="0x7f87df2751c0" scoped=""/>
        <function-ref name="setUrctl" ref="0x7f87df275350" scoped=""/>
        <function-ref name="enableRxIntr" ref="0x7f87df2754e0" scoped=""/>
        <function-ref name="clrRxIntr" ref="0x7f87df275670" scoped=""/>
        <function-ref name="getUtctl" ref="0x7f87df275800" scoped=""/>
        <function-ref name="getUrctl" ref="0x7f87df275990" scoped=""/>
        <function-ref name="resetUsart" ref="0x7f87df275b20" scoped=""/>
        <function-ref name="getUmctl" ref="0x7f87df275cb0" scoped=""/>
        <function-ref name="disableIntr" ref="0x7f87df275e40" scoped=""/>
        <function-ref name="setUtctl" ref="0x7f87df274020" scoped=""/>
        <function-ref name="getUbr" ref="0x7f87df2742b0" scoped=""/>
        <function-ref name="enableTxIntr" ref="0x7f87df274440" scoped=""/>
        <function-ref name="setUmctl" ref="0x7f87df2745d0" scoped=""/>
        <function-ref name="isUartRx" ref="0x7f87df274760" scoped=""/>
        <function-ref name="isUart" ref="0x7f87df2748f0" scoped=""/>
        <function-ref name="disableRxIntr" ref="0x7f87df274a80" scoped=""/>
        <function-ref name="isSpi" ref="0x7f87df274c10" scoped=""/>
        <function-ref name="enableUartTx" ref="0x7f87df274da0" scoped=""/>
        <function-ref name="disableTxIntr" ref="0x7f87df273020" scoped=""/>
        <function-ref name="disableUartRx" ref="0x7f87df2731b0" scoped=""/>
        <function-ref name="enableIntr" ref="0x7f87df273340" scoped=""/>
        <function-ref name="getMode" ref="0x7f87df2734d0" scoped=""/>
        <function-ref name="isTxIntrPending" ref="0x7f87df273860" scoped=""/>
        <function-ref name="clrIntr" ref="0x7f87df2739f0" scoped=""/>
        <function-ref name="setUbr" ref="0x7f87df273b80" scoped=""/>
        <function-ref name="tx" ref="0x7f87df273d10" scoped=""/>
        <function-ref name="getUctl" ref="0x7f87df272020" scoped=""/>
        <function-ref name="disableUart" ref="0x7f87df2721b0" scoped=""/>
        <function-ref name="enableSpi" ref="0x7f87df272340" scoped=""/>
        <function-ref name="setModeUart" ref="0x7f87df2724d0" scoped=""/>
        <function-ref name="setModeSpi" ref="0x7f87df272660" scoped=""/>
        <function-ref name="rx" ref="0x7f87df2727f0" scoped=""/>
        <function-ref name="isRxIntrPending" ref="0x7f87df272980" scoped=""/>
        <function-ref name="isUartTx" ref="0x7f87df272b10" scoped=""/>
        <function-ref name="clrTxIntr" ref="0x7f87df272ca0" scoped=""/>
        <function-ref name="disableSpi" ref="0x7f87df272e30" scoped=""/>
        <function-ref name="disableUartTx" ref="0x7f87df271020" scoped=""/>
      </interface-functions>
    </interface><interface loc="74:/opt/tinyos-2.1.2/tos/chips/msp430/usart/HplMsp430Usart1P.nc" name="AsyncStdControl" provided="1" ref="0x7f87df2760c0">
      <component-ref nicename="tos.chips.msp430.usart.HplMsp430Usart1P" qname="HplMsp430Usart1P"/>
      <type-interface alignment="I:2" size="I:2"><interface-ref name="AsyncStdControl" ref="0x7f87df2760c0" scoped=""/></type-interface>
      <instance>
        <interfacedef-ref nicename="tos.interfaces.AsyncStdControl" qname="AsyncStdControl"/>
      </instance>
      <interface-functions>
        <function-ref name="start" ref="0x7f87df276440" scoped=""/>
        <function-ref name="stop" ref="0x7f87df2765d0" scoped=""/>
      </interface-functions>
    </interface><interface loc="79:/opt/tinyos-2.1.2/tos/chips/msp430/usart/HplMsp430Usart1P.nc" name="SOMI" provided="0" ref="0x7f87df26fcb0">
      <component-ref nicename="tos.chips.msp430.usart.HplMsp430Usart1P" qname="HplMsp430Usart1P"/>
      <type-interface alignment="I:2" size="I:2"><interface-ref name="SOMI" ref="0x7f87df26fcb0" scoped=""/></type-interface>
      <instance>
        <interfacedef-ref nicename="tos.chips.msp430.pins.HplMsp430GeneralIO" qname="HplMsp430GeneralIO"/>
      </instance>
      <interface-functions>
        <function-ref name="makeInput" ref="0x7f87df26e0a0" scoped=""/>
        <function-ref name="isInput" ref="0x7f87df26e230" scoped=""/>
        <function-ref name="setResistor" ref="0x7f87df26e3c0" scoped=""/>
        <function-ref name="toggle" ref="0x7f87df26e550" scoped=""/>
        <function-ref name="isOutput" ref="0x7f87df26e6e0" scoped=""/>
        <function-ref name="getResistor" ref="0x7f87df26e870" scoped=""/>
        <function-ref name="makeOutput" ref="0x7f87df26ea00" scoped=""/>
        <function-ref name="get" ref="0x7f87df26eb90" scoped=""/>
        <function-ref name="selectIOFunc" ref="0x7f87df26ed20" scoped=""/>
        <function-ref name="getRaw" ref="0x7f87df26d020" scoped=""/>
        <function-ref name="set" ref="0x7f87df26d1b0" scoped=""/>
        <function-ref name="selectModuleFunc" ref="0x7f87df26d340" scoped=""/>
        <function-ref name="isIOFunc" ref="0x7f87df26d4d0" scoped=""/>
        <function-ref name="isModuleFunc" ref="0x7f87df26d760" scoped=""/>
        <function-ref name="clr" ref="0x7f87df26d8f0" scoped=""/>
      </interface-functions>
    </interface><interface loc="78:/opt/tinyos-2.1.2/tos/chips/msp430/usart/HplMsp430Usart1P.nc" name="SIMO" provided="0" ref="0x7f87df271d30">
      <component-ref nicename="tos.chips.msp430.usart.HplMsp430Usart1P" qname="HplMsp430Usart1P"/>
      <type-interface alignment="I:2" size="I:2"><interface-ref name="SIMO" ref="0x7f87df271d30" scoped=""/></type-interface>
      <instance>
        <interfacedef-ref nicename="tos.chips.msp430.pins.HplMsp430GeneralIO" qname="HplMsp430GeneralIO"/>
      </instance>
      <interface-functions>
        <function-ref name="makeInput" ref="0x7f87df2700e0" scoped=""/>
        <function-ref name="isInput" ref="0x7f87df270270" scoped=""/>
        <function-ref name="setResistor" ref="0x7f87df270400" scoped=""/>
        <function-ref name="toggle" ref="0x7f87df270590" scoped=""/>
        <function-ref name="isOutput" ref="0x7f87df270720" scoped=""/>
        <function-ref name="getResistor" ref="0x7f87df2708b0" scoped=""/>
        <function-ref name="makeOutput" ref="0x7f87df270a40" scoped=""/>
        <function-ref name="get" ref="0x7f87df270bd0" scoped=""/>
        <function-ref name="selectIOFunc" ref="0x7f87df270d60" scoped=""/>
        <function-ref name="getRaw" ref="0x7f87df26f020" scoped=""/>
        <function-ref name="set" ref="0x7f87df26f1b0" scoped=""/>
        <function-ref name="selectModuleFunc" ref="0x7f87df26f340" scoped=""/>
        <function-ref name="isIOFunc" ref="0x7f87df26f4d0" scoped=""/>
        <function-ref name="isModuleFunc" ref="0x7f87df26f760" scoped=""/>
        <function-ref name="clr" ref="0x7f87df26f8f0" scoped=""/>
      </interface-functions>
    </interface></specification><referenced/></component>