<?xml version="1.0" ?><component loc="44:/opt/tinyos-2.1.2/tos/system/LedsP.nc" nicename="tos.system.LedsP" qname="LedsP" safe="">
      <documentation loc="35:/opt/tinyos-2.1.2/tos/system/LedsP.nc">
        <short>
 The implementation of the standard 3 LED mote abstraction.</short>
        <long>
 The implementation of the standard 3 LED mote abstraction.

 @author Joe Polastre
 @author Philip Levis

 @date   March 21, 2005
</long>
      </documentation>
      <module/>
    <specification><interface loc="50:/opt/tinyos-2.1.2/tos/system/LedsP.nc" name="Led0" provided="0" ref="0x7f87dfa2e910">
      <component-ref nicename="tos.system.LedsP" qname="LedsP"/>
      <type-interface alignment="I:2" size="I:2"><interface-ref name="Led0" ref="0x7f87dfa2e910" scoped=""/></type-interface>
      <instance>
        <interfacedef-ref nicename="tos.interfaces.GeneralIO" qname="GeneralIO"/>
      </instance>
      <interface-functions>
        <function-ref name="makeInput" ref="0x7f87dfa2ec90" scoped=""/>
        <function-ref name="isInput" ref="0x7f87dfa2ee20" scoped=""/>
        <function-ref name="toggle" ref="0x7f87dfa33020" scoped=""/>
        <function-ref name="isOutput" ref="0x7f87dfa331b0" scoped=""/>
        <function-ref name="get" ref="0x7f87dfa33340" scoped=""/>
        <function-ref name="makeOutput" ref="0x7f87dfa334d0" scoped=""/>
        <function-ref name="set" ref="0x7f87dfa33660" scoped=""/>
        <function-ref name="clr" ref="0x7f87dfa337f0" scoped=""/>
      </interface-functions>
    </interface><interface loc="46:/opt/tinyos-2.1.2/tos/system/LedsP.nc" name="Init" provided="1" ref="0x7f87dfa39c40">
      <component-ref nicename="tos.system.LedsP" qname="LedsP"/>
      <type-interface alignment="I:2" size="I:2"><interface-ref name="Init" ref="0x7f87dfa39c40" scoped=""/></type-interface>
      <instance>
        <interfacedef-ref nicename="tos.interfaces.Init" qname="Init"/>
      </instance>
      <interface-functions>
        <function-ref name="init" ref="0x7f87dfa36020" scoped=""/>
      </interface-functions>
    </interface><interface loc="51:/opt/tinyos-2.1.2/tos/system/LedsP.nc" name="Led1" provided="0" ref="0x7f87dfa33b10">
      <component-ref nicename="tos.system.LedsP" qname="LedsP"/>
      <type-interface alignment="I:2" size="I:2"><interface-ref name="Led1" ref="0x7f87dfa33b10" scoped=""/></type-interface>
      <instance>
        <interfacedef-ref nicename="tos.interfaces.GeneralIO" qname="GeneralIO"/>
      </instance>
      <interface-functions>
        <function-ref name="makeInput" ref="0x7f87dfa32020" scoped=""/>
        <function-ref name="isInput" ref="0x7f87dfa321b0" scoped=""/>
        <function-ref name="toggle" ref="0x7f87dfa32340" scoped=""/>
        <function-ref name="isOutput" ref="0x7f87dfa324d0" scoped=""/>
        <function-ref name="get" ref="0x7f87dfa32660" scoped=""/>
        <function-ref name="makeOutput" ref="0x7f87dfa327f0" scoped=""/>
        <function-ref name="set" ref="0x7f87dfa32980" scoped=""/>
        <function-ref name="clr" ref="0x7f87dfa32b10" scoped=""/>
      </interface-functions>
    </interface><interface loc="47:/opt/tinyos-2.1.2/tos/system/LedsP.nc" name="Leds" provided="1" ref="0x7f87dfa362a0">
      <component-ref nicename="tos.system.LedsP" qname="LedsP"/>
      <type-interface alignment="I:2" size="I:2"><interface-ref name="Leds" ref="0x7f87dfa362a0" scoped=""/></type-interface>
      <instance>
        <interfacedef-ref nicename="tos.interfaces.Leds" qname="Leds"/>
      </instance>
      <interface-functions>
        <function-ref name="led0Off" ref="0x7f87dfa36620" scoped=""/>
        <function-ref name="led0Toggle" ref="0x7f87dfa367b0" scoped=""/>
        <function-ref name="led1On" ref="0x7f87dfa36940" scoped=""/>
        <function-ref name="led1Toggle" ref="0x7f87dfa36ad0" scoped=""/>
        <function-ref name="led2Toggle" ref="0x7f87dfa36c60" scoped=""/>
        <function-ref name="get" ref="0x7f87dfa36df0" scoped=""/>
        <function-ref name="led1Off" ref="0x7f87dfa34020" scoped=""/>
        <function-ref name="led2Off" ref="0x7f87dfa34660" scoped=""/>
        <function-ref name="set" ref="0x7f87dfa341b0" scoped=""/>
        <function-ref name="led0On" ref="0x7f87dfa34340" scoped=""/>
        <function-ref name="led2On" ref="0x7f87dfa344d0" scoped=""/>
      </interface-functions>
    </interface><interface loc="52:/opt/tinyos-2.1.2/tos/system/LedsP.nc" name="Led2" provided="0" ref="0x7f87dfa32e30">
      <component-ref nicename="tos.system.LedsP" qname="LedsP"/>
      <type-interface alignment="I:2" size="I:2"><interface-ref name="Led2" ref="0x7f87dfa32e30" scoped=""/></type-interface>
      <instance>
        <interfacedef-ref nicename="tos.interfaces.GeneralIO" qname="GeneralIO"/>
      </instance>
      <interface-functions>
        <function-ref name="makeInput" ref="0x7f87dfa2c1e0" scoped=""/>
        <function-ref name="isInput" ref="0x7f87dfa2c370" scoped=""/>
        <function-ref name="toggle" ref="0x7f87dfa2c500" scoped=""/>
        <function-ref name="isOutput" ref="0x7f87dfa2c690" scoped=""/>
        <function-ref name="get" ref="0x7f87dfa2c820" scoped=""/>
        <function-ref name="makeOutput" ref="0x7f87dfa2c9b0" scoped=""/>
        <function-ref name="set" ref="0x7f87dfa2cb40" scoped=""/>
        <function-ref name="clr" ref="0x7f87dfa2ccd0" scoped=""/>
      </interface-functions>
    </interface></specification><referenced/></component>