<?xml version="1.0" ?><component loc="45:/opt/tinyos-2.1.2/tos/system/LedsC.nc" nicename="tos.system.LedsC" qname="LedsC">
      <documentation loc="34:/opt/tinyos-2.1.2/tos/system/LedsC.nc">
        <short>

 The basic TinyOS LEDs abstraction.</short>
        <long>

 The basic TinyOS LEDs abstraction.

 @author Phil Buonadonna
 @author David Gay
 @author Philip Levis
 @author Joe Polastre
</long>
      </documentation>
      <configuration/>
      <wiring>
        <wire loc="51:/opt/tinyos-2.1.2/tos/system/LedsC.nc">
          <from><interface-ref name="Leds" ref="0x7f87dface950" scoped=""/></from>
          <to><interface-ref name="Leds" ref="0x7f87dfa362a0" scoped=""/></to>
        </wire>
        <wire loc="53:/opt/tinyos-2.1.2/tos/system/LedsC.nc">
          <from><interface-ref name="Init" ref="0x7f87dfa0ec40" scoped=""/></from>
          <to><interface-ref name="Init" ref="0x7f87dfa39c40" scoped=""/></to>
        </wire>
        <wire loc="54:/opt/tinyos-2.1.2/tos/system/LedsC.nc">
          <from><interface-ref name="Led0" ref="0x7f87dfa2e910" scoped=""/></from>
          <to><interface-ref name="Led0" ref="0x7f87dfa11360" scoped=""/></to>
        </wire>
        <wire loc="55:/opt/tinyos-2.1.2/tos/system/LedsC.nc">
          <from><interface-ref name="Led1" ref="0x7f87dfa33b10" scoped=""/></from>
          <to><interface-ref name="Led1" ref="0x7f87dfa106a0" scoped=""/></to>
        </wire>
        <wire loc="56:/opt/tinyos-2.1.2/tos/system/LedsC.nc">
          <from><interface-ref name="Led2" ref="0x7f87dfa32e30" scoped=""/></from>
          <to><interface-ref name="Led2" ref="0x7f87dfa0f9c0" scoped=""/></to>
        </wire>
      </wiring>
    <specification><interface loc="46:/opt/tinyos-2.1.2/tos/system/LedsC.nc" name="Leds" provided="1" ref="0x7f87dface950">
      <component-ref nicename="tos.system.LedsC" qname="LedsC"/>
      <type-interface alignment="I:2" size="I:2"><interface-ref name="Leds" ref="0x7f87dface950" scoped=""/></type-interface>
      <instance>
        <interfacedef-ref nicename="tos.interfaces.Leds" qname="Leds"/>
      </instance>
      <interface-functions>
        <function-ref name="led0Off" ref="0x7f87dfacecd0" scoped=""/>
        <function-ref name="led0Toggle" ref="0x7f87dfacee60" scoped=""/>
        <function-ref name="led1On" ref="0x7f87dfa3a020" scoped=""/>
        <function-ref name="led1Toggle" ref="0x7f87dfa3a1b0" scoped=""/>
        <function-ref name="led2Toggle" ref="0x7f87dfa3a340" scoped=""/>
        <function-ref name="get" ref="0x7f87dfa3a4d0" scoped=""/>
        <function-ref name="led1Off" ref="0x7f87dfa3a660" scoped=""/>
        <function-ref name="led2Off" ref="0x7f87dfa3aca0" scoped=""/>
        <function-ref name="set" ref="0x7f87dfa3a7f0" scoped=""/>
        <function-ref name="led0On" ref="0x7f87dfa3a980" scoped=""/>
        <function-ref name="led2On" ref="0x7f87dfa3ab10" scoped=""/>
      </interface-functions>
    </interface></specification><referenced><interface loc="50:/opt/tinyos-2.1.2/tos/system/LedsP.nc" name="Led0" provided="0" ref="0x7f87dfa2e910">
      <component-ref nicename="tos.system.LedsP" qname="LedsP"/>
      <type-interface alignment="I:2" size="I:2"><interface-ref name="Led0" ref="0x7f87dfa2e910" scoped=""/></type-interface>
      <instance>
        <interfacedef-ref nicename="tos.interfaces.GeneralIO" qname="GeneralIO"/>
      </instance>
      <interface-functions>
        <function-ref name="makeInput" ref="0x7f87dfa2ec90" scoped=""/>
        <function-ref name="isInput" ref="0x7f87dfa2ee20" scoped=""/>
        <function-ref name="toggle" ref="0x7f87dfa33020" scoped=""/>
        <function-ref name="isOutput" ref="0x7f87dfa331b0" scoped=""/>
        <function-ref name="get" ref="0x7f87dfa33340" scoped=""/>
        <function-ref name="makeOutput" ref="0x7f87dfa334d0" scoped=""/>
        <function-ref name="set" ref="0x7f87dfa33660" scoped=""/>
        <function-ref name="clr" ref="0x7f87dfa337f0" scoped=""/>
      </interface-functions>
    </interface><interface loc="44:/opt/tinyos-2.1.2/tos/platforms/telosa/PlatformLedsC.nc" name="Init" provided="0" ref="0x7f87dfa0ec40">
      <component-ref nicename="tos.platforms.telosa.PlatformLedsC" qname="PlatformLedsC"/>
      <type-interface alignment="I:2" size="I:2"><interface-ref name="Init" ref="0x7f87dfa0ec40" scoped=""/></type-interface>
      <instance>
        <interfacedef-ref nicename="tos.interfaces.Init" qname="Init"/>
      </instance>
      <interface-functions>
        <function-ref name="init" ref="0x7f87dfa0d020" scoped=""/>
      </interface-functions>
    </interface><interface loc="46:/opt/tinyos-2.1.2/tos/system/LedsP.nc" name="Init" provided="1" ref="0x7f87dfa39c40">
      <component-ref nicename="tos.system.LedsP" qname="LedsP"/>
      <type-interface alignment="I:2" size="I:2"><interface-ref name="Init" ref="0x7f87dfa39c40" scoped=""/></type-interface>
      <instance>
        <interfacedef-ref nicename="tos.interfaces.Init" qname="Init"/>
      </instance>
      <interface-functions>
        <function-ref name="init" ref="0x7f87dfa36020" scoped=""/>
      </interface-functions>
    </interface><interface loc="42:/opt/tinyos-2.1.2/tos/platforms/telosa/PlatformLedsC.nc" name="Led1" provided="1" ref="0x7f87dfa106a0">
      <component-ref nicename="tos.platforms.telosa.PlatformLedsC" qname="PlatformLedsC"/>
      <type-interface alignment="I:2" size="I:2"><interface-ref name="Led1" ref="0x7f87dfa106a0" scoped=""/></type-interface>
      <instance>
        <interfacedef-ref nicename="tos.interfaces.GeneralIO" qname="GeneralIO"/>
      </instance>
      <interface-functions>
        <function-ref name="makeInput" ref="0x7f87dfa10a20" scoped=""/>
        <function-ref name="isInput" ref="0x7f87dfa10bb0" scoped=""/>
        <function-ref name="toggle" ref="0x7f87dfa10d40" scoped=""/>
        <function-ref name="isOutput" ref="0x7f87dfa0f020" scoped=""/>
        <function-ref name="get" ref="0x7f87dfa0f1b0" scoped=""/>
        <function-ref name="makeOutput" ref="0x7f87dfa0f340" scoped=""/>
        <function-ref name="set" ref="0x7f87dfa0f4d0" scoped=""/>
        <function-ref name="clr" ref="0x7f87dfa0f660" scoped=""/>
      </interface-functions>
    </interface><interface loc="47:/opt/tinyos-2.1.2/tos/system/LedsP.nc" name="Leds" provided="1" ref="0x7f87dfa362a0">
      <component-ref nicename="tos.system.LedsP" qname="LedsP"/>
      <type-interface alignment="I:2" size="I:2"><interface-ref name="Leds" ref="0x7f87dfa362a0" scoped=""/></type-interface>
      <instance>
        <interfacedef-ref nicename="tos.interfaces.Leds" qname="Leds"/>
      </instance>
      <interface-functions>
        <function-ref name="led0Off" ref="0x7f87dfa36620" scoped=""/>
        <function-ref name="led0Toggle" ref="0x7f87dfa367b0" scoped=""/>
        <function-ref name="led1On" ref="0x7f87dfa36940" scoped=""/>
        <function-ref name="led1Toggle" ref="0x7f87dfa36ad0" scoped=""/>
        <function-ref name="led2Toggle" ref="0x7f87dfa36c60" scoped=""/>
        <function-ref name="get" ref="0x7f87dfa36df0" scoped=""/>
        <function-ref name="led1Off" ref="0x7f87dfa34020" scoped=""/>
        <function-ref name="led2Off" ref="0x7f87dfa34660" scoped=""/>
        <function-ref name="set" ref="0x7f87dfa341b0" scoped=""/>
        <function-ref name="led0On" ref="0x7f87dfa34340" scoped=""/>
        <function-ref name="led2On" ref="0x7f87dfa344d0" scoped=""/>
      </interface-functions>
    </interface><interface loc="51:/opt/tinyos-2.1.2/tos/system/LedsP.nc" name="Led1" provided="0" ref="0x7f87dfa33b10">
      <component-ref nicename="tos.system.LedsP" qname="LedsP"/>
      <type-interface alignment="I:2" size="I:2"><interface-ref name="Led1" ref="0x7f87dfa33b10" scoped=""/></type-interface>
      <instance>
        <interfacedef-ref nicename="tos.interfaces.GeneralIO" qname="GeneralIO"/>
      </instance>
      <interface-functions>
        <function-ref name="makeInput" ref="0x7f87dfa32020" scoped=""/>
        <function-ref name="isInput" ref="0x7f87dfa321b0" scoped=""/>
        <function-ref name="toggle" ref="0x7f87dfa32340" scoped=""/>
        <function-ref name="isOutput" ref="0x7f87dfa324d0" scoped=""/>
        <function-ref name="get" ref="0x7f87dfa32660" scoped=""/>
        <function-ref name="makeOutput" ref="0x7f87dfa327f0" scoped=""/>
        <function-ref name="set" ref="0x7f87dfa32980" scoped=""/>
        <function-ref name="clr" ref="0x7f87dfa32b10" scoped=""/>
      </interface-functions>
    </interface><interface loc="43:/opt/tinyos-2.1.2/tos/platforms/telosa/PlatformLedsC.nc" name="Led2" provided="1" ref="0x7f87dfa0f9c0">
      <component-ref nicename="tos.platforms.telosa.PlatformLedsC" qname="PlatformLedsC"/>
      <type-interface alignment="I:2" size="I:2"><interface-ref name="Led2" ref="0x7f87dfa0f9c0" scoped=""/></type-interface>
      <instance>
        <interfacedef-ref nicename="tos.interfaces.GeneralIO" qname="GeneralIO"/>
      </instance>
      <interface-functions>
        <function-ref name="makeInput" ref="0x7f87dfa0fd40" scoped=""/>
        <function-ref name="isInput" ref="0x7f87dfa0e020" scoped=""/>
        <function-ref name="toggle" ref="0x7f87dfa0e1b0" scoped=""/>
        <function-ref name="isOutput" ref="0x7f87dfa0e340" scoped=""/>
        <function-ref name="get" ref="0x7f87dfa0e4d0" scoped=""/>
        <function-ref name="makeOutput" ref="0x7f87dfa0e660" scoped=""/>
        <function-ref name="set" ref="0x7f87dfa0e7f0" scoped=""/>
        <function-ref name="clr" ref="0x7f87dfa0e980" scoped=""/>
      </interface-functions>
    </interface><interface loc="41:/opt/tinyos-2.1.2/tos/platforms/telosa/PlatformLedsC.nc" name="Led0" provided="1" ref="0x7f87dfa11360">
      <component-ref nicename="tos.platforms.telosa.PlatformLedsC" qname="PlatformLedsC"/>
      <type-interface alignment="I:2" size="I:2"><interface-ref name="Led0" ref="0x7f87dfa11360" scoped=""/></type-interface>
      <instance>
        <interfacedef-ref nicename="tos.interfaces.GeneralIO" qname="GeneralIO"/>
      </instance>
      <interface-functions>
        <function-ref name="makeInput" ref="0x7f87dfa116e0" scoped=""/>
        <function-ref name="isInput" ref="0x7f87dfa11870" scoped=""/>
        <function-ref name="toggle" ref="0x7f87dfa11a00" scoped=""/>
        <function-ref name="isOutput" ref="0x7f87dfa11b90" scoped=""/>
        <function-ref name="get" ref="0x7f87dfa11d20" scoped=""/>
        <function-ref name="makeOutput" ref="0x7f87dfa10020" scoped=""/>
        <function-ref name="set" ref="0x7f87dfa101b0" scoped=""/>
        <function-ref name="clr" ref="0x7f87dfa10340" scoped=""/>
      </interface-functions>
    </interface><interface loc="52:/opt/tinyos-2.1.2/tos/system/LedsP.nc" name="Led2" provided="0" ref="0x7f87dfa32e30">
      <component-ref nicename="tos.system.LedsP" qname="LedsP"/>
      <type-interface alignment="I:2" size="I:2"><interface-ref name="Led2" ref="0x7f87dfa32e30" scoped=""/></type-interface>
      <instance>
        <interfacedef-ref nicename="tos.interfaces.GeneralIO" qname="GeneralIO"/>
      </instance>
      <interface-functions>
        <function-ref name="makeInput" ref="0x7f87dfa2c1e0" scoped=""/>
        <function-ref name="isInput" ref="0x7f87dfa2c370" scoped=""/>
        <function-ref name="toggle" ref="0x7f87dfa2c500" scoped=""/>
        <function-ref name="isOutput" ref="0x7f87dfa2c690" scoped=""/>
        <function-ref name="get" ref="0x7f87dfa2c820" scoped=""/>
        <function-ref name="makeOutput" ref="0x7f87dfa2c9b0" scoped=""/>
        <function-ref name="set" ref="0x7f87dfa2cb40" scoped=""/>
        <function-ref name="clr" ref="0x7f87dfa2ccd0" scoped=""/>
      </interface-functions>
    </interface><component loc="40:/opt/tinyos-2.1.2/tos/platforms/telosa/PlatformLedsC.nc" nicename="tos.platforms.telosa.PlatformLedsC" qname="PlatformLedsC">
      <documentation loc="34:/opt/tinyos-2.1.2/tos/platforms/telosa/PlatformLedsC.nc">
        <short>
 </short>
        <long>
 @author Joe Polastre
 @version $Revision: 1.5 $ $Date: 2010-06-29 22:07:55 $
</long>
      </documentation>
      <configuration/>
      <wiring>
        <wire loc="58:/opt/tinyos-2.1.2/tos/platforms/telosa/PlatformLedsC.nc">
          <from><interface-ref name="Led0" ref="0x7f87dfa11360" scoped=""/></from>
          <to><interface-ref name="GeneralIO" ref="0x7f87df7f6020" scoped=""/></to>
        </wire>
        <wire loc="61:/opt/tinyos-2.1.2/tos/platforms/telosa/PlatformLedsC.nc">
          <from><interface-ref name="Led1" ref="0x7f87dfa106a0" scoped=""/></from>
          <to><interface-ref name="GeneralIO" ref="0x7f87df7e2b90" scoped=""/></to>
        </wire>
        <wire loc="64:/opt/tinyos-2.1.2/tos/platforms/telosa/PlatformLedsC.nc">
          <from><interface-ref name="Led2" ref="0x7f87dfa0f9c0" scoped=""/></from>
          <to><interface-ref name="GeneralIO" ref="0x7f87df7dd710" scoped=""/></to>
        </wire>
        <wire loc="56:/opt/tinyos-2.1.2/tos/platforms/telosa/PlatformLedsC.nc">
          <from><interface-ref name="LedsInit" ref="0x7f87dfc9d520" scoped=""/></from>
          <to><interface-ref name="Init" ref="0x7f87dfa0ec40" scoped=""/></to>
        </wire>
        <wire loc="59:/opt/tinyos-2.1.2/tos/platforms/telosa/PlatformLedsC.nc">
          <from><interface-ref name="HplGeneralIO" ref="0x7f87df7e52f0" scoped=""/></from>
          <to><interface-ref name="Port54" ref="0x7f87df9b6200" scoped=""/></to>
        </wire>
        <wire loc="62:/opt/tinyos-2.1.2/tos/platforms/telosa/PlatformLedsC.nc">
          <from><interface-ref name="HplGeneralIO" ref="0x7f87df7e1de0" scoped=""/></from>
          <to><interface-ref name="Port55" ref="0x7f87df9b4200" scoped=""/></to>
        </wire>
        <wire loc="65:/opt/tinyos-2.1.2/tos/platforms/telosa/PlatformLedsC.nc">
          <from><interface-ref name="HplGeneralIO" ref="0x7f87df7db930" scoped=""/></from>
          <to><interface-ref name="Port56" ref="0x7f87df9b2200" scoped=""/></to>
        </wire>
      </wiring>
    </component><component loc="44:/opt/tinyos-2.1.2/tos/system/LedsP.nc" nicename="tos.system.LedsP" qname="LedsP" safe="">
      <documentation loc="35:/opt/tinyos-2.1.2/tos/system/LedsP.nc">
        <short>
 The implementation of the standard 3 LED mote abstraction.</short>
        <long>
 The implementation of the standard 3 LED mote abstraction.

 @author Joe Polastre
 @author Philip Levis

 @date   March 21, 2005
</long>
      </documentation>
      <module/>
    </component></referenced></component>