<?xml version="1.0" ?><component abstract="" loc="51:/opt/tinyos-2.1.2/tos/lib/timer/TransformAlarmC.nc" nicename="tos.lib.timer.TransformAlarmC" qname="TransformAlarmC" safe="">
      <documentation loc="34:/opt/tinyos-2.1.2/tos/lib/timer/TransformAlarmC.nc">
        <short>
 TransformAlarmC decreases precision and/or widens an Alarm.</short>
        <long>
 TransformAlarmC decreases precision and/or widens an Alarm.  An already
 widened Counter component is used to help.

 &lt;p&gt;See TEP102 for more details.
 @param to_precision_tag A type indicating the precision of the transformed
   Alarm.
 @param to_size_type The type for the width of the transformed Alarm.
 @param from_precision_tag A type indicating the precision of the original
   Alarm.
 @param from_size_type The type for the width of the original Alarm.
 @param bit_shift_right Original time units will be 2 to the power 
   &lt;code&gt;bit_shift_right&lt;/code&gt; larger than transformed time units.

 @author Cory Sharp &lt;cssharp@eecs.berkeley.edu&gt;
</long>
      </documentation>
      <parameters>
        <typedef loc="52:/opt/tinyos-2.1.2/tos/lib/timer/TransformAlarmC.nc" name="to_precision_tag" ref="0x7f87df73e6e0">
          <component-ref nicename="tos.lib.timer.TransformAlarmC" qname="TransformAlarmC"/>
          <type-var alignment="U:" size="U:"><typedef-ref name="to_precision_tag" ref="0x7f87df73e6e0" scoped=""/></type-var>
        </typedef>
        <typedef loc="53:/opt/tinyos-2.1.2/tos/lib/timer/TransformAlarmC.nc" name="to_size_type" ref="0x7f87df6f6020">
          <component-ref nicename="tos.lib.timer.TransformAlarmC" qname="TransformAlarmC"/>
          <type-var alignment="U:" size="U:"><typedef-ref name="to_size_type" ref="0x7f87df6f6020" scoped=""/></type-var>
        </typedef>
        <typedef loc="54:/opt/tinyos-2.1.2/tos/lib/timer/TransformAlarmC.nc" name="from_precision_tag" ref="0x7f87df6f6410">
          <component-ref nicename="tos.lib.timer.TransformAlarmC" qname="TransformAlarmC"/>
          <type-var alignment="U:" size="U:"><typedef-ref name="from_precision_tag" ref="0x7f87df6f6410" scoped=""/></type-var>
        </typedef>
        <typedef loc="55:/opt/tinyos-2.1.2/tos/lib/timer/TransformAlarmC.nc" name="from_size_type" ref="0x7f87df6f6bf0">
          <component-ref nicename="tos.lib.timer.TransformAlarmC" qname="TransformAlarmC"/>
          <type-var alignment="U:" size="U:"><typedef-ref name="from_size_type" ref="0x7f87df6f6bf0" scoped=""/></type-var>
        </typedef>
        <constant loc="56:/opt/tinyos-2.1.2/tos/lib/timer/TransformAlarmC.nc" name="bit_shift_right" ref="0x7f87df6f5020">
          <component-ref nicename="tos.lib.timer.TransformAlarmC" qname="TransformAlarmC"/>
          <type-int alignment="I:1" cname="unsigned char" size="I:1" unsigned="">
            <typename><typedef-ref name="uint8_t" ref="0x7f87e0c43160"/></typename>
          </type-int>
        </constant>
      </parameters>
      <module/>
    <specification><interface loc="61:/opt/tinyos-2.1.2/tos/lib/timer/TransformAlarmC.nc" name="Alarm" provided="1" ref="0x7f87df6f5c50">
      <component-ref nicename="tos.lib.timer.TransformAlarmC" qname="TransformAlarmC"/>
      <type-interface alignment="I:2" size="I:2"><interface-ref name="Alarm" ref="0x7f87df6f5c50" scoped=""/></type-interface>
      <instance>
        <interfacedef-ref nicename="tos.lib.timer.Alarm" qname="Alarm"/>
        <arguments>
          <type-var alignment="U:" size="U:"><typedef-ref name="to_precision_tag" ref="0x7f87df73e6e0" scoped=""/></type-var>
          <type-var alignment="U:" size="U:"><typedef-ref name="to_size_type" ref="0x7f87df6f6020" scoped=""/></type-var>
        </arguments>
      </instance>
      <interface-functions>
        <function-ref name="getNow" ref="0x7f87df6f14e0" scoped=""/>
        <function-ref name="fired" ref="0x7f87df6f24e0" scoped=""/>
        <function-ref name="startAt" ref="0x7f87df6f2e60" scoped=""/>
        <function-ref name="isRunning" ref="0x7f87df6f29a0" scoped=""/>
        <function-ref name="getAlarm" ref="0x7f87df6f19a0" scoped=""/>
        <function-ref name="start" ref="0x7f87df6f4a80" scoped=""/>
        <function-ref name="stop" ref="0x7f87df6f2020" scoped=""/>
      </interface-functions>
    </interface><interface loc="73:/opt/tinyos-2.1.2/tos/lib/timer/TransformAlarmC.nc" name="AlarmFrom" provided="0" ref="0x7f87df6ed8e0">
      <component-ref nicename="tos.lib.timer.TransformAlarmC" qname="TransformAlarmC"/>
      <type-interface alignment="I:2" size="I:2"><interface-ref name="AlarmFrom" ref="0x7f87df6ed8e0" scoped=""/></type-interface>
      <instance>
        <interfacedef-ref nicename="tos.lib.timer.Alarm" qname="Alarm"/>
        <arguments>
          <type-var alignment="U:" size="U:"><typedef-ref name="from_precision_tag" ref="0x7f87df6f6410" scoped=""/></type-var>
          <type-var alignment="U:" size="U:"><typedef-ref name="from_size_type" ref="0x7f87df6f6bf0" scoped=""/></type-var>
        </arguments>
      </instance>
      <interface-functions>
        <function-ref name="getNow" ref="0x7f87df6e91b0" scoped=""/>
        <function-ref name="fired" ref="0x7f87df6eb1b0" scoped=""/>
        <function-ref name="startAt" ref="0x7f87df6ebb30" scoped=""/>
        <function-ref name="isRunning" ref="0x7f87df6eb670" scoped=""/>
        <function-ref name="getAlarm" ref="0x7f87df6e9670" scoped=""/>
        <function-ref name="start" ref="0x7f87df6ec780" scoped=""/>
        <function-ref name="stop" ref="0x7f87df6ecc90" scoped=""/>
      </interface-functions>
    </interface><interface loc="68:/opt/tinyos-2.1.2/tos/lib/timer/TransformAlarmC.nc" name="Counter" provided="0" ref="0x7f87df6f0220">
      <component-ref nicename="tos.lib.timer.TransformAlarmC" qname="TransformAlarmC"/>
      <type-interface alignment="I:2" size="I:2"><interface-ref name="Counter" ref="0x7f87df6f0220" scoped=""/></type-interface>
      <instance>
        <interfacedef-ref nicename="tos.lib.timer.Counter" qname="Counter"/>
        <arguments>
          <type-var alignment="U:" size="U:"><typedef-ref name="to_precision_tag" ref="0x7f87df73e6e0" scoped=""/></type-var>
          <type-var alignment="U:" size="U:"><typedef-ref name="to_size_type" ref="0x7f87df6f6020" scoped=""/></type-var>
        </arguments>
      </instance>
      <interface-functions>
        <function-ref name="get" ref="0x7f87df6ee090" scoped=""/>
        <function-ref name="clearOverflow" ref="0x7f87df6eea10" scoped=""/>
        <function-ref name="isOverflowPending" ref="0x7f87df6ee550" scoped=""/>
        <function-ref name="overflow" ref="0x7f87df6ed020" scoped=""/>
      </interface-functions>
    </interface></specification><referenced/></component>