<?xml version="1.0" ?><component abstract="" loc="42:/opt/tinyos-2.1.2/tos/chips/msp430/timer/Msp430CounterC.nc" nicename="tos.chips.msp430.timer.Msp430CounterC" qname="Msp430CounterC" safe="">
      <documentation loc="33:/opt/tinyos-2.1.2/tos/chips/msp430/timer/Msp430CounterC.nc">
        <short>
 Msp430Counter is a generic component that wraps the MSP430 HPL timers into a
 TinyOS Counter.</short>
        <long>
 Msp430Counter is a generic component that wraps the MSP430 HPL timers into a
 TinyOS Counter.

 @author Cory Sharp &lt;cssharp@eecs.berkeley.edu&gt;
 @see  Please refer to TEP 102 for more information about this component and its
          intended use.
</long>
      </documentation>
      <parameters>
        <typedef loc="42:/opt/tinyos-2.1.2/tos/chips/msp430/timer/Msp430CounterC.nc" name="frequency_tag" ref="0x7f87df731a40">
          <component-ref nicename="tos.chips.msp430.timer.Msp430CounterC" qname="Msp430CounterC"/>
          <type-var alignment="U:" size="U:"><typedef-ref name="frequency_tag" ref="0x7f87df731a40" scoped=""/></type-var>
        </typedef>
      </parameters>
      <module/>
    <specification><interface loc="45:/opt/tinyos-2.1.2/tos/chips/msp430/timer/Msp430CounterC.nc" name="Msp430Timer" provided="0" ref="0x7f87df72b980">
      <component-ref nicename="tos.chips.msp430.timer.Msp430CounterC" qname="Msp430CounterC"/>
      <type-interface alignment="I:2" size="I:2"><interface-ref name="Msp430Timer" ref="0x7f87df72b980" scoped=""/></type-interface>
      <instance>
        <interfacedef-ref nicename="tos.chips.msp430.timer.Msp430Timer" qname="Msp430Timer"/>
      </instance>
      <interface-functions>
        <function-ref name="clear" ref="0x7f87df72bd00" scoped=""/>
        <function-ref name="setClockSource" ref="0x7f87df729020" scoped=""/>
        <function-ref name="enableEvents" ref="0x7f87df7291b0" scoped=""/>
        <function-ref name="get" ref="0x7f87df729340" scoped=""/>
        <function-ref name="disableEvents" ref="0x7f87df7294d0" scoped=""/>
        <function-ref name="clearOverflow" ref="0x7f87df729660" scoped=""/>
        <function-ref name="getMode" ref="0x7f87df7297f0" scoped=""/>
        <function-ref name="isOverflowPending" ref="0x7f87df729980" scoped=""/>
        <function-ref name="overflow" ref="0x7f87df729b10" scoped=""/>
        <function-ref name="setMode" ref="0x7f87df729ca0" scoped=""/>
        <function-ref name="setInputDivider" ref="0x7f87df729e30" scoped=""/>
      </interface-functions>
    </interface><interface loc="44:/opt/tinyos-2.1.2/tos/chips/msp430/timer/Msp430CounterC.nc" name="Counter" provided="1" ref="0x7f87df72d6e0">
      <component-ref nicename="tos.chips.msp430.timer.Msp430CounterC" qname="Msp430CounterC"/>
      <type-interface alignment="I:2" size="I:2"><interface-ref name="Counter" ref="0x7f87df72d6e0" scoped=""/></type-interface>
      <instance>
        <interfacedef-ref nicename="tos.lib.timer.Counter" qname="Counter"/>
        <arguments>
          <type-var alignment="U:" size="U:"><typedef-ref name="frequency_tag" ref="0x7f87df731a40" scoped=""/></type-var>
          <type-int alignment="I:2" cname="unsigned int" size="I:2" unsigned="">
            <typename><typedef-ref name="uint16_t" ref="0x7f87e0c43520"/></typename>
          </type-int>
        </arguments>
      </instance>
      <interface-functions>
        <function-ref name="get" ref="0x7f87df72c5b0" scoped=""/>
        <function-ref name="clearOverflow" ref="0x7f87df72b020" scoped=""/>
        <function-ref name="isOverflowPending" ref="0x7f87df72ca70" scoped=""/>
        <function-ref name="overflow" ref="0x7f87df72b4e0" scoped=""/>
      </interface-functions>
    </interface></specification><referenced/></component>