<?xml version="1.0" ?><component abstract="" loc="42:/opt/tinyos-2.1.2/tos/chips/msp430/pins/Msp430GpioC.nc" nicename="tos.chips.msp430.pins.Msp430GpioC" qname="Msp430GpioC" safe="">
      <documentation loc="33:/opt/tinyos-2.1.2/tos/chips/msp430/pins/Msp430GpioC.nc">
        <short>
 Implementation of the general-purpose I/O abstraction
 for the TI MSP430 microcontroller.</short>
        <long>
 Implementation of the general-purpose I/O abstraction
 for the TI MSP430 microcontroller.

 @author Joe Polastre
 @see  Please refer to TEP 117 for more information about this component and its
          intended use.
</long>
      </documentation>
      <parameters>
      </parameters>
      <module/>
    <specification><interface loc="44:/opt/tinyos-2.1.2/tos/chips/msp430/pins/Msp430GpioC.nc" name="HplGeneralIO" provided="0" ref="0x7f87df7f4140">
      <component-ref nicename="tos.chips.msp430.pins.Msp430GpioC" qname="Msp430GpioC"/>
      <type-interface alignment="I:2" size="I:2"><interface-ref name="HplGeneralIO" ref="0x7f87df7f4140" scoped=""/></type-interface>
      <instance>
        <interfacedef-ref nicename="tos.chips.msp430.pins.HplMsp430GeneralIO" qname="HplMsp430GeneralIO"/>
      </instance>
      <interface-functions>
        <function-ref name="makeInput" ref="0x7f87df7f44c0" scoped=""/>
        <function-ref name="isInput" ref="0x7f87df7f4650" scoped=""/>
        <function-ref name="setResistor" ref="0x7f87df7f47e0" scoped=""/>
        <function-ref name="toggle" ref="0x7f87df7f4970" scoped=""/>
        <function-ref name="isOutput" ref="0x7f87df7f4b00" scoped=""/>
        <function-ref name="getResistor" ref="0x7f87df7f4c90" scoped=""/>
        <function-ref name="makeOutput" ref="0x7f87df7f4e20" scoped=""/>
        <function-ref name="get" ref="0x7f87df7f3020" scoped=""/>
        <function-ref name="selectIOFunc" ref="0x7f87df7f31b0" scoped=""/>
        <function-ref name="getRaw" ref="0x7f87df7f3340" scoped=""/>
        <function-ref name="set" ref="0x7f87df7f34d0" scoped=""/>
        <function-ref name="selectModuleFunc" ref="0x7f87df7f3660" scoped=""/>
        <function-ref name="isIOFunc" ref="0x7f87df7f37f0" scoped=""/>
        <function-ref name="isModuleFunc" ref="0x7f87df7f3a80" scoped=""/>
        <function-ref name="clr" ref="0x7f87df7f3c10" scoped=""/>
      </interface-functions>
    </interface><interface loc="43:/opt/tinyos-2.1.2/tos/chips/msp430/pins/Msp430GpioC.nc" name="GeneralIO" provided="1" ref="0x7f87df7f8e20">
      <component-ref nicename="tos.chips.msp430.pins.Msp430GpioC" qname="Msp430GpioC"/>
      <type-interface alignment="I:2" size="I:2"><interface-ref name="GeneralIO" ref="0x7f87df7f8e20" scoped=""/></type-interface>
      <instance>
        <interfacedef-ref nicename="tos.interfaces.GeneralIO" qname="GeneralIO"/>
      </instance>
      <interface-functions>
        <function-ref name="makeInput" ref="0x7f87df7f51c0" scoped=""/>
        <function-ref name="isInput" ref="0x7f87df7f5350" scoped=""/>
        <function-ref name="toggle" ref="0x7f87df7f54e0" scoped=""/>
        <function-ref name="isOutput" ref="0x7f87df7f5670" scoped=""/>
        <function-ref name="get" ref="0x7f87df7f5800" scoped=""/>
        <function-ref name="makeOutput" ref="0x7f87df7f5990" scoped=""/>
        <function-ref name="set" ref="0x7f87df7f5b20" scoped=""/>
        <function-ref name="clr" ref="0x7f87df7f5cb0" scoped=""/>
      </interface-functions>
    </interface></specification><referenced/></component>