<?xml version="1.0" ?><component loc="40:/opt/tinyos-2.1.2/tos/platforms/telosa/PlatformLedsC.nc" nicename="tos.platforms.telosa.PlatformLedsC" qname="PlatformLedsC">
      <documentation loc="34:/opt/tinyos-2.1.2/tos/platforms/telosa/PlatformLedsC.nc">
        <short>
 </short>
        <long>
 @author Joe Polastre
 @version $Revision: 1.5 $ $Date: 2010-06-29 22:07:55 $
</long>
      </documentation>
      <configuration/>
      <wiring>
        <wire loc="58:/opt/tinyos-2.1.2/tos/platforms/telosa/PlatformLedsC.nc">
          <from><interface-ref name="Led0" ref="0x7f87dfa11360" scoped=""/></from>
          <to><interface-ref name="GeneralIO" ref="0x7f87df7f6020" scoped=""/></to>
        </wire>
        <wire loc="61:/opt/tinyos-2.1.2/tos/platforms/telosa/PlatformLedsC.nc">
          <from><interface-ref name="Led1" ref="0x7f87dfa106a0" scoped=""/></from>
          <to><interface-ref name="GeneralIO" ref="0x7f87df7e2b90" scoped=""/></to>
        </wire>
        <wire loc="64:/opt/tinyos-2.1.2/tos/platforms/telosa/PlatformLedsC.nc">
          <from><interface-ref name="Led2" ref="0x7f87dfa0f9c0" scoped=""/></from>
          <to><interface-ref name="GeneralIO" ref="0x7f87df7dd710" scoped=""/></to>
        </wire>
        <wire loc="56:/opt/tinyos-2.1.2/tos/platforms/telosa/PlatformLedsC.nc">
          <from><interface-ref name="LedsInit" ref="0x7f87dfc9d520" scoped=""/></from>
          <to><interface-ref name="Init" ref="0x7f87dfa0ec40" scoped=""/></to>
        </wire>
        <wire loc="59:/opt/tinyos-2.1.2/tos/platforms/telosa/PlatformLedsC.nc">
          <from><interface-ref name="HplGeneralIO" ref="0x7f87df7e52f0" scoped=""/></from>
          <to><interface-ref name="Port54" ref="0x7f87df9b6200" scoped=""/></to>
        </wire>
        <wire loc="62:/opt/tinyos-2.1.2/tos/platforms/telosa/PlatformLedsC.nc">
          <from><interface-ref name="HplGeneralIO" ref="0x7f87df7e1de0" scoped=""/></from>
          <to><interface-ref name="Port55" ref="0x7f87df9b4200" scoped=""/></to>
        </wire>
        <wire loc="65:/opt/tinyos-2.1.2/tos/platforms/telosa/PlatformLedsC.nc">
          <from><interface-ref name="HplGeneralIO" ref="0x7f87df7db930" scoped=""/></from>
          <to><interface-ref name="Port56" ref="0x7f87df9b2200" scoped=""/></to>
        </wire>
      </wiring>
    <specification><interface loc="41:/opt/tinyos-2.1.2/tos/platforms/telosa/PlatformLedsC.nc" name="Led0" provided="1" ref="0x7f87dfa11360">
      <component-ref nicename="tos.platforms.telosa.PlatformLedsC" qname="PlatformLedsC"/>
      <type-interface alignment="I:2" size="I:2"><interface-ref name="Led0" ref="0x7f87dfa11360" scoped=""/></type-interface>
      <instance>
        <interfacedef-ref nicename="tos.interfaces.GeneralIO" qname="GeneralIO"/>
      </instance>
      <interface-functions>
        <function-ref name="makeInput" ref="0x7f87dfa116e0" scoped=""/>
        <function-ref name="isInput" ref="0x7f87dfa11870" scoped=""/>
        <function-ref name="toggle" ref="0x7f87dfa11a00" scoped=""/>
        <function-ref name="isOutput" ref="0x7f87dfa11b90" scoped=""/>
        <function-ref name="get" ref="0x7f87dfa11d20" scoped=""/>
        <function-ref name="makeOutput" ref="0x7f87dfa10020" scoped=""/>
        <function-ref name="set" ref="0x7f87dfa101b0" scoped=""/>
        <function-ref name="clr" ref="0x7f87dfa10340" scoped=""/>
      </interface-functions>
    </interface><interface loc="42:/opt/tinyos-2.1.2/tos/platforms/telosa/PlatformLedsC.nc" name="Led1" provided="1" ref="0x7f87dfa106a0">
      <component-ref nicename="tos.platforms.telosa.PlatformLedsC" qname="PlatformLedsC"/>
      <type-interface alignment="I:2" size="I:2"><interface-ref name="Led1" ref="0x7f87dfa106a0" scoped=""/></type-interface>
      <instance>
        <interfacedef-ref nicename="tos.interfaces.GeneralIO" qname="GeneralIO"/>
      </instance>
      <interface-functions>
        <function-ref name="makeInput" ref="0x7f87dfa10a20" scoped=""/>
        <function-ref name="isInput" ref="0x7f87dfa10bb0" scoped=""/>
        <function-ref name="toggle" ref="0x7f87dfa10d40" scoped=""/>
        <function-ref name="isOutput" ref="0x7f87dfa0f020" scoped=""/>
        <function-ref name="get" ref="0x7f87dfa0f1b0" scoped=""/>
        <function-ref name="makeOutput" ref="0x7f87dfa0f340" scoped=""/>
        <function-ref name="set" ref="0x7f87dfa0f4d0" scoped=""/>
        <function-ref name="clr" ref="0x7f87dfa0f660" scoped=""/>
      </interface-functions>
    </interface><interface loc="44:/opt/tinyos-2.1.2/tos/platforms/telosa/PlatformLedsC.nc" name="Init" provided="0" ref="0x7f87dfa0ec40">
      <component-ref nicename="tos.platforms.telosa.PlatformLedsC" qname="PlatformLedsC"/>
      <type-interface alignment="I:2" size="I:2"><interface-ref name="Init" ref="0x7f87dfa0ec40" scoped=""/></type-interface>
      <instance>
        <interfacedef-ref nicename="tos.interfaces.Init" qname="Init"/>
      </instance>
      <interface-functions>
        <function-ref name="init" ref="0x7f87dfa0d020" scoped=""/>
      </interface-functions>
    </interface><interface loc="43:/opt/tinyos-2.1.2/tos/platforms/telosa/PlatformLedsC.nc" name="Led2" provided="1" ref="0x7f87dfa0f9c0">
      <component-ref nicename="tos.platforms.telosa.PlatformLedsC" qname="PlatformLedsC"/>
      <type-interface alignment="I:2" size="I:2"><interface-ref name="Led2" ref="0x7f87dfa0f9c0" scoped=""/></type-interface>
      <instance>
        <interfacedef-ref nicename="tos.interfaces.GeneralIO" qname="GeneralIO"/>
      </instance>
      <interface-functions>
        <function-ref name="makeInput" ref="0x7f87dfa0fd40" scoped=""/>
        <function-ref name="isInput" ref="0x7f87dfa0e020" scoped=""/>
        <function-ref name="toggle" ref="0x7f87dfa0e1b0" scoped=""/>
        <function-ref name="isOutput" ref="0x7f87dfa0e340" scoped=""/>
        <function-ref name="get" ref="0x7f87dfa0e4d0" scoped=""/>
        <function-ref name="makeOutput" ref="0x7f87dfa0e660" scoped=""/>
        <function-ref name="set" ref="0x7f87dfa0e7f0" scoped=""/>
        <function-ref name="clr" ref="0x7f87dfa0e980" scoped=""/>
      </interface-functions>
    </interface></specification><referenced><interface loc="43:/opt/tinyos-2.1.2/tos/chips/msp430/pins/Msp430GpioC.nc" name="GeneralIO" provided="1" ref="0x7f87df7dd710">
      <component-ref nicename="tos.chips.msp430.pins.Msp430GpioC" qname="PlatformLedsC.Led2Impl"/>
      <type-interface alignment="I:2" size="I:2"><interface-ref name="GeneralIO" ref="0x7f87df7dd710" scoped=""/></type-interface>
      <instance>
        <interfacedef-ref nicename="tos.interfaces.GeneralIO" qname="GeneralIO"/>
      </instance>
      <interface-functions>
        <function-ref name="makeInput" ref="0x7f87df7dda90" scoped=""/>
        <function-ref name="isInput" ref="0x7f87df7ddc20" scoped=""/>
        <function-ref name="toggle" ref="0x7f87df7dddb0" scoped=""/>
        <function-ref name="isOutput" ref="0x7f87df7db020" scoped=""/>
        <function-ref name="get" ref="0x7f87df7db1b0" scoped=""/>
        <function-ref name="makeOutput" ref="0x7f87df7db340" scoped=""/>
        <function-ref name="set" ref="0x7f87df7db4d0" scoped=""/>
        <function-ref name="clr" ref="0x7f87df7db660" scoped=""/>
      </interface-functions>
    </interface><interface loc="44:/opt/tinyos-2.1.2/tos/chips/msp430/pins/Msp430GpioC.nc" name="HplGeneralIO" provided="0" ref="0x7f87df7db930">
      <component-ref nicename="tos.chips.msp430.pins.Msp430GpioC" qname="PlatformLedsC.Led2Impl"/>
      <type-interface alignment="I:2" size="I:2"><interface-ref name="HplGeneralIO" ref="0x7f87df7db930" scoped=""/></type-interface>
      <instance>
        <interfacedef-ref nicename="tos.chips.msp430.pins.HplMsp430GeneralIO" qname="HplMsp430GeneralIO"/>
      </instance>
      <interface-functions>
        <function-ref name="makeInput" ref="0x7f87df7dbcb0" scoped=""/>
        <function-ref name="isInput" ref="0x7f87df7dbe40" scoped=""/>
        <function-ref name="setResistor" ref="0x7f87df7da020" scoped=""/>
        <function-ref name="toggle" ref="0x7f87df7da1b0" scoped=""/>
        <function-ref name="isOutput" ref="0x7f87df7da340" scoped=""/>
        <function-ref name="getResistor" ref="0x7f87df7da4d0" scoped=""/>
        <function-ref name="makeOutput" ref="0x7f87df7da660" scoped=""/>
        <function-ref name="get" ref="0x7f87df7da7f0" scoped=""/>
        <function-ref name="selectIOFunc" ref="0x7f87df7da980" scoped=""/>
        <function-ref name="getRaw" ref="0x7f87df7dab10" scoped=""/>
        <function-ref name="set" ref="0x7f87df7daca0" scoped=""/>
        <function-ref name="selectModuleFunc" ref="0x7f87df7dae30" scoped=""/>
        <function-ref name="isIOFunc" ref="0x7f87df7d9020" scoped=""/>
        <function-ref name="isModuleFunc" ref="0x7f87df7d92b0" scoped=""/>
        <function-ref name="clr" ref="0x7f87df7d9440" scoped=""/>
      </interface-functions>
    </interface><interface loc="43:/opt/tinyos-2.1.2/tos/chips/msp430/pins/Msp430GpioC.nc" name="GeneralIO" provided="1" ref="0x7f87df7f6020">
      <component-ref nicename="tos.chips.msp430.pins.Msp430GpioC" qname="PlatformLedsC.Led0Impl"/>
      <type-interface alignment="I:2" size="I:2"><interface-ref name="GeneralIO" ref="0x7f87df7f6020" scoped=""/></type-interface>
      <instance>
        <interfacedef-ref nicename="tos.interfaces.GeneralIO" qname="GeneralIO"/>
      </instance>
      <interface-functions>
        <function-ref name="makeInput" ref="0x7f87df7f63a0" scoped=""/>
        <function-ref name="isInput" ref="0x7f87df7f6530" scoped=""/>
        <function-ref name="toggle" ref="0x7f87df7f66c0" scoped=""/>
        <function-ref name="isOutput" ref="0x7f87df7f6850" scoped=""/>
        <function-ref name="get" ref="0x7f87df7f69e0" scoped=""/>
        <function-ref name="makeOutput" ref="0x7f87df7f6b70" scoped=""/>
        <function-ref name="set" ref="0x7f87df7f6d00" scoped=""/>
        <function-ref name="clr" ref="0x7f87df7e5020" scoped=""/>
      </interface-functions>
    </interface><interface loc="43:/opt/tinyos-2.1.2/tos/chips/msp430/pins/Msp430GpioC.nc" name="GeneralIO" provided="1" ref="0x7f87df7e2b90">
      <component-ref nicename="tos.chips.msp430.pins.Msp430GpioC" qname="PlatformLedsC.Led1Impl"/>
      <type-interface alignment="I:2" size="I:2"><interface-ref name="GeneralIO" ref="0x7f87df7e2b90" scoped=""/></type-interface>
      <instance>
        <interfacedef-ref nicename="tos.interfaces.GeneralIO" qname="GeneralIO"/>
      </instance>
      <interface-functions>
        <function-ref name="makeInput" ref="0x7f87df7e1020" scoped=""/>
        <function-ref name="isInput" ref="0x7f87df7e11b0" scoped=""/>
        <function-ref name="toggle" ref="0x7f87df7e1340" scoped=""/>
        <function-ref name="isOutput" ref="0x7f87df7e14d0" scoped=""/>
        <function-ref name="get" ref="0x7f87df7e1660" scoped=""/>
        <function-ref name="makeOutput" ref="0x7f87df7e17f0" scoped=""/>
        <function-ref name="set" ref="0x7f87df7e1980" scoped=""/>
        <function-ref name="clr" ref="0x7f87df7e1b10" scoped=""/>
      </interface-functions>
    </interface><interface loc="7:/opt/tinyos-2.1.2/tos/platforms/telosa/PlatformP.nc" name="LedsInit" provided="0" ref="0x7f87dfc9d520">
      <component-ref nicename="tos.platforms.telosa.PlatformP" qname="PlatformP"/>
      <type-interface alignment="I:2" size="I:2"><interface-ref name="LedsInit" ref="0x7f87dfc9d520" scoped=""/></type-interface>
      <instance>
        <interfacedef-ref nicename="tos.interfaces.Init" qname="Init"/>
      </instance>
      <interface-functions>
        <function-ref name="init" ref="0x7f87dfc9d8a0" scoped=""/>
      </interface-functions>
    </interface><interface loc="44:/opt/tinyos-2.1.2/tos/chips/msp430/pins/Msp430GpioC.nc" name="HplGeneralIO" provided="0" ref="0x7f87df7e52f0">
      <component-ref nicename="tos.chips.msp430.pins.Msp430GpioC" qname="PlatformLedsC.Led0Impl"/>
      <type-interface alignment="I:2" size="I:2"><interface-ref name="HplGeneralIO" ref="0x7f87df7e52f0" scoped=""/></type-interface>
      <instance>
        <interfacedef-ref nicename="tos.chips.msp430.pins.HplMsp430GeneralIO" qname="HplMsp430GeneralIO"/>
      </instance>
      <interface-functions>
        <function-ref name="makeInput" ref="0x7f87df7e5670" scoped=""/>
        <function-ref name="isInput" ref="0x7f87df7e5800" scoped=""/>
        <function-ref name="setResistor" ref="0x7f87df7e5990" scoped=""/>
        <function-ref name="toggle" ref="0x7f87df7e5b20" scoped=""/>
        <function-ref name="isOutput" ref="0x7f87df7e5cb0" scoped=""/>
        <function-ref name="getResistor" ref="0x7f87df7e5e40" scoped=""/>
        <function-ref name="makeOutput" ref="0x7f87df7e4020" scoped=""/>
        <function-ref name="get" ref="0x7f87df7e41b0" scoped=""/>
        <function-ref name="selectIOFunc" ref="0x7f87df7e4340" scoped=""/>
        <function-ref name="getRaw" ref="0x7f87df7e44d0" scoped=""/>
        <function-ref name="set" ref="0x7f87df7e4660" scoped=""/>
        <function-ref name="selectModuleFunc" ref="0x7f87df7e47f0" scoped=""/>
        <function-ref name="isIOFunc" ref="0x7f87df7e4980" scoped=""/>
        <function-ref name="isModuleFunc" ref="0x7f87df7e4c10" scoped=""/>
        <function-ref name="clr" ref="0x7f87df7e4da0" scoped=""/>
      </interface-functions>
    </interface><interface loc="44:/opt/tinyos-2.1.2/tos/chips/msp430/pins/Msp430GpioC.nc" name="HplGeneralIO" provided="0" ref="0x7f87df7e1de0">
      <component-ref nicename="tos.chips.msp430.pins.Msp430GpioC" qname="PlatformLedsC.Led1Impl"/>
      <type-interface alignment="I:2" size="I:2"><interface-ref name="HplGeneralIO" ref="0x7f87df7e1de0" scoped=""/></type-interface>
      <instance>
        <interfacedef-ref nicename="tos.chips.msp430.pins.HplMsp430GeneralIO" qname="HplMsp430GeneralIO"/>
      </instance>
      <interface-functions>
        <function-ref name="makeInput" ref="0x7f87df7e0180" scoped=""/>
        <function-ref name="isInput" ref="0x7f87df7e0310" scoped=""/>
        <function-ref name="setResistor" ref="0x7f87df7e04a0" scoped=""/>
        <function-ref name="toggle" ref="0x7f87df7e0630" scoped=""/>
        <function-ref name="isOutput" ref="0x7f87df7e07c0" scoped=""/>
        <function-ref name="getResistor" ref="0x7f87df7e0950" scoped=""/>
        <function-ref name="makeOutput" ref="0x7f87df7e0ae0" scoped=""/>
        <function-ref name="get" ref="0x7f87df7e0c70" scoped=""/>
        <function-ref name="selectIOFunc" ref="0x7f87df7e0e00" scoped=""/>
        <function-ref name="getRaw" ref="0x7f87df7df020" scoped=""/>
        <function-ref name="set" ref="0x7f87df7df1b0" scoped=""/>
        <function-ref name="selectModuleFunc" ref="0x7f87df7df340" scoped=""/>
        <function-ref name="isIOFunc" ref="0x7f87df7df4d0" scoped=""/>
        <function-ref name="isModuleFunc" ref="0x7f87df7df760" scoped=""/>
        <function-ref name="clr" ref="0x7f87df7df8f0" scoped=""/>
      </interface-functions>
    </interface><interface loc="98:/opt/tinyos-2.1.2/tos/chips/msp430/pins/HplMsp430GeneralIOC.nc" name="Port55" provided="1" ref="0x7f87df9b4200">
      <component-ref nicename="tos.chips.msp430.pins.HplMsp430GeneralIOC" qname="HplMsp430GeneralIOC"/>
      <type-interface alignment="I:2" size="I:2"><interface-ref name="Port55" ref="0x7f87df9b4200" scoped=""/></type-interface>
      <instance>
        <interfacedef-ref nicename="tos.chips.msp430.pins.HplMsp430GeneralIO" qname="HplMsp430GeneralIO"/>
      </instance>
      <interface-functions>
        <function-ref name="makeInput" ref="0x7f87df9b4580" scoped=""/>
        <function-ref name="isInput" ref="0x7f87df9b4710" scoped=""/>
        <function-ref name="setResistor" ref="0x7f87df9b48a0" scoped=""/>
        <function-ref name="toggle" ref="0x7f87df9b4a30" scoped=""/>
        <function-ref name="isOutput" ref="0x7f87df9b4bc0" scoped=""/>
        <function-ref name="getResistor" ref="0x7f87df9b4d50" scoped=""/>
        <function-ref name="makeOutput" ref="0x7f87df9b3020" scoped=""/>
        <function-ref name="get" ref="0x7f87df9b31b0" scoped=""/>
        <function-ref name="selectIOFunc" ref="0x7f87df9b3340" scoped=""/>
        <function-ref name="getRaw" ref="0x7f87df9b34d0" scoped=""/>
        <function-ref name="set" ref="0x7f87df9b3660" scoped=""/>
        <function-ref name="selectModuleFunc" ref="0x7f87df9b37f0" scoped=""/>
        <function-ref name="isIOFunc" ref="0x7f87df9b3980" scoped=""/>
        <function-ref name="isModuleFunc" ref="0x7f87df9b3c10" scoped=""/>
        <function-ref name="clr" ref="0x7f87df9b3da0" scoped=""/>
      </interface-functions>
    </interface><interface loc="97:/opt/tinyos-2.1.2/tos/chips/msp430/pins/HplMsp430GeneralIOC.nc" name="Port54" provided="1" ref="0x7f87df9b6200">
      <component-ref nicename="tos.chips.msp430.pins.HplMsp430GeneralIOC" qname="HplMsp430GeneralIOC"/>
      <type-interface alignment="I:2" size="I:2"><interface-ref name="Port54" ref="0x7f87df9b6200" scoped=""/></type-interface>
      <instance>
        <interfacedef-ref nicename="tos.chips.msp430.pins.HplMsp430GeneralIO" qname="HplMsp430GeneralIO"/>
      </instance>
      <interface-functions>
        <function-ref name="makeInput" ref="0x7f87df9b6580" scoped=""/>
        <function-ref name="isInput" ref="0x7f87df9b6710" scoped=""/>
        <function-ref name="setResistor" ref="0x7f87df9b68a0" scoped=""/>
        <function-ref name="toggle" ref="0x7f87df9b6a30" scoped=""/>
        <function-ref name="isOutput" ref="0x7f87df9b6bc0" scoped=""/>
        <function-ref name="getResistor" ref="0x7f87df9b6d50" scoped=""/>
        <function-ref name="makeOutput" ref="0x7f87df9b5020" scoped=""/>
        <function-ref name="get" ref="0x7f87df9b51b0" scoped=""/>
        <function-ref name="selectIOFunc" ref="0x7f87df9b5340" scoped=""/>
        <function-ref name="getRaw" ref="0x7f87df9b54d0" scoped=""/>
        <function-ref name="set" ref="0x7f87df9b5660" scoped=""/>
        <function-ref name="selectModuleFunc" ref="0x7f87df9b57f0" scoped=""/>
        <function-ref name="isIOFunc" ref="0x7f87df9b5980" scoped=""/>
        <function-ref name="isModuleFunc" ref="0x7f87df9b5c10" scoped=""/>
        <function-ref name="clr" ref="0x7f87df9b5da0" scoped=""/>
      </interface-functions>
    </interface><interface loc="99:/opt/tinyos-2.1.2/tos/chips/msp430/pins/HplMsp430GeneralIOC.nc" name="Port56" provided="1" ref="0x7f87df9b2200">
      <component-ref nicename="tos.chips.msp430.pins.HplMsp430GeneralIOC" qname="HplMsp430GeneralIOC"/>
      <type-interface alignment="I:2" size="I:2"><interface-ref name="Port56" ref="0x7f87df9b2200" scoped=""/></type-interface>
      <instance>
        <interfacedef-ref nicename="tos.chips.msp430.pins.HplMsp430GeneralIO" qname="HplMsp430GeneralIO"/>
      </instance>
      <interface-functions>
        <function-ref name="makeInput" ref="0x7f87df9b2580" scoped=""/>
        <function-ref name="isInput" ref="0x7f87df9b2710" scoped=""/>
        <function-ref name="setResistor" ref="0x7f87df9b28a0" scoped=""/>
        <function-ref name="toggle" ref="0x7f87df9b2a30" scoped=""/>
        <function-ref name="isOutput" ref="0x7f87df9b2bc0" scoped=""/>
        <function-ref name="getResistor" ref="0x7f87df9b2d50" scoped=""/>
        <function-ref name="makeOutput" ref="0x7f87df9b1020" scoped=""/>
        <function-ref name="get" ref="0x7f87df9b11b0" scoped=""/>
        <function-ref name="selectIOFunc" ref="0x7f87df9b1340" scoped=""/>
        <function-ref name="getRaw" ref="0x7f87df9b14d0" scoped=""/>
        <function-ref name="set" ref="0x7f87df9b1660" scoped=""/>
        <function-ref name="selectModuleFunc" ref="0x7f87df9b17f0" scoped=""/>
        <function-ref name="isIOFunc" ref="0x7f87df9b1980" scoped=""/>
        <function-ref name="isModuleFunc" ref="0x7f87df9b1c10" scoped=""/>
        <function-ref name="clr" ref="0x7f87df9b1da0" scoped=""/>
      </interface-functions>
    </interface><component loc="42(PlatformLedsC.Led0Impl):/opt/tinyos-2.1.2/tos/chips/msp430/pins/Msp430GpioC.nc" nicename="tos.chips.msp430.pins.Msp430GpioC" qname="PlatformLedsC.Led0Impl">
      <documentation loc="33:/opt/tinyos-2.1.2/tos/chips/msp430/pins/Msp430GpioC.nc">
        <short>
 Implementation of the general-purpose I/O abstraction
 for the TI MSP430 microcontroller.</short>
        <long>
 Implementation of the general-purpose I/O abstraction
 for the TI MSP430 microcontroller.

 @author Joe Polastre
 @see  Please refer to TEP 117 for more information about this component and its
          intended use.
</long>
      </documentation>
      <instance number="0">
        <component-ref nicename="tos.chips.msp430.pins.Msp430GpioC" qname="Msp430GpioC"/>
      </instance>
      <module/>
    </component><component loc="3:/opt/tinyos-2.1.2/tos/platforms/telosa/PlatformP.nc" nicename="tos.platforms.telosa.PlatformP" qname="PlatformP" safe="">
      <module/>
    </component><component loc="42(PlatformLedsC.Led1Impl):/opt/tinyos-2.1.2/tos/chips/msp430/pins/Msp430GpioC.nc" nicename="tos.chips.msp430.pins.Msp430GpioC" qname="PlatformLedsC.Led1Impl">
      <documentation loc="33:/opt/tinyos-2.1.2/tos/chips/msp430/pins/Msp430GpioC.nc">
        <short>
 Implementation of the general-purpose I/O abstraction
 for the TI MSP430 microcontroller.</short>
        <long>
 Implementation of the general-purpose I/O abstraction
 for the TI MSP430 microcontroller.

 @author Joe Polastre
 @see  Please refer to TEP 117 for more information about this component and its
          intended use.
</long>
      </documentation>
      <instance number="1">
        <component-ref nicename="tos.chips.msp430.pins.Msp430GpioC" qname="Msp430GpioC"/>
      </instance>
      <module/>
    </component><component loc="45:/opt/tinyos-2.1.2/tos/chips/msp430/pins/HplMsp430GeneralIOC.nc" nicename="tos.chips.msp430.pins.HplMsp430GeneralIOC" qname="HplMsp430GeneralIOC">
      <documentation loc="35:/opt/tinyos-2.1.2/tos/chips/msp430/pins/HplMsp430GeneralIOC.nc">
        <short>
 HPL for the TI MSP430 family of microprocessors.</short>
        <long>
 HPL for the TI MSP430 family of microprocessors. This provides an
 abstraction for general-purpose I/O.

 @author Joe Polastre
 @author Xavier Orduna &lt;xorduna@dexmatech.com&gt;
 @author Peter A. Bigot &lt;pab@peoplepowerco.com&gt;
 @author Eric B. Decker &lt;cire831@gmail.com&gt;
</long>
      </documentation>
      <configuration/>
      <wiring>
        <wire loc="442:/opt/tinyos-2.1.2/tos/chips/msp430/pins/HplMsp430GeneralIOC.nc">
          <from><interface-ref name="Port14" ref="0x7f87df9f7020" scoped=""/></from>
          <to><interface-ref name="IO" ref="0x7f87df92c100" scoped=""/></to>
        </wire>
        <wire loc="455:/opt/tinyos-2.1.2/tos/chips/msp430/pins/HplMsp430GeneralIOC.nc">
          <from><interface-ref name="Port26" ref="0x7f87df9e3020" scoped=""/></from>
          <to><interface-ref name="IO" ref="0x7f87df8fcd10" scoped=""/></to>
        </wire>
        <wire loc="531:/opt/tinyos-2.1.2/tos/chips/msp430/pins/HplMsp430GeneralIOC.nc">
          <from><interface-ref name="SDA" ref="0x7f87df999560" scoped=""/></from>
          <to><interface-ref name="IO" ref="0x7f87df8eed10" scoped=""/></to>
        </wire>
        <wire loc="551:/opt/tinyos-2.1.2/tos/chips/msp430/pins/HplMsp430GeneralIOC.nc">
          <from><interface-ref name="ADC6" ref="0x7f87df975570" scoped=""/></from>
          <to><interface-ref name="IO" ref="0x7f87df862100" scoped=""/></to>
        </wire>
        <wire loc="532:/opt/tinyos-2.1.2/tos/chips/msp430/pins/HplMsp430GeneralIOC.nc">
          <from><interface-ref name="SOMI0" ref="0x7f87df997580" scoped=""/></from>
          <to><interface-ref name="IO" ref="0x7f87df8e9740" scoped=""/></to>
        </wire>
        <wire loc="460:/opt/tinyos-2.1.2/tos/chips/msp430/pins/HplMsp430GeneralIOC.nc">
          <from><interface-ref name="Port30" ref="0x7f87df9df020" scoped=""/></from>
          <to><interface-ref name="IO" ref="0x7f87df8f2100" scoped=""/></to>
        </wire>
        <wire loc="473:/opt/tinyos-2.1.2/tos/chips/msp430/pins/HplMsp430GeneralIOC.nc">
          <from><interface-ref name="Port42" ref="0x7f87df9ca200" scoped=""/></from>
          <to><interface-ref name="IO" ref="0x7f87df8c3e00" scoped=""/></to>
        </wire>
        <wire loc="486:/opt/tinyos-2.1.2/tos/chips/msp430/pins/HplMsp430GeneralIOC.nc">
          <from><interface-ref name="Port54" ref="0x7f87df9b6200" scoped=""/></from>
          <to><interface-ref name="IO" ref="0x7f87df893740" scoped=""/></to>
        </wire>
        <wire loc="497:/opt/tinyos-2.1.2/tos/chips/msp430/pins/HplMsp430GeneralIOC.nc">
          <from><interface-ref name="Port64" ref="0x7f87df9a6200" scoped=""/></from>
          <to><interface-ref name="IO" ref="0x7f87df86cd10" scoped=""/></to>
        </wire>
        <wire loc="535:/opt/tinyos-2.1.2/tos/chips/msp430/pins/HplMsp430GeneralIOC.nc">
          <from><interface-ref name="UTXD0" ref="0x7f87df991580" scoped=""/></from>
          <to><interface-ref name="IO" ref="0x7f87df8e0d10" scoped=""/></to>
        </wire>
        <wire loc="545:/opt/tinyos-2.1.2/tos/chips/msp430/pins/HplMsp430GeneralIOC.nc">
          <from><interface-ref name="ADC0" ref="0x7f87df981570" scoped=""/></from>
          <to><interface-ref name="IO" ref="0x7f87df87f100" scoped=""/></to>
        </wire>
        <wire loc="557:/opt/tinyos-2.1.2/tos/chips/msp430/pins/HplMsp430GeneralIOC.nc">
          <from><interface-ref name="SVSIN" ref="0x7f87df96c580" scoped=""/></from>
          <to><interface-ref name="IO" ref="0x7f87df85ed10" scoped=""/></to>
        </wire>
        <wire loc="445:/opt/tinyos-2.1.2/tos/chips/msp430/pins/HplMsp430GeneralIOC.nc">
          <from><interface-ref name="Port17" ref="0x7f87df9f1020" scoped=""/></from>
          <to><interface-ref name="IO" ref="0x7f87df91d100" scoped=""/></to>
        </wire>
        <wire loc="536:/opt/tinyos-2.1.2/tos/chips/msp430/pins/HplMsp430GeneralIOC.nc">
          <from><interface-ref name="URXD0" ref="0x7f87df98f580" scoped=""/></from>
          <to><interface-ref name="IO" ref="0x7f87df8da740" scoped=""/></to>
        </wire>
        <wire loc="450:/opt/tinyos-2.1.2/tos/chips/msp430/pins/HplMsp430GeneralIOC.nc">
          <from><interface-ref name="Port21" ref="0x7f87df9ed020" scoped=""/></from>
          <to><interface-ref name="IO" ref="0x7f87df914740" scoped=""/></to>
        </wire>
        <wire loc="463:/opt/tinyos-2.1.2/tos/chips/msp430/pins/HplMsp430GeneralIOC.nc">
          <from><interface-ref name="Port33" ref="0x7f87df9d9020" scoped=""/></from>
          <to><interface-ref name="IO" ref="0x7f87df8e4100" scoped=""/></to>
        </wire>
        <wire loc="476:/opt/tinyos-2.1.2/tos/chips/msp430/pins/HplMsp430GeneralIOC.nc">
          <from><interface-ref name="Port45" ref="0x7f87df9c4200" scoped=""/></from>
          <to><interface-ref name="IO" ref="0x7f87df8b4d10" scoped=""/></to>
        </wire>
        <wire loc="489:/opt/tinyos-2.1.2/tos/chips/msp430/pins/HplMsp430GeneralIOC.nc">
          <from><interface-ref name="Port57" ref="0x7f87df9b0200" scoped=""/></from>
          <to><interface-ref name="IO" ref="0x7f87df884740" scoped=""/></to>
        </wire>
        <wire loc="500:/opt/tinyos-2.1.2/tos/chips/msp430/pins/HplMsp430GeneralIOC.nc">
          <from><interface-ref name="Port67" ref="0x7f87df99f200" scoped=""/></from>
          <to><interface-ref name="IO" ref="0x7f87df85ed10" scoped=""/></to>
        </wire>
        <wire loc="440:/opt/tinyos-2.1.2/tos/chips/msp430/pins/HplMsp430GeneralIOC.nc">
          <from><interface-ref name="Port12" ref="0x7f87df9fb020" scoped=""/></from>
          <to><interface-ref name="IO" ref="0x7f87df936d10" scoped=""/></to>
        </wire>
        <wire loc="453:/opt/tinyos-2.1.2/tos/chips/msp430/pins/HplMsp430GeneralIOC.nc">
          <from><interface-ref name="Port24" ref="0x7f87df9e7020" scoped=""/></from>
          <to><interface-ref name="IO" ref="0x7f87df906860" scoped=""/></to>
        </wire>
        <wire loc="466:/opt/tinyos-2.1.2/tos/chips/msp430/pins/HplMsp430GeneralIOC.nc">
          <from><interface-ref name="Port36" ref="0x7f87df9d3020" scoped=""/></from>
          <to><interface-ref name="IO" ref="0x7f87df8d5100" scoped=""/></to>
        </wire>
        <wire loc="530:/opt/tinyos-2.1.2/tos/chips/msp430/pins/HplMsp430GeneralIOC.nc">
          <from><interface-ref name="SIMO0" ref="0x7f87df99b580" scoped=""/></from>
          <to><interface-ref name="IO" ref="0x7f87df8eed10" scoped=""/></to>
        </wire>
        <wire loc="548:/opt/tinyos-2.1.2/tos/chips/msp430/pins/HplMsp430GeneralIOC.nc">
          <from><interface-ref name="ADC3" ref="0x7f87df97b570" scoped=""/></from>
          <to><interface-ref name="IO" ref="0x7f87df871100" scoped=""/></to>
        </wire>
        <wire loc="555:/opt/tinyos-2.1.2/tos/chips/msp430/pins/HplMsp430GeneralIOC.nc">
          <from><interface-ref name="DAC1" ref="0x7f87df96e570" scoped=""/></from>
          <to><interface-ref name="IO" ref="0x7f87df85ed10" scoped=""/></to>
        </wire>
        <wire loc="541:/opt/tinyos-2.1.2/tos/chips/msp430/pins/HplMsp430GeneralIOC.nc">
          <from><interface-ref name="UCLK1" ref="0x7f87df987580" scoped=""/></from>
          <to><interface-ref name="IO" ref="0x7f87df898d10" scoped=""/></to>
        </wire>
        <wire loc="471:/opt/tinyos-2.1.2/tos/chips/msp430/pins/HplMsp430GeneralIOC.nc">
          <from><interface-ref name="Port40" ref="0x7f87df9ce020" scoped=""/></from>
          <to><interface-ref name="IO" ref="0x7f87df8cca60" scoped=""/></to>
        </wire>
        <wire loc="484:/opt/tinyos-2.1.2/tos/chips/msp430/pins/HplMsp430GeneralIOC.nc">
          <from><interface-ref name="Port52" ref="0x7f87df9ba200" scoped=""/></from>
          <to><interface-ref name="IO" ref="0x7f87df89c100" scoped=""/></to>
        </wire>
        <wire loc="495:/opt/tinyos-2.1.2/tos/chips/msp430/pins/HplMsp430GeneralIOC.nc">
          <from><interface-ref name="Port62" ref="0x7f87df9aa200" scoped=""/></from>
          <to><interface-ref name="IO" ref="0x7f87df876740" scoped=""/></to>
        </wire>
        <wire loc="549:/opt/tinyos-2.1.2/tos/chips/msp430/pins/HplMsp430GeneralIOC.nc">
          <from><interface-ref name="ADC4" ref="0x7f87df979570" scoped=""/></from>
          <to><interface-ref name="IO" ref="0x7f87df86cd10" scoped=""/></to>
        </wire>
        <wire loc="538:/opt/tinyos-2.1.2/tos/chips/msp430/pins/HplMsp430GeneralIOC.nc">
          <from><interface-ref name="STE1" ref="0x7f87df98d570" scoped=""/></from>
          <to><interface-ref name="IO" ref="0x7f87df8a6d10" scoped=""/></to>
        </wire>
        <wire loc="443:/opt/tinyos-2.1.2/tos/chips/msp430/pins/HplMsp430GeneralIOC.nc">
          <from><interface-ref name="Port15" ref="0x7f87df9f5020" scoped=""/></from>
          <to><interface-ref name="IO" ref="0x7f87df928d10" scoped=""/></to>
        </wire>
        <wire loc="456:/opt/tinyos-2.1.2/tos/chips/msp430/pins/HplMsp430GeneralIOC.nc">
          <from><interface-ref name="Port27" ref="0x7f87df9e1020" scoped=""/></from>
          <to><interface-ref name="IO" ref="0x7f87df8f7740" scoped=""/></to>
        </wire>
        <wire loc="493:/opt/tinyos-2.1.2/tos/chips/msp430/pins/HplMsp430GeneralIOC.nc">
          <from><interface-ref name="Port60" ref="0x7f87df9ae200" scoped=""/></from>
          <to><interface-ref name="IO" ref="0x7f87df87f100" scoped=""/></to>
        </wire>
        <wire loc="461:/opt/tinyos-2.1.2/tos/chips/msp430/pins/HplMsp430GeneralIOC.nc">
          <from><interface-ref name="Port31" ref="0x7f87df9dd020" scoped=""/></from>
          <to><interface-ref name="IO" ref="0x7f87df8eed10" scoped=""/></to>
        </wire>
        <wire loc="474:/opt/tinyos-2.1.2/tos/chips/msp430/pins/HplMsp430GeneralIOC.nc">
          <from><interface-ref name="Port43" ref="0x7f87df9c8200" scoped=""/></from>
          <to><interface-ref name="IO" ref="0x7f87df8be740" scoped=""/></to>
        </wire>
        <wire loc="487:/opt/tinyos-2.1.2/tos/chips/msp430/pins/HplMsp430GeneralIOC.nc">
          <from><interface-ref name="Port55" ref="0x7f87df9b4200" scoped=""/></from>
          <to><interface-ref name="IO" ref="0x7f87df88d100" scoped=""/></to>
        </wire>
        <wire loc="498:/opt/tinyos-2.1.2/tos/chips/msp430/pins/HplMsp430GeneralIOC.nc">
          <from><interface-ref name="Port65" ref="0x7f87df9a4200" scoped=""/></from>
          <to><interface-ref name="IO" ref="0x7f87df867740" scoped=""/></to>
        </wire>
        <wire loc="540:/opt/tinyos-2.1.2/tos/chips/msp430/pins/HplMsp430GeneralIOC.nc">
          <from><interface-ref name="SOMI1" ref="0x7f87df989580" scoped=""/></from>
          <to><interface-ref name="IO" ref="0x7f87df89c100" scoped=""/></to>
        </wire>
        <wire loc="438:/opt/tinyos-2.1.2/tos/chips/msp430/pins/HplMsp430GeneralIOC.nc">
          <from><interface-ref name="Port10" ref="0x7f87dfa09020" scoped=""/></from>
          <to><interface-ref name="IO" ref="0x7f87df93f6d0" scoped=""/></to>
        </wire>
        <wire loc="451:/opt/tinyos-2.1.2/tos/chips/msp430/pins/HplMsp430GeneralIOC.nc">
          <from><interface-ref name="Port22" ref="0x7f87df9eb020" scoped=""/></from>
          <to><interface-ref name="IO" ref="0x7f87df90f100" scoped=""/></to>
        </wire>
        <wire loc="464:/opt/tinyos-2.1.2/tos/chips/msp430/pins/HplMsp430GeneralIOC.nc">
          <from><interface-ref name="Port34" ref="0x7f87df9d7020" scoped=""/></from>
          <to><interface-ref name="IO" ref="0x7f87df8e0d10" scoped=""/></to>
        </wire>
        <wire loc="477:/opt/tinyos-2.1.2/tos/chips/msp430/pins/HplMsp430GeneralIOC.nc">
          <from><interface-ref name="Port46" ref="0x7f87df9c2200" scoped=""/></from>
          <to><interface-ref name="IO" ref="0x7f87df8af740" scoped=""/></to>
        </wire>
        <wire loc="542:/opt/tinyos-2.1.2/tos/chips/msp430/pins/HplMsp430GeneralIOC.nc">
          <from><interface-ref name="UTXD1" ref="0x7f87df985580" scoped=""/></from>
          <to><interface-ref name="IO" ref="0x7f87df8d5100" scoped=""/></to>
        </wire>
        <wire loc="546:/opt/tinyos-2.1.2/tos/chips/msp430/pins/HplMsp430GeneralIOC.nc">
          <from><interface-ref name="ADC1" ref="0x7f87df97f570" scoped=""/></from>
          <to><interface-ref name="IO" ref="0x7f87df87bd10" scoped=""/></to>
        </wire>
        <wire loc="552:/opt/tinyos-2.1.2/tos/chips/msp430/pins/HplMsp430GeneralIOC.nc">
          <from><interface-ref name="ADC7" ref="0x7f87df973570" scoped=""/></from>
          <to><interface-ref name="IO" ref="0x7f87df85ed10" scoped=""/></to>
        </wire>
        <wire loc="482:/opt/tinyos-2.1.2/tos/chips/msp430/pins/HplMsp430GeneralIOC.nc">
          <from><interface-ref name="Port50" ref="0x7f87df9be200" scoped=""/></from>
          <to><interface-ref name="IO" ref="0x7f87df8a6d10" scoped=""/></to>
        </wire>
        <wire loc="543:/opt/tinyos-2.1.2/tos/chips/msp430/pins/HplMsp430GeneralIOC.nc">
          <from><interface-ref name="URXD1" ref="0x7f87df983580" scoped=""/></from>
          <to><interface-ref name="IO" ref="0x7f87df8d1d10" scoped=""/></to>
        </wire>
        <wire loc="441:/opt/tinyos-2.1.2/tos/chips/msp430/pins/HplMsp430GeneralIOC.nc">
          <from><interface-ref name="Port13" ref="0x7f87df9f9020" scoped=""/></from>
          <to><interface-ref name="IO" ref="0x7f87df931740" scoped=""/></to>
        </wire>
        <wire loc="454:/opt/tinyos-2.1.2/tos/chips/msp430/pins/HplMsp430GeneralIOC.nc">
          <from><interface-ref name="Port25" ref="0x7f87df9e5020" scoped=""/></from>
          <to><interface-ref name="IO" ref="0x7f87df901270" scoped=""/></to>
        </wire>
        <wire loc="467:/opt/tinyos-2.1.2/tos/chips/msp430/pins/HplMsp430GeneralIOC.nc">
          <from><interface-ref name="Port37" ref="0x7f87df9d1020" scoped=""/></from>
          <to><interface-ref name="IO" ref="0x7f87df8d1d10" scoped=""/></to>
        </wire>
        <wire loc="539:/opt/tinyos-2.1.2/tos/chips/msp430/pins/HplMsp430GeneralIOC.nc">
          <from><interface-ref name="SIMO1" ref="0x7f87df98b580" scoped=""/></from>
          <to><interface-ref name="IO" ref="0x7f87df8a1740" scoped=""/></to>
        </wire>
        <wire loc="550:/opt/tinyos-2.1.2/tos/chips/msp430/pins/HplMsp430GeneralIOC.nc">
          <from><interface-ref name="ADC5" ref="0x7f87df977570" scoped=""/></from>
          <to><interface-ref name="IO" ref="0x7f87df867740" scoped=""/></to>
        </wire>
        <wire loc="472:/opt/tinyos-2.1.2/tos/chips/msp430/pins/HplMsp430GeneralIOC.nc">
          <from><interface-ref name="Port41" ref="0x7f87df9cc200" scoped=""/></from>
          <to><interface-ref name="IO" ref="0x7f87df8c7460" scoped=""/></to>
        </wire>
        <wire loc="485:/opt/tinyos-2.1.2/tos/chips/msp430/pins/HplMsp430GeneralIOC.nc">
          <from><interface-ref name="Port53" ref="0x7f87df9b8200" scoped=""/></from>
          <to><interface-ref name="IO" ref="0x7f87df898d10" scoped=""/></to>
        </wire>
        <wire loc="496:/opt/tinyos-2.1.2/tos/chips/msp430/pins/HplMsp430GeneralIOC.nc">
          <from><interface-ref name="Port63" ref="0x7f87df9a8200" scoped=""/></from>
          <to><interface-ref name="IO" ref="0x7f87df871100" scoped=""/></to>
        </wire>
        <wire loc="444:/opt/tinyos-2.1.2/tos/chips/msp430/pins/HplMsp430GeneralIOC.nc">
          <from><interface-ref name="Port16" ref="0x7f87df9f3020" scoped=""/></from>
          <to><interface-ref name="IO" ref="0x7f87df922740" scoped=""/></to>
        </wire>
        <wire loc="494:/opt/tinyos-2.1.2/tos/chips/msp430/pins/HplMsp430GeneralIOC.nc">
          <from><interface-ref name="Port61" ref="0x7f87df9ac200" scoped=""/></from>
          <to><interface-ref name="IO" ref="0x7f87df87bd10" scoped=""/></to>
        </wire>
        <wire loc="449:/opt/tinyos-2.1.2/tos/chips/msp430/pins/HplMsp430GeneralIOC.nc">
          <from><interface-ref name="Port20" ref="0x7f87df9ef020" scoped=""/></from>
          <to><interface-ref name="IO" ref="0x7f87df919d10" scoped=""/></to>
        </wire>
        <wire loc="462:/opt/tinyos-2.1.2/tos/chips/msp430/pins/HplMsp430GeneralIOC.nc">
          <from><interface-ref name="Port32" ref="0x7f87df9db020" scoped=""/></from>
          <to><interface-ref name="IO" ref="0x7f87df8e9740" scoped=""/></to>
        </wire>
        <wire loc="475:/opt/tinyos-2.1.2/tos/chips/msp430/pins/HplMsp430GeneralIOC.nc">
          <from><interface-ref name="Port44" ref="0x7f87df9c6200" scoped=""/></from>
          <to><interface-ref name="IO" ref="0x7f87df8b9100" scoped=""/></to>
        </wire>
        <wire loc="488:/opt/tinyos-2.1.2/tos/chips/msp430/pins/HplMsp430GeneralIOC.nc">
          <from><interface-ref name="Port56" ref="0x7f87df9b2200" scoped=""/></from>
          <to><interface-ref name="IO" ref="0x7f87df889d10" scoped=""/></to>
        </wire>
        <wire loc="499:/opt/tinyos-2.1.2/tos/chips/msp430/pins/HplMsp430GeneralIOC.nc">
          <from><interface-ref name="Port66" ref="0x7f87df9a2200" scoped=""/></from>
          <to><interface-ref name="IO" ref="0x7f87df862100" scoped=""/></to>
        </wire>
        <wire loc="439:/opt/tinyos-2.1.2/tos/chips/msp430/pins/HplMsp430GeneralIOC.nc">
          <from><interface-ref name="Port11" ref="0x7f87df9fd020" scoped=""/></from>
          <to><interface-ref name="IO" ref="0x7f87df93a100" scoped=""/></to>
        </wire>
        <wire loc="452:/opt/tinyos-2.1.2/tos/chips/msp430/pins/HplMsp430GeneralIOC.nc">
          <from><interface-ref name="Port23" ref="0x7f87df9e9020" scoped=""/></from>
          <to><interface-ref name="IO" ref="0x7f87df90bd10" scoped=""/></to>
        </wire>
        <wire loc="465:/opt/tinyos-2.1.2/tos/chips/msp430/pins/HplMsp430GeneralIOC.nc">
          <from><interface-ref name="Port35" ref="0x7f87df9d5020" scoped=""/></from>
          <to><interface-ref name="IO" ref="0x7f87df8da740" scoped=""/></to>
        </wire>
        <wire loc="478:/opt/tinyos-2.1.2/tos/chips/msp430/pins/HplMsp430GeneralIOC.nc">
          <from><interface-ref name="Port47" ref="0x7f87df9c0200" scoped=""/></from>
          <to><interface-ref name="IO" ref="0x7f87df8aa100" scoped=""/></to>
        </wire>
        <wire loc="534:/opt/tinyos-2.1.2/tos/chips/msp430/pins/HplMsp430GeneralIOC.nc">
          <from><interface-ref name="SCL" ref="0x7f87df993560" scoped=""/></from>
          <to><interface-ref name="IO" ref="0x7f87df8e4100" scoped=""/></to>
        </wire>
        <wire loc="547:/opt/tinyos-2.1.2/tos/chips/msp430/pins/HplMsp430GeneralIOC.nc">
          <from><interface-ref name="ADC2" ref="0x7f87df97d570" scoped=""/></from>
          <to><interface-ref name="IO" ref="0x7f87df876740" scoped=""/></to>
        </wire>
        <wire loc="533:/opt/tinyos-2.1.2/tos/chips/msp430/pins/HplMsp430GeneralIOC.nc">
          <from><interface-ref name="UCLK0" ref="0x7f87df995580" scoped=""/></from>
          <to><interface-ref name="IO" ref="0x7f87df8e4100" scoped=""/></to>
        </wire>
        <wire loc="483:/opt/tinyos-2.1.2/tos/chips/msp430/pins/HplMsp430GeneralIOC.nc">
          <from><interface-ref name="Port51" ref="0x7f87df9bc200" scoped=""/></from>
          <to><interface-ref name="IO" ref="0x7f87df8a1740" scoped=""/></to>
        </wire>
        <wire loc="554:/opt/tinyos-2.1.2/tos/chips/msp430/pins/HplMsp430GeneralIOC.nc">
          <from><interface-ref name="DAC0" ref="0x7f87df971570" scoped=""/></from>
          <to><interface-ref name="IO" ref="0x7f87df862100" scoped=""/></to>
        </wire>
        <wire loc="558:/opt/tinyos-2.1.2/tos/chips/msp430/pins/HplMsp430GeneralIOC.nc">
          <from><interface-ref name="SVSOUT" ref="0x7f87df96a580" scoped=""/></from>
          <to><interface-ref name="IO" ref="0x7f87df884740" scoped=""/></to>
        </wire>
        <wire loc="529:/opt/tinyos-2.1.2/tos/chips/msp430/pins/HplMsp430GeneralIOC.nc">
          <from><interface-ref name="STE0" ref="0x7f87df99d1f0" scoped=""/></from>
          <to><interface-ref name="IO" ref="0x7f87df8f2100" scoped=""/></to>
        </wire>
      </wiring>
    </component><component loc="42(PlatformLedsC.Led2Impl):/opt/tinyos-2.1.2/tos/chips/msp430/pins/Msp430GpioC.nc" nicename="tos.chips.msp430.pins.Msp430GpioC" qname="PlatformLedsC.Led2Impl">
      <documentation loc="33:/opt/tinyos-2.1.2/tos/chips/msp430/pins/Msp430GpioC.nc">
        <short>
 Implementation of the general-purpose I/O abstraction
 for the TI MSP430 microcontroller.</short>
        <long>
 Implementation of the general-purpose I/O abstraction
 for the TI MSP430 microcontroller.

 @author Joe Polastre
 @see  Please refer to TEP 117 for more information about this component and its
          intended use.
</long>
      </documentation>
      <instance number="2">
        <component-ref nicename="tos.chips.msp430.pins.Msp430GpioC" qname="Msp430GpioC"/>
      </instance>
      <module/>
    </component></referenced></component>