<?xml version="1.0" ?><component abstract="" loc="43:/opt/tinyos-2.1.2/tos/system/AMQueueEntryP.nc" nicename="tos.system.AMQueueEntryP" qname="AMQueueEntryP" safe="">
      <documentation loc="33:/opt/tinyos-2.1.2/tos/system/AMQueueEntryP.nc">
        <short>
 Internal AM component that fills in needed packet fields for the 
 AMSend -&gt; Send transformation.</short>
        <long>
 Internal AM component that fills in needed packet fields for the 
 AMSend -&gt; Send transformation.

 @author Philip Levis
 @date   Jan 16 2006
</long>
      </documentation>
      <parameters>
        <constant loc="43:/opt/tinyos-2.1.2/tos/system/AMQueueEntryP.nc" name="amId" ref="0x7f87df5dd0d0">
          <component-ref nicename="tos.system.AMQueueEntryP" qname="AMQueueEntryP"/>
          <type-int alignment="I:1" cname="unsigned char" size="I:1" unsigned="">
            <typename><typedef-ref name="am_id_t" ref="0x7f87dfa81550"/></typename>
          </type-int>
        </constant>
      </parameters>
      <module/>
    <specification><interface loc="44:/opt/tinyos-2.1.2/tos/system/AMQueueEntryP.nc" name="AMSend" provided="1" ref="0x7f87df5dd950">
      <component-ref nicename="tos.system.AMQueueEntryP" qname="AMQueueEntryP"/>
      <type-interface alignment="I:2" size="I:2"><interface-ref name="AMSend" ref="0x7f87df5dd950" scoped=""/></type-interface>
      <instance>
        <interfacedef-ref nicename="tos.interfaces.AMSend" qname="AMSend"/>
      </instance>
      <interface-functions>
        <function-ref name="send" ref="0x7f87df5ddcd0" scoped=""/>
        <function-ref name="getPayload" ref="0x7f87df5dde60" scoped=""/>
        <function-ref name="maxPayloadLength" ref="0x7f87df5dc020" scoped=""/>
        <function-ref name="cancel" ref="0x7f87df5dc1b0" scoped=""/>
        <function-ref name="sendDone" ref="0x7f87df5dc340" scoped=""/>
      </interface-functions>
    </interface><interface loc="46:/opt/tinyos-2.1.2/tos/system/AMQueueEntryP.nc" name="Send" provided="0" ref="0x7f87df5d1bd0">
      <component-ref nicename="tos.system.AMQueueEntryP" qname="AMQueueEntryP"/>
      <type-interface alignment="I:2" size="I:2"><interface-ref name="Send" ref="0x7f87df5d1bd0" scoped=""/></type-interface>
      <instance>
        <interfacedef-ref nicename="tos.interfaces.Send" qname="Send"/>
      </instance>
      <interface-functions>
        <function-ref name="send" ref="0x7f87df5db020" scoped=""/>
        <function-ref name="getPayload" ref="0x7f87df5db1b0" scoped=""/>
        <function-ref name="maxPayloadLength" ref="0x7f87df5db340" scoped=""/>
        <function-ref name="cancel" ref="0x7f87df5db4d0" scoped=""/>
        <function-ref name="sendDone" ref="0x7f87df5db660" scoped=""/>
      </interface-functions>
    </interface><interface loc="47:/opt/tinyos-2.1.2/tos/system/AMQueueEntryP.nc" name="AMPacket" provided="0" ref="0x7f87df5db910">
      <component-ref nicename="tos.system.AMQueueEntryP" qname="AMQueueEntryP"/>
      <type-interface alignment="I:2" size="I:2"><interface-ref name="AMPacket" ref="0x7f87df5db910" scoped=""/></type-interface>
      <instance>
        <interfacedef-ref nicename="tos.interfaces.AMPacket" qname="AMPacket"/>
      </instance>
      <interface-functions>
        <function-ref name="group" ref="0x7f87df5dbc90" scoped=""/>
        <function-ref name="source" ref="0x7f87df5dbe20" scoped=""/>
        <function-ref name="address" ref="0x7f87df5da020" scoped=""/>
        <function-ref name="destination" ref="0x7f87df5da1b0" scoped=""/>
        <function-ref name="setSource" ref="0x7f87df5da340" scoped=""/>
        <function-ref name="setDestination" ref="0x7f87df5da4d0" scoped=""/>
        <function-ref name="type" ref="0x7f87df5da660" scoped=""/>
        <function-ref name="setType" ref="0x7f87df5da7f0" scoped=""/>
        <function-ref name="isForMe" ref="0x7f87df5da980" scoped=""/>
        <function-ref name="setGroup" ref="0x7f87df5dab10" scoped=""/>
        <function-ref name="localGroup" ref="0x7f87df5daca0" scoped=""/>
      </interface-functions>
    </interface></specification><referenced/></component>