<?xml version="1.0" ?><component loc="38:/opt/tinyos-2.1.2/tos/platforms/telosb/MoteClockP.nc" nicename="tos.platforms.telosb.MoteClockP" qname="MoteClockP">
      <documentation loc="33:/opt/tinyos-2.1.2/tos/platforms/telosb/MoteClockP.nc">
        <short>
 </short>
        <long>
 @author Vlado Handziski &lt;handzisk@tkn.tu-berlind.de&gt;
 @author Cory Sharp &lt;cssharp@eecs.berkeley.edu&gt;
</long>
      </documentation>
      <module/>
    <specification><interface loc="39:/opt/tinyos-2.1.2/tos/platforms/telosb/MoteClockP.nc" name="Msp430ClockInit" provided="0" ref="0x7f87dfc7eb50">
      <component-ref nicename="tos.platforms.telosb.MoteClockP" qname="MoteClockP"/>
      <type-interface alignment="I:2" size="I:2"><interface-ref name="Msp430ClockInit" ref="0x7f87dfc7eb50" scoped=""/></type-interface>
      <instance>
        <interfacedef-ref nicename="tos.chips.msp430.timer.Msp430ClockInit" qname="Msp430ClockInit"/>
      </instance>
      <interface-functions>
        <function-ref name="defaultInitClocks" ref="0x7f87dfae6b10" scoped=""/>
        <function-ref name="initTimerB" ref="0x7f87dfae61b0" scoped=""/>
        <function-ref name="defaultInitTimerA" ref="0x7f87dfae6340" scoped=""/>
        <function-ref name="initTimerA" ref="0x7f87dfae64d0" scoped=""/>
        <function-ref name="defaultInitTimerB" ref="0x7f87dfae6020" scoped=""/>
        <function-ref name="defaultSetupDcoCalibrate" ref="0x7f87dfae6660" scoped=""/>
        <function-ref name="setupDcoCalibrate" ref="0x7f87dfae67f0" scoped=""/>
        <function-ref name="initClocks" ref="0x7f87dfae6980" scoped=""/>
      </interface-functions>
    </interface></specification><referenced/></component>