<?xml version="1.0" ?><component loc="74:/opt/tinyos-2.1.2/tos/chips/msp430/usart/HplMsp430Usart1C.nc" nicename="tos.chips.msp430.usart.HplMsp430Usart1C" qname="HplMsp430Usart1C">
      <documentation loc="31:/opt/tinyos-2.1.2/tos/chips/msp430/usart/msp430usart.h">
        <short>
 </short>
        <long>
 @author Vlado Handziski &lt;handzisk@tkn.tu-berlin.de&gt;
 @author Philipp Huppertz &lt;huppertz@tkn.tu-berlin.de&gt;
</long>
      </documentation>
      <configuration/>
      <wiring>
        <wire loc="89:/opt/tinyos-2.1.2/tos/chips/msp430/usart/HplMsp430Usart1C.nc">
          <from><interface-ref name="HplMsp430UsartInterrupts" ref="0x7f87df27ad10" scoped=""/></from>
          <to><interface-ref name="Interrupts" ref="0x7f87df271460" scoped=""/></to>
        </wire>
        <wire loc="87:/opt/tinyos-2.1.2/tos/chips/msp430/usart/HplMsp430Usart1C.nc">
          <from><interface-ref name="AsyncStdControl" ref="0x7f87df27d840" scoped=""/></from>
          <to><interface-ref name="AsyncStdControl" ref="0x7f87df2760c0" scoped=""/></to>
        </wire>
        <wire loc="88:/opt/tinyos-2.1.2/tos/chips/msp430/usart/HplMsp430Usart1C.nc">
          <from><interface-ref name="HplMsp430Usart" ref="0x7f87df2800c0" scoped=""/></from>
          <to><interface-ref name="Usart" ref="0x7f87df276970" scoped=""/></to>
        </wire>
        <wire loc="91:/opt/tinyos-2.1.2/tos/chips/msp430/usart/HplMsp430Usart1C.nc">
          <from><interface-ref name="SIMO" ref="0x7f87df271d30" scoped=""/></from>
          <to><interface-ref name="SIMO1" ref="0x7f87df98b580" scoped=""/></to>
        </wire>
        <wire loc="92:/opt/tinyos-2.1.2/tos/chips/msp430/usart/HplMsp430Usart1C.nc">
          <from><interface-ref name="SOMI" ref="0x7f87df26fcb0" scoped=""/></from>
          <to><interface-ref name="SOMI1" ref="0x7f87df989580" scoped=""/></to>
        </wire>
        <wire loc="93:/opt/tinyos-2.1.2/tos/chips/msp430/usart/HplMsp430Usart1C.nc">
          <from><interface-ref name="UCLK" ref="0x7f87df26dcb0" scoped=""/></from>
          <to><interface-ref name="UCLK1" ref="0x7f87df987580" scoped=""/></to>
        </wire>
        <wire loc="94:/opt/tinyos-2.1.2/tos/chips/msp430/usart/HplMsp430Usart1C.nc">
          <from><interface-ref name="URXD" ref="0x7f87df26bcb0" scoped=""/></from>
          <to><interface-ref name="URXD1" ref="0x7f87df983580" scoped=""/></to>
        </wire>
        <wire loc="95:/opt/tinyos-2.1.2/tos/chips/msp430/usart/HplMsp430Usart1C.nc">
          <from><interface-ref name="UTXD" ref="0x7f87df269cb0" scoped=""/></from>
          <to><interface-ref name="UTXD1" ref="0x7f87df985580" scoped=""/></to>
        </wire>
      </wiring>
    <specification><interface loc="78:/opt/tinyos-2.1.2/tos/chips/msp430/usart/HplMsp430Usart1C.nc" name="HplMsp430UsartInterrupts" provided="1" ref="0x7f87df27ad10">
      <component-ref nicename="tos.chips.msp430.usart.HplMsp430Usart1C" qname="HplMsp430Usart1C"/>
      <type-interface alignment="I:2" size="I:2"><interface-ref name="HplMsp430UsartInterrupts" ref="0x7f87df27ad10" scoped=""/></type-interface>
      <instance>
        <interfacedef-ref nicename="tos.chips.msp430.usart.HplMsp430UsartInterrupts" qname="HplMsp430UsartInterrupts"/>
      </instance>
      <interface-functions>
        <function-ref name="rxDone" ref="0x7f87df2790e0" scoped=""/>
        <function-ref name="txDone" ref="0x7f87df279270" scoped=""/>
      </interface-functions>
    </interface><interface loc="76:/opt/tinyos-2.1.2/tos/chips/msp430/usart/HplMsp430Usart1C.nc" name="AsyncStdControl" provided="1" ref="0x7f87df27d840">
      <component-ref nicename="tos.chips.msp430.usart.HplMsp430Usart1C" qname="HplMsp430Usart1C"/>
      <type-interface alignment="I:2" size="I:2"><interface-ref name="AsyncStdControl" ref="0x7f87df27d840" scoped=""/></type-interface>
      <instance>
        <interfacedef-ref nicename="tos.interfaces.AsyncStdControl" qname="AsyncStdControl"/>
      </instance>
      <interface-functions>
        <function-ref name="start" ref="0x7f87df27dbc0" scoped=""/>
        <function-ref name="stop" ref="0x7f87df27dd50" scoped=""/>
      </interface-functions>
    </interface><interface loc="77:/opt/tinyos-2.1.2/tos/chips/msp430/usart/HplMsp430Usart1C.nc" name="HplMsp430Usart" provided="1" ref="0x7f87df2800c0">
      <component-ref nicename="tos.chips.msp430.usart.HplMsp430Usart1C" qname="HplMsp430Usart1C"/>
      <type-interface alignment="I:2" size="I:2"><interface-ref name="HplMsp430Usart" ref="0x7f87df2800c0" scoped=""/></type-interface>
      <instance>
        <interfacedef-ref nicename="tos.chips.msp430.usart.HplMsp430Usart" qname="HplMsp430Usart"/>
      </instance>
      <interface-functions>
        <function-ref name="isTxEmpty" ref="0x7f87df280440" scoped=""/>
        <function-ref name="enableUartRx" ref="0x7f87df2805d0" scoped=""/>
        <function-ref name="setUctl" ref="0x7f87df280760" scoped=""/>
        <function-ref name="enableUart" ref="0x7f87df2808f0" scoped=""/>
        <function-ref name="setUrctl" ref="0x7f87df280a80" scoped=""/>
        <function-ref name="enableRxIntr" ref="0x7f87df280c10" scoped=""/>
        <function-ref name="clrRxIntr" ref="0x7f87df280da0" scoped=""/>
        <function-ref name="getUtctl" ref="0x7f87df27f020" scoped=""/>
        <function-ref name="getUrctl" ref="0x7f87df27f1b0" scoped=""/>
        <function-ref name="resetUsart" ref="0x7f87df27f340" scoped=""/>
        <function-ref name="getUmctl" ref="0x7f87df27f4d0" scoped=""/>
        <function-ref name="disableIntr" ref="0x7f87df27f660" scoped=""/>
        <function-ref name="setUtctl" ref="0x7f87df27f7f0" scoped=""/>
        <function-ref name="getUbr" ref="0x7f87df27fa80" scoped=""/>
        <function-ref name="enableTxIntr" ref="0x7f87df27fc10" scoped=""/>
        <function-ref name="setUmctl" ref="0x7f87df27fda0" scoped=""/>
        <function-ref name="isUartRx" ref="0x7f87df27c020" scoped=""/>
        <function-ref name="isUart" ref="0x7f87df27c1b0" scoped=""/>
        <function-ref name="disableRxIntr" ref="0x7f87df27c340" scoped=""/>
        <function-ref name="isSpi" ref="0x7f87df27c4d0" scoped=""/>
        <function-ref name="enableUartTx" ref="0x7f87df27c660" scoped=""/>
        <function-ref name="disableTxIntr" ref="0x7f87df27c7f0" scoped=""/>
        <function-ref name="disableUartRx" ref="0x7f87df27c980" scoped=""/>
        <function-ref name="enableIntr" ref="0x7f87df27cb10" scoped=""/>
        <function-ref name="getMode" ref="0x7f87df27cca0" scoped=""/>
        <function-ref name="isTxIntrPending" ref="0x7f87df27b220" scoped=""/>
        <function-ref name="clrIntr" ref="0x7f87df27b3b0" scoped=""/>
        <function-ref name="setUbr" ref="0x7f87df27b540" scoped=""/>
        <function-ref name="tx" ref="0x7f87df27b6d0" scoped=""/>
        <function-ref name="getUctl" ref="0x7f87df27b860" scoped=""/>
        <function-ref name="disableUart" ref="0x7f87df27b9f0" scoped=""/>
        <function-ref name="enableSpi" ref="0x7f87df27bb80" scoped=""/>
        <function-ref name="setModeUart" ref="0x7f87df27bd10" scoped=""/>
        <function-ref name="setModeSpi" ref="0x7f87df27a020" scoped=""/>
        <function-ref name="rx" ref="0x7f87df27a1b0" scoped=""/>
        <function-ref name="isRxIntrPending" ref="0x7f87df27a340" scoped=""/>
        <function-ref name="isUartTx" ref="0x7f87df27a4d0" scoped=""/>
        <function-ref name="clrTxIntr" ref="0x7f87df27a660" scoped=""/>
        <function-ref name="disableSpi" ref="0x7f87df27a7f0" scoped=""/>
        <function-ref name="disableUartTx" ref="0x7f87df27a980" scoped=""/>
      </interface-functions>
    </interface></specification><referenced><interface loc="154:/opt/tinyos-2.1.2/tos/chips/msp430/pins/HplMsp430GeneralIOC.nc" name="SOMI1" provided="1" ref="0x7f87df989580">
      <component-ref nicename="tos.chips.msp430.pins.HplMsp430GeneralIOC" qname="HplMsp430GeneralIOC"/>
      <type-interface alignment="I:2" size="I:2"><interface-ref name="SOMI1" ref="0x7f87df989580" scoped=""/></type-interface>
      <instance>
        <interfacedef-ref nicename="tos.chips.msp430.pins.HplMsp430GeneralIO" qname="HplMsp430GeneralIO"/>
      </instance>
      <interface-functions>
        <function-ref name="makeInput" ref="0x7f87df989900" scoped=""/>
        <function-ref name="isInput" ref="0x7f87df989a90" scoped=""/>
        <function-ref name="setResistor" ref="0x7f87df989c20" scoped=""/>
        <function-ref name="toggle" ref="0x7f87df989db0" scoped=""/>
        <function-ref name="isOutput" ref="0x7f87df988020" scoped=""/>
        <function-ref name="getResistor" ref="0x7f87df9881b0" scoped=""/>
        <function-ref name="makeOutput" ref="0x7f87df988340" scoped=""/>
        <function-ref name="get" ref="0x7f87df9884d0" scoped=""/>
        <function-ref name="selectIOFunc" ref="0x7f87df988660" scoped=""/>
        <function-ref name="getRaw" ref="0x7f87df9887f0" scoped=""/>
        <function-ref name="set" ref="0x7f87df988980" scoped=""/>
        <function-ref name="selectModuleFunc" ref="0x7f87df988b10" scoped=""/>
        <function-ref name="isIOFunc" ref="0x7f87df988ca0" scoped=""/>
        <function-ref name="isModuleFunc" ref="0x7f87df987020" scoped=""/>
        <function-ref name="clr" ref="0x7f87df9871b0" scoped=""/>
      </interface-functions>
    </interface><interface loc="79:/opt/tinyos-2.1.2/tos/chips/msp430/usart/HplMsp430Usart1P.nc" name="SOMI" provided="0" ref="0x7f87df26fcb0">
      <component-ref nicename="tos.chips.msp430.usart.HplMsp430Usart1P" qname="HplMsp430Usart1P"/>
      <type-interface alignment="I:2" size="I:2"><interface-ref name="SOMI" ref="0x7f87df26fcb0" scoped=""/></type-interface>
      <instance>
        <interfacedef-ref nicename="tos.chips.msp430.pins.HplMsp430GeneralIO" qname="HplMsp430GeneralIO"/>
      </instance>
      <interface-functions>
        <function-ref name="makeInput" ref="0x7f87df26e0a0" scoped=""/>
        <function-ref name="isInput" ref="0x7f87df26e230" scoped=""/>
        <function-ref name="setResistor" ref="0x7f87df26e3c0" scoped=""/>
        <function-ref name="toggle" ref="0x7f87df26e550" scoped=""/>
        <function-ref name="isOutput" ref="0x7f87df26e6e0" scoped=""/>
        <function-ref name="getResistor" ref="0x7f87df26e870" scoped=""/>
        <function-ref name="makeOutput" ref="0x7f87df26ea00" scoped=""/>
        <function-ref name="get" ref="0x7f87df26eb90" scoped=""/>
        <function-ref name="selectIOFunc" ref="0x7f87df26ed20" scoped=""/>
        <function-ref name="getRaw" ref="0x7f87df26d020" scoped=""/>
        <function-ref name="set" ref="0x7f87df26d1b0" scoped=""/>
        <function-ref name="selectModuleFunc" ref="0x7f87df26d340" scoped=""/>
        <function-ref name="isIOFunc" ref="0x7f87df26d4d0" scoped=""/>
        <function-ref name="isModuleFunc" ref="0x7f87df26d760" scoped=""/>
        <function-ref name="clr" ref="0x7f87df26d8f0" scoped=""/>
      </interface-functions>
    </interface><interface loc="76:/opt/tinyos-2.1.2/tos/chips/msp430/usart/HplMsp430Usart1P.nc" name="Interrupts" provided="1" ref="0x7f87df271460">
      <component-ref nicename="tos.chips.msp430.usart.HplMsp430Usart1P" qname="HplMsp430Usart1P"/>
      <type-interface alignment="I:2" size="I:2"><interface-ref name="Interrupts" ref="0x7f87df271460" scoped=""/></type-interface>
      <instance>
        <interfacedef-ref nicename="tos.chips.msp430.usart.HplMsp430UsartInterrupts" qname="HplMsp430UsartInterrupts"/>
      </instance>
      <interface-functions>
        <function-ref name="rxDone" ref="0x7f87df2717e0" scoped=""/>
        <function-ref name="txDone" ref="0x7f87df271970" scoped=""/>
      </interface-functions>
    </interface><interface loc="74:/opt/tinyos-2.1.2/tos/chips/msp430/usart/HplMsp430Usart1P.nc" name="AsyncStdControl" provided="1" ref="0x7f87df2760c0">
      <component-ref nicename="tos.chips.msp430.usart.HplMsp430Usart1P" qname="HplMsp430Usart1P"/>
      <type-interface alignment="I:2" size="I:2"><interface-ref name="AsyncStdControl" ref="0x7f87df2760c0" scoped=""/></type-interface>
      <instance>
        <interfacedef-ref nicename="tos.interfaces.AsyncStdControl" qname="AsyncStdControl"/>
      </instance>
      <interface-functions>
        <function-ref name="start" ref="0x7f87df276440" scoped=""/>
        <function-ref name="stop" ref="0x7f87df2765d0" scoped=""/>
      </interface-functions>
    </interface><interface loc="75:/opt/tinyos-2.1.2/tos/chips/msp430/usart/HplMsp430Usart1P.nc" name="Usart" provided="1" ref="0x7f87df276970">
      <component-ref nicename="tos.chips.msp430.usart.HplMsp430Usart1P" qname="HplMsp430Usart1P"/>
      <type-interface alignment="I:2" size="I:2"><interface-ref name="Usart" ref="0x7f87df276970" scoped=""/></type-interface>
      <instance>
        <interfacedef-ref nicename="tos.chips.msp430.usart.HplMsp430Usart" qname="HplMsp430Usart"/>
      </instance>
      <interface-functions>
        <function-ref name="isTxEmpty" ref="0x7f87df276cf0" scoped=""/>
        <function-ref name="enableUartRx" ref="0x7f87df276e80" scoped=""/>
        <function-ref name="setUctl" ref="0x7f87df275030" scoped=""/>
        <function-ref name="enableUart" ref="0x7f87df2751c0" scoped=""/>
        <function-ref name="setUrctl" ref="0x7f87df275350" scoped=""/>
        <function-ref name="enableRxIntr" ref="0x7f87df2754e0" scoped=""/>
        <function-ref name="clrRxIntr" ref="0x7f87df275670" scoped=""/>
        <function-ref name="getUtctl" ref="0x7f87df275800" scoped=""/>
        <function-ref name="getUrctl" ref="0x7f87df275990" scoped=""/>
        <function-ref name="resetUsart" ref="0x7f87df275b20" scoped=""/>
        <function-ref name="getUmctl" ref="0x7f87df275cb0" scoped=""/>
        <function-ref name="disableIntr" ref="0x7f87df275e40" scoped=""/>
        <function-ref name="setUtctl" ref="0x7f87df274020" scoped=""/>
        <function-ref name="getUbr" ref="0x7f87df2742b0" scoped=""/>
        <function-ref name="enableTxIntr" ref="0x7f87df274440" scoped=""/>
        <function-ref name="setUmctl" ref="0x7f87df2745d0" scoped=""/>
        <function-ref name="isUartRx" ref="0x7f87df274760" scoped=""/>
        <function-ref name="isUart" ref="0x7f87df2748f0" scoped=""/>
        <function-ref name="disableRxIntr" ref="0x7f87df274a80" scoped=""/>
        <function-ref name="isSpi" ref="0x7f87df274c10" scoped=""/>
        <function-ref name="enableUartTx" ref="0x7f87df274da0" scoped=""/>
        <function-ref name="disableTxIntr" ref="0x7f87df273020" scoped=""/>
        <function-ref name="disableUartRx" ref="0x7f87df2731b0" scoped=""/>
        <function-ref name="enableIntr" ref="0x7f87df273340" scoped=""/>
        <function-ref name="getMode" ref="0x7f87df2734d0" scoped=""/>
        <function-ref name="isTxIntrPending" ref="0x7f87df273860" scoped=""/>
        <function-ref name="clrIntr" ref="0x7f87df2739f0" scoped=""/>
        <function-ref name="setUbr" ref="0x7f87df273b80" scoped=""/>
        <function-ref name="tx" ref="0x7f87df273d10" scoped=""/>
        <function-ref name="getUctl" ref="0x7f87df272020" scoped=""/>
        <function-ref name="disableUart" ref="0x7f87df2721b0" scoped=""/>
        <function-ref name="enableSpi" ref="0x7f87df272340" scoped=""/>
        <function-ref name="setModeUart" ref="0x7f87df2724d0" scoped=""/>
        <function-ref name="setModeSpi" ref="0x7f87df272660" scoped=""/>
        <function-ref name="rx" ref="0x7f87df2727f0" scoped=""/>
        <function-ref name="isRxIntrPending" ref="0x7f87df272980" scoped=""/>
        <function-ref name="isUartTx" ref="0x7f87df272b10" scoped=""/>
        <function-ref name="clrTxIntr" ref="0x7f87df272ca0" scoped=""/>
        <function-ref name="disableSpi" ref="0x7f87df272e30" scoped=""/>
        <function-ref name="disableUartTx" ref="0x7f87df271020" scoped=""/>
      </interface-functions>
    </interface><interface loc="81:/opt/tinyos-2.1.2/tos/chips/msp430/usart/HplMsp430Usart1P.nc" name="URXD" provided="0" ref="0x7f87df26bcb0">
      <component-ref nicename="tos.chips.msp430.usart.HplMsp430Usart1P" qname="HplMsp430Usart1P"/>
      <type-interface alignment="I:2" size="I:2"><interface-ref name="URXD" ref="0x7f87df26bcb0" scoped=""/></type-interface>
      <instance>
        <interfacedef-ref nicename="tos.chips.msp430.pins.HplMsp430GeneralIO" qname="HplMsp430GeneralIO"/>
      </instance>
      <interface-functions>
        <function-ref name="makeInput" ref="0x7f87df26a0a0" scoped=""/>
        <function-ref name="isInput" ref="0x7f87df26a230" scoped=""/>
        <function-ref name="setResistor" ref="0x7f87df26a3c0" scoped=""/>
        <function-ref name="toggle" ref="0x7f87df26a550" scoped=""/>
        <function-ref name="isOutput" ref="0x7f87df26a6e0" scoped=""/>
        <function-ref name="getResistor" ref="0x7f87df26a870" scoped=""/>
        <function-ref name="makeOutput" ref="0x7f87df26aa00" scoped=""/>
        <function-ref name="get" ref="0x7f87df26ab90" scoped=""/>
        <function-ref name="selectIOFunc" ref="0x7f87df26ad20" scoped=""/>
        <function-ref name="getRaw" ref="0x7f87df269020" scoped=""/>
        <function-ref name="set" ref="0x7f87df2691b0" scoped=""/>
        <function-ref name="selectModuleFunc" ref="0x7f87df269340" scoped=""/>
        <function-ref name="isIOFunc" ref="0x7f87df2694d0" scoped=""/>
        <function-ref name="isModuleFunc" ref="0x7f87df269760" scoped=""/>
        <function-ref name="clr" ref="0x7f87df2698f0" scoped=""/>
      </interface-functions>
    </interface><interface loc="156:/opt/tinyos-2.1.2/tos/chips/msp430/pins/HplMsp430GeneralIOC.nc" name="UTXD1" provided="1" ref="0x7f87df985580">
      <component-ref nicename="tos.chips.msp430.pins.HplMsp430GeneralIOC" qname="HplMsp430GeneralIOC"/>
      <type-interface alignment="I:2" size="I:2"><interface-ref name="UTXD1" ref="0x7f87df985580" scoped=""/></type-interface>
      <instance>
        <interfacedef-ref nicename="tos.chips.msp430.pins.HplMsp430GeneralIO" qname="HplMsp430GeneralIO"/>
      </instance>
      <interface-functions>
        <function-ref name="makeInput" ref="0x7f87df985900" scoped=""/>
        <function-ref name="isInput" ref="0x7f87df985a90" scoped=""/>
        <function-ref name="setResistor" ref="0x7f87df985c20" scoped=""/>
        <function-ref name="toggle" ref="0x7f87df985db0" scoped=""/>
        <function-ref name="isOutput" ref="0x7f87df984020" scoped=""/>
        <function-ref name="getResistor" ref="0x7f87df9841b0" scoped=""/>
        <function-ref name="makeOutput" ref="0x7f87df984340" scoped=""/>
        <function-ref name="get" ref="0x7f87df9844d0" scoped=""/>
        <function-ref name="selectIOFunc" ref="0x7f87df984660" scoped=""/>
        <function-ref name="getRaw" ref="0x7f87df9847f0" scoped=""/>
        <function-ref name="set" ref="0x7f87df984980" scoped=""/>
        <function-ref name="selectModuleFunc" ref="0x7f87df984b10" scoped=""/>
        <function-ref name="isIOFunc" ref="0x7f87df984ca0" scoped=""/>
        <function-ref name="isModuleFunc" ref="0x7f87df983020" scoped=""/>
        <function-ref name="clr" ref="0x7f87df9831b0" scoped=""/>
      </interface-functions>
    </interface><interface loc="82:/opt/tinyos-2.1.2/tos/chips/msp430/usart/HplMsp430Usart1P.nc" name="UTXD" provided="0" ref="0x7f87df269cb0">
      <component-ref nicename="tos.chips.msp430.usart.HplMsp430Usart1P" qname="HplMsp430Usart1P"/>
      <type-interface alignment="I:2" size="I:2"><interface-ref name="UTXD" ref="0x7f87df269cb0" scoped=""/></type-interface>
      <instance>
        <interfacedef-ref nicename="tos.chips.msp430.pins.HplMsp430GeneralIO" qname="HplMsp430GeneralIO"/>
      </instance>
      <interface-functions>
        <function-ref name="makeInput" ref="0x7f87df2680a0" scoped=""/>
        <function-ref name="isInput" ref="0x7f87df268230" scoped=""/>
        <function-ref name="setResistor" ref="0x7f87df2683c0" scoped=""/>
        <function-ref name="toggle" ref="0x7f87df268550" scoped=""/>
        <function-ref name="isOutput" ref="0x7f87df2686e0" scoped=""/>
        <function-ref name="getResistor" ref="0x7f87df268870" scoped=""/>
        <function-ref name="makeOutput" ref="0x7f87df268a00" scoped=""/>
        <function-ref name="get" ref="0x7f87df268b90" scoped=""/>
        <function-ref name="selectIOFunc" ref="0x7f87df268d20" scoped=""/>
        <function-ref name="getRaw" ref="0x7f87df267020" scoped=""/>
        <function-ref name="set" ref="0x7f87df2671b0" scoped=""/>
        <function-ref name="selectModuleFunc" ref="0x7f87df267340" scoped=""/>
        <function-ref name="isIOFunc" ref="0x7f87df2674d0" scoped=""/>
        <function-ref name="isModuleFunc" ref="0x7f87df267760" scoped=""/>
        <function-ref name="clr" ref="0x7f87df2678f0" scoped=""/>
      </interface-functions>
    </interface><interface loc="157:/opt/tinyos-2.1.2/tos/chips/msp430/pins/HplMsp430GeneralIOC.nc" name="URXD1" provided="1" ref="0x7f87df983580">
      <component-ref nicename="tos.chips.msp430.pins.HplMsp430GeneralIOC" qname="HplMsp430GeneralIOC"/>
      <type-interface alignment="I:2" size="I:2"><interface-ref name="URXD1" ref="0x7f87df983580" scoped=""/></type-interface>
      <instance>
        <interfacedef-ref nicename="tos.chips.msp430.pins.HplMsp430GeneralIO" qname="HplMsp430GeneralIO"/>
      </instance>
      <interface-functions>
        <function-ref name="makeInput" ref="0x7f87df983900" scoped=""/>
        <function-ref name="isInput" ref="0x7f87df983a90" scoped=""/>
        <function-ref name="setResistor" ref="0x7f87df983c20" scoped=""/>
        <function-ref name="toggle" ref="0x7f87df983db0" scoped=""/>
        <function-ref name="isOutput" ref="0x7f87df982020" scoped=""/>
        <function-ref name="getResistor" ref="0x7f87df9821b0" scoped=""/>
        <function-ref name="makeOutput" ref="0x7f87df982340" scoped=""/>
        <function-ref name="get" ref="0x7f87df9824d0" scoped=""/>
        <function-ref name="selectIOFunc" ref="0x7f87df982660" scoped=""/>
        <function-ref name="getRaw" ref="0x7f87df9827f0" scoped=""/>
        <function-ref name="set" ref="0x7f87df982980" scoped=""/>
        <function-ref name="selectModuleFunc" ref="0x7f87df982b10" scoped=""/>
        <function-ref name="isIOFunc" ref="0x7f87df982ca0" scoped=""/>
        <function-ref name="isModuleFunc" ref="0x7f87df981020" scoped=""/>
        <function-ref name="clr" ref="0x7f87df9811b0" scoped=""/>
      </interface-functions>
    </interface><interface loc="153:/opt/tinyos-2.1.2/tos/chips/msp430/pins/HplMsp430GeneralIOC.nc" name="SIMO1" provided="1" ref="0x7f87df98b580">
      <component-ref nicename="tos.chips.msp430.pins.HplMsp430GeneralIOC" qname="HplMsp430GeneralIOC"/>
      <type-interface alignment="I:2" size="I:2"><interface-ref name="SIMO1" ref="0x7f87df98b580" scoped=""/></type-interface>
      <instance>
        <interfacedef-ref nicename="tos.chips.msp430.pins.HplMsp430GeneralIO" qname="HplMsp430GeneralIO"/>
      </instance>
      <interface-functions>
        <function-ref name="makeInput" ref="0x7f87df98b900" scoped=""/>
        <function-ref name="isInput" ref="0x7f87df98ba90" scoped=""/>
        <function-ref name="setResistor" ref="0x7f87df98bc20" scoped=""/>
        <function-ref name="toggle" ref="0x7f87df98bdb0" scoped=""/>
        <function-ref name="isOutput" ref="0x7f87df98a020" scoped=""/>
        <function-ref name="getResistor" ref="0x7f87df98a1b0" scoped=""/>
        <function-ref name="makeOutput" ref="0x7f87df98a340" scoped=""/>
        <function-ref name="get" ref="0x7f87df98a4d0" scoped=""/>
        <function-ref name="selectIOFunc" ref="0x7f87df98a660" scoped=""/>
        <function-ref name="getRaw" ref="0x7f87df98a7f0" scoped=""/>
        <function-ref name="set" ref="0x7f87df98a980" scoped=""/>
        <function-ref name="selectModuleFunc" ref="0x7f87df98ab10" scoped=""/>
        <function-ref name="isIOFunc" ref="0x7f87df98aca0" scoped=""/>
        <function-ref name="isModuleFunc" ref="0x7f87df989020" scoped=""/>
        <function-ref name="clr" ref="0x7f87df9891b0" scoped=""/>
      </interface-functions>
    </interface><interface loc="155:/opt/tinyos-2.1.2/tos/chips/msp430/pins/HplMsp430GeneralIOC.nc" name="UCLK1" provided="1" ref="0x7f87df987580">
      <component-ref nicename="tos.chips.msp430.pins.HplMsp430GeneralIOC" qname="HplMsp430GeneralIOC"/>
      <type-interface alignment="I:2" size="I:2"><interface-ref name="UCLK1" ref="0x7f87df987580" scoped=""/></type-interface>
      <instance>
        <interfacedef-ref nicename="tos.chips.msp430.pins.HplMsp430GeneralIO" qname="HplMsp430GeneralIO"/>
      </instance>
      <interface-functions>
        <function-ref name="makeInput" ref="0x7f87df987900" scoped=""/>
        <function-ref name="isInput" ref="0x7f87df987a90" scoped=""/>
        <function-ref name="setResistor" ref="0x7f87df987c20" scoped=""/>
        <function-ref name="toggle" ref="0x7f87df987db0" scoped=""/>
        <function-ref name="isOutput" ref="0x7f87df986020" scoped=""/>
        <function-ref name="getResistor" ref="0x7f87df9861b0" scoped=""/>
        <function-ref name="makeOutput" ref="0x7f87df986340" scoped=""/>
        <function-ref name="get" ref="0x7f87df9864d0" scoped=""/>
        <function-ref name="selectIOFunc" ref="0x7f87df986660" scoped=""/>
        <function-ref name="getRaw" ref="0x7f87df9867f0" scoped=""/>
        <function-ref name="set" ref="0x7f87df986980" scoped=""/>
        <function-ref name="selectModuleFunc" ref="0x7f87df986b10" scoped=""/>
        <function-ref name="isIOFunc" ref="0x7f87df986ca0" scoped=""/>
        <function-ref name="isModuleFunc" ref="0x7f87df985020" scoped=""/>
        <function-ref name="clr" ref="0x7f87df9851b0" scoped=""/>
      </interface-functions>
    </interface><interface loc="80:/opt/tinyos-2.1.2/tos/chips/msp430/usart/HplMsp430Usart1P.nc" name="UCLK" provided="0" ref="0x7f87df26dcb0">
      <component-ref nicename="tos.chips.msp430.usart.HplMsp430Usart1P" qname="HplMsp430Usart1P"/>
      <type-interface alignment="I:2" size="I:2"><interface-ref name="UCLK" ref="0x7f87df26dcb0" scoped=""/></type-interface>
      <instance>
        <interfacedef-ref nicename="tos.chips.msp430.pins.HplMsp430GeneralIO" qname="HplMsp430GeneralIO"/>
      </instance>
      <interface-functions>
        <function-ref name="makeInput" ref="0x7f87df26c0a0" scoped=""/>
        <function-ref name="isInput" ref="0x7f87df26c230" scoped=""/>
        <function-ref name="setResistor" ref="0x7f87df26c3c0" scoped=""/>
        <function-ref name="toggle" ref="0x7f87df26c550" scoped=""/>
        <function-ref name="isOutput" ref="0x7f87df26c6e0" scoped=""/>
        <function-ref name="getResistor" ref="0x7f87df26c870" scoped=""/>
        <function-ref name="makeOutput" ref="0x7f87df26ca00" scoped=""/>
        <function-ref name="get" ref="0x7f87df26cb90" scoped=""/>
        <function-ref name="selectIOFunc" ref="0x7f87df26cd20" scoped=""/>
        <function-ref name="getRaw" ref="0x7f87df26b020" scoped=""/>
        <function-ref name="set" ref="0x7f87df26b1b0" scoped=""/>
        <function-ref name="selectModuleFunc" ref="0x7f87df26b340" scoped=""/>
        <function-ref name="isIOFunc" ref="0x7f87df26b4d0" scoped=""/>
        <function-ref name="isModuleFunc" ref="0x7f87df26b760" scoped=""/>
        <function-ref name="clr" ref="0x7f87df26b8f0" scoped=""/>
      </interface-functions>
    </interface><interface loc="78:/opt/tinyos-2.1.2/tos/chips/msp430/usart/HplMsp430Usart1P.nc" name="SIMO" provided="0" ref="0x7f87df271d30">
      <component-ref nicename="tos.chips.msp430.usart.HplMsp430Usart1P" qname="HplMsp430Usart1P"/>
      <type-interface alignment="I:2" size="I:2"><interface-ref name="SIMO" ref="0x7f87df271d30" scoped=""/></type-interface>
      <instance>
        <interfacedef-ref nicename="tos.chips.msp430.pins.HplMsp430GeneralIO" qname="HplMsp430GeneralIO"/>
      </instance>
      <interface-functions>
        <function-ref name="makeInput" ref="0x7f87df2700e0" scoped=""/>
        <function-ref name="isInput" ref="0x7f87df270270" scoped=""/>
        <function-ref name="setResistor" ref="0x7f87df270400" scoped=""/>
        <function-ref name="toggle" ref="0x7f87df270590" scoped=""/>
        <function-ref name="isOutput" ref="0x7f87df270720" scoped=""/>
        <function-ref name="getResistor" ref="0x7f87df2708b0" scoped=""/>
        <function-ref name="makeOutput" ref="0x7f87df270a40" scoped=""/>
        <function-ref name="get" ref="0x7f87df270bd0" scoped=""/>
        <function-ref name="selectIOFunc" ref="0x7f87df270d60" scoped=""/>
        <function-ref name="getRaw" ref="0x7f87df26f020" scoped=""/>
        <function-ref name="set" ref="0x7f87df26f1b0" scoped=""/>
        <function-ref name="selectModuleFunc" ref="0x7f87df26f340" scoped=""/>
        <function-ref name="isIOFunc" ref="0x7f87df26f4d0" scoped=""/>
        <function-ref name="isModuleFunc" ref="0x7f87df26f760" scoped=""/>
        <function-ref name="clr" ref="0x7f87df26f8f0" scoped=""/>
      </interface-functions>
    </interface><component loc="45:/opt/tinyos-2.1.2/tos/chips/msp430/pins/HplMsp430GeneralIOC.nc" nicename="tos.chips.msp430.pins.HplMsp430GeneralIOC" qname="HplMsp430GeneralIOC">
      <documentation loc="35:/opt/tinyos-2.1.2/tos/chips/msp430/pins/HplMsp430GeneralIOC.nc">
        <short>
 HPL for the TI MSP430 family of microprocessors.</short>
        <long>
 HPL for the TI MSP430 family of microprocessors. This provides an
 abstraction for general-purpose I/O.

 @author Joe Polastre
 @author Xavier Orduna &lt;xorduna@dexmatech.com&gt;
 @author Peter A. Bigot &lt;pab@peoplepowerco.com&gt;
 @author Eric B. Decker &lt;cire831@gmail.com&gt;
</long>
      </documentation>
      <configuration/>
      <wiring>
        <wire loc="442:/opt/tinyos-2.1.2/tos/chips/msp430/pins/HplMsp430GeneralIOC.nc">
          <from><interface-ref name="Port14" ref="0x7f87df9f7020" scoped=""/></from>
          <to><interface-ref name="IO" ref="0x7f87df92c100" scoped=""/></to>
        </wire>
        <wire loc="455:/opt/tinyos-2.1.2/tos/chips/msp430/pins/HplMsp430GeneralIOC.nc">
          <from><interface-ref name="Port26" ref="0x7f87df9e3020" scoped=""/></from>
          <to><interface-ref name="IO" ref="0x7f87df8fcd10" scoped=""/></to>
        </wire>
        <wire loc="531:/opt/tinyos-2.1.2/tos/chips/msp430/pins/HplMsp430GeneralIOC.nc">
          <from><interface-ref name="SDA" ref="0x7f87df999560" scoped=""/></from>
          <to><interface-ref name="IO" ref="0x7f87df8eed10" scoped=""/></to>
        </wire>
        <wire loc="551:/opt/tinyos-2.1.2/tos/chips/msp430/pins/HplMsp430GeneralIOC.nc">
          <from><interface-ref name="ADC6" ref="0x7f87df975570" scoped=""/></from>
          <to><interface-ref name="IO" ref="0x7f87df862100" scoped=""/></to>
        </wire>
        <wire loc="532:/opt/tinyos-2.1.2/tos/chips/msp430/pins/HplMsp430GeneralIOC.nc">
          <from><interface-ref name="SOMI0" ref="0x7f87df997580" scoped=""/></from>
          <to><interface-ref name="IO" ref="0x7f87df8e9740" scoped=""/></to>
        </wire>
        <wire loc="460:/opt/tinyos-2.1.2/tos/chips/msp430/pins/HplMsp430GeneralIOC.nc">
          <from><interface-ref name="Port30" ref="0x7f87df9df020" scoped=""/></from>
          <to><interface-ref name="IO" ref="0x7f87df8f2100" scoped=""/></to>
        </wire>
        <wire loc="473:/opt/tinyos-2.1.2/tos/chips/msp430/pins/HplMsp430GeneralIOC.nc">
          <from><interface-ref name="Port42" ref="0x7f87df9ca200" scoped=""/></from>
          <to><interface-ref name="IO" ref="0x7f87df8c3e00" scoped=""/></to>
        </wire>
        <wire loc="486:/opt/tinyos-2.1.2/tos/chips/msp430/pins/HplMsp430GeneralIOC.nc">
          <from><interface-ref name="Port54" ref="0x7f87df9b6200" scoped=""/></from>
          <to><interface-ref name="IO" ref="0x7f87df893740" scoped=""/></to>
        </wire>
        <wire loc="497:/opt/tinyos-2.1.2/tos/chips/msp430/pins/HplMsp430GeneralIOC.nc">
          <from><interface-ref name="Port64" ref="0x7f87df9a6200" scoped=""/></from>
          <to><interface-ref name="IO" ref="0x7f87df86cd10" scoped=""/></to>
        </wire>
        <wire loc="535:/opt/tinyos-2.1.2/tos/chips/msp430/pins/HplMsp430GeneralIOC.nc">
          <from><interface-ref name="UTXD0" ref="0x7f87df991580" scoped=""/></from>
          <to><interface-ref name="IO" ref="0x7f87df8e0d10" scoped=""/></to>
        </wire>
        <wire loc="545:/opt/tinyos-2.1.2/tos/chips/msp430/pins/HplMsp430GeneralIOC.nc">
          <from><interface-ref name="ADC0" ref="0x7f87df981570" scoped=""/></from>
          <to><interface-ref name="IO" ref="0x7f87df87f100" scoped=""/></to>
        </wire>
        <wire loc="557:/opt/tinyos-2.1.2/tos/chips/msp430/pins/HplMsp430GeneralIOC.nc">
          <from><interface-ref name="SVSIN" ref="0x7f87df96c580" scoped=""/></from>
          <to><interface-ref name="IO" ref="0x7f87df85ed10" scoped=""/></to>
        </wire>
        <wire loc="445:/opt/tinyos-2.1.2/tos/chips/msp430/pins/HplMsp430GeneralIOC.nc">
          <from><interface-ref name="Port17" ref="0x7f87df9f1020" scoped=""/></from>
          <to><interface-ref name="IO" ref="0x7f87df91d100" scoped=""/></to>
        </wire>
        <wire loc="536:/opt/tinyos-2.1.2/tos/chips/msp430/pins/HplMsp430GeneralIOC.nc">
          <from><interface-ref name="URXD0" ref="0x7f87df98f580" scoped=""/></from>
          <to><interface-ref name="IO" ref="0x7f87df8da740" scoped=""/></to>
        </wire>
        <wire loc="450:/opt/tinyos-2.1.2/tos/chips/msp430/pins/HplMsp430GeneralIOC.nc">
          <from><interface-ref name="Port21" ref="0x7f87df9ed020" scoped=""/></from>
          <to><interface-ref name="IO" ref="0x7f87df914740" scoped=""/></to>
        </wire>
        <wire loc="463:/opt/tinyos-2.1.2/tos/chips/msp430/pins/HplMsp430GeneralIOC.nc">
          <from><interface-ref name="Port33" ref="0x7f87df9d9020" scoped=""/></from>
          <to><interface-ref name="IO" ref="0x7f87df8e4100" scoped=""/></to>
        </wire>
        <wire loc="476:/opt/tinyos-2.1.2/tos/chips/msp430/pins/HplMsp430GeneralIOC.nc">
          <from><interface-ref name="Port45" ref="0x7f87df9c4200" scoped=""/></from>
          <to><interface-ref name="IO" ref="0x7f87df8b4d10" scoped=""/></to>
        </wire>
        <wire loc="489:/opt/tinyos-2.1.2/tos/chips/msp430/pins/HplMsp430GeneralIOC.nc">
          <from><interface-ref name="Port57" ref="0x7f87df9b0200" scoped=""/></from>
          <to><interface-ref name="IO" ref="0x7f87df884740" scoped=""/></to>
        </wire>
        <wire loc="500:/opt/tinyos-2.1.2/tos/chips/msp430/pins/HplMsp430GeneralIOC.nc">
          <from><interface-ref name="Port67" ref="0x7f87df99f200" scoped=""/></from>
          <to><interface-ref name="IO" ref="0x7f87df85ed10" scoped=""/></to>
        </wire>
        <wire loc="440:/opt/tinyos-2.1.2/tos/chips/msp430/pins/HplMsp430GeneralIOC.nc">
          <from><interface-ref name="Port12" ref="0x7f87df9fb020" scoped=""/></from>
          <to><interface-ref name="IO" ref="0x7f87df936d10" scoped=""/></to>
        </wire>
        <wire loc="453:/opt/tinyos-2.1.2/tos/chips/msp430/pins/HplMsp430GeneralIOC.nc">
          <from><interface-ref name="Port24" ref="0x7f87df9e7020" scoped=""/></from>
          <to><interface-ref name="IO" ref="0x7f87df906860" scoped=""/></to>
        </wire>
        <wire loc="466:/opt/tinyos-2.1.2/tos/chips/msp430/pins/HplMsp430GeneralIOC.nc">
          <from><interface-ref name="Port36" ref="0x7f87df9d3020" scoped=""/></from>
          <to><interface-ref name="IO" ref="0x7f87df8d5100" scoped=""/></to>
        </wire>
        <wire loc="530:/opt/tinyos-2.1.2/tos/chips/msp430/pins/HplMsp430GeneralIOC.nc">
          <from><interface-ref name="SIMO0" ref="0x7f87df99b580" scoped=""/></from>
          <to><interface-ref name="IO" ref="0x7f87df8eed10" scoped=""/></to>
        </wire>
        <wire loc="548:/opt/tinyos-2.1.2/tos/chips/msp430/pins/HplMsp430GeneralIOC.nc">
          <from><interface-ref name="ADC3" ref="0x7f87df97b570" scoped=""/></from>
          <to><interface-ref name="IO" ref="0x7f87df871100" scoped=""/></to>
        </wire>
        <wire loc="555:/opt/tinyos-2.1.2/tos/chips/msp430/pins/HplMsp430GeneralIOC.nc">
          <from><interface-ref name="DAC1" ref="0x7f87df96e570" scoped=""/></from>
          <to><interface-ref name="IO" ref="0x7f87df85ed10" scoped=""/></to>
        </wire>
        <wire loc="541:/opt/tinyos-2.1.2/tos/chips/msp430/pins/HplMsp430GeneralIOC.nc">
          <from><interface-ref name="UCLK1" ref="0x7f87df987580" scoped=""/></from>
          <to><interface-ref name="IO" ref="0x7f87df898d10" scoped=""/></to>
        </wire>
        <wire loc="471:/opt/tinyos-2.1.2/tos/chips/msp430/pins/HplMsp430GeneralIOC.nc">
          <from><interface-ref name="Port40" ref="0x7f87df9ce020" scoped=""/></from>
          <to><interface-ref name="IO" ref="0x7f87df8cca60" scoped=""/></to>
        </wire>
        <wire loc="484:/opt/tinyos-2.1.2/tos/chips/msp430/pins/HplMsp430GeneralIOC.nc">
          <from><interface-ref name="Port52" ref="0x7f87df9ba200" scoped=""/></from>
          <to><interface-ref name="IO" ref="0x7f87df89c100" scoped=""/></to>
        </wire>
        <wire loc="495:/opt/tinyos-2.1.2/tos/chips/msp430/pins/HplMsp430GeneralIOC.nc">
          <from><interface-ref name="Port62" ref="0x7f87df9aa200" scoped=""/></from>
          <to><interface-ref name="IO" ref="0x7f87df876740" scoped=""/></to>
        </wire>
        <wire loc="549:/opt/tinyos-2.1.2/tos/chips/msp430/pins/HplMsp430GeneralIOC.nc">
          <from><interface-ref name="ADC4" ref="0x7f87df979570" scoped=""/></from>
          <to><interface-ref name="IO" ref="0x7f87df86cd10" scoped=""/></to>
        </wire>
        <wire loc="538:/opt/tinyos-2.1.2/tos/chips/msp430/pins/HplMsp430GeneralIOC.nc">
          <from><interface-ref name="STE1" ref="0x7f87df98d570" scoped=""/></from>
          <to><interface-ref name="IO" ref="0x7f87df8a6d10" scoped=""/></to>
        </wire>
        <wire loc="443:/opt/tinyos-2.1.2/tos/chips/msp430/pins/HplMsp430GeneralIOC.nc">
          <from><interface-ref name="Port15" ref="0x7f87df9f5020" scoped=""/></from>
          <to><interface-ref name="IO" ref="0x7f87df928d10" scoped=""/></to>
        </wire>
        <wire loc="456:/opt/tinyos-2.1.2/tos/chips/msp430/pins/HplMsp430GeneralIOC.nc">
          <from><interface-ref name="Port27" ref="0x7f87df9e1020" scoped=""/></from>
          <to><interface-ref name="IO" ref="0x7f87df8f7740" scoped=""/></to>
        </wire>
        <wire loc="493:/opt/tinyos-2.1.2/tos/chips/msp430/pins/HplMsp430GeneralIOC.nc">
          <from><interface-ref name="Port60" ref="0x7f87df9ae200" scoped=""/></from>
          <to><interface-ref name="IO" ref="0x7f87df87f100" scoped=""/></to>
        </wire>
        <wire loc="461:/opt/tinyos-2.1.2/tos/chips/msp430/pins/HplMsp430GeneralIOC.nc">
          <from><interface-ref name="Port31" ref="0x7f87df9dd020" scoped=""/></from>
          <to><interface-ref name="IO" ref="0x7f87df8eed10" scoped=""/></to>
        </wire>
        <wire loc="474:/opt/tinyos-2.1.2/tos/chips/msp430/pins/HplMsp430GeneralIOC.nc">
          <from><interface-ref name="Port43" ref="0x7f87df9c8200" scoped=""/></from>
          <to><interface-ref name="IO" ref="0x7f87df8be740" scoped=""/></to>
        </wire>
        <wire loc="487:/opt/tinyos-2.1.2/tos/chips/msp430/pins/HplMsp430GeneralIOC.nc">
          <from><interface-ref name="Port55" ref="0x7f87df9b4200" scoped=""/></from>
          <to><interface-ref name="IO" ref="0x7f87df88d100" scoped=""/></to>
        </wire>
        <wire loc="498:/opt/tinyos-2.1.2/tos/chips/msp430/pins/HplMsp430GeneralIOC.nc">
          <from><interface-ref name="Port65" ref="0x7f87df9a4200" scoped=""/></from>
          <to><interface-ref name="IO" ref="0x7f87df867740" scoped=""/></to>
        </wire>
        <wire loc="540:/opt/tinyos-2.1.2/tos/chips/msp430/pins/HplMsp430GeneralIOC.nc">
          <from><interface-ref name="SOMI1" ref="0x7f87df989580" scoped=""/></from>
          <to><interface-ref name="IO" ref="0x7f87df89c100" scoped=""/></to>
        </wire>
        <wire loc="438:/opt/tinyos-2.1.2/tos/chips/msp430/pins/HplMsp430GeneralIOC.nc">
          <from><interface-ref name="Port10" ref="0x7f87dfa09020" scoped=""/></from>
          <to><interface-ref name="IO" ref="0x7f87df93f6d0" scoped=""/></to>
        </wire>
        <wire loc="451:/opt/tinyos-2.1.2/tos/chips/msp430/pins/HplMsp430GeneralIOC.nc">
          <from><interface-ref name="Port22" ref="0x7f87df9eb020" scoped=""/></from>
          <to><interface-ref name="IO" ref="0x7f87df90f100" scoped=""/></to>
        </wire>
        <wire loc="464:/opt/tinyos-2.1.2/tos/chips/msp430/pins/HplMsp430GeneralIOC.nc">
          <from><interface-ref name="Port34" ref="0x7f87df9d7020" scoped=""/></from>
          <to><interface-ref name="IO" ref="0x7f87df8e0d10" scoped=""/></to>
        </wire>
        <wire loc="477:/opt/tinyos-2.1.2/tos/chips/msp430/pins/HplMsp430GeneralIOC.nc">
          <from><interface-ref name="Port46" ref="0x7f87df9c2200" scoped=""/></from>
          <to><interface-ref name="IO" ref="0x7f87df8af740" scoped=""/></to>
        </wire>
        <wire loc="542:/opt/tinyos-2.1.2/tos/chips/msp430/pins/HplMsp430GeneralIOC.nc">
          <from><interface-ref name="UTXD1" ref="0x7f87df985580" scoped=""/></from>
          <to><interface-ref name="IO" ref="0x7f87df8d5100" scoped=""/></to>
        </wire>
        <wire loc="546:/opt/tinyos-2.1.2/tos/chips/msp430/pins/HplMsp430GeneralIOC.nc">
          <from><interface-ref name="ADC1" ref="0x7f87df97f570" scoped=""/></from>
          <to><interface-ref name="IO" ref="0x7f87df87bd10" scoped=""/></to>
        </wire>
        <wire loc="552:/opt/tinyos-2.1.2/tos/chips/msp430/pins/HplMsp430GeneralIOC.nc">
          <from><interface-ref name="ADC7" ref="0x7f87df973570" scoped=""/></from>
          <to><interface-ref name="IO" ref="0x7f87df85ed10" scoped=""/></to>
        </wire>
        <wire loc="482:/opt/tinyos-2.1.2/tos/chips/msp430/pins/HplMsp430GeneralIOC.nc">
          <from><interface-ref name="Port50" ref="0x7f87df9be200" scoped=""/></from>
          <to><interface-ref name="IO" ref="0x7f87df8a6d10" scoped=""/></to>
        </wire>
        <wire loc="543:/opt/tinyos-2.1.2/tos/chips/msp430/pins/HplMsp430GeneralIOC.nc">
          <from><interface-ref name="URXD1" ref="0x7f87df983580" scoped=""/></from>
          <to><interface-ref name="IO" ref="0x7f87df8d1d10" scoped=""/></to>
        </wire>
        <wire loc="441:/opt/tinyos-2.1.2/tos/chips/msp430/pins/HplMsp430GeneralIOC.nc">
          <from><interface-ref name="Port13" ref="0x7f87df9f9020" scoped=""/></from>
          <to><interface-ref name="IO" ref="0x7f87df931740" scoped=""/></to>
        </wire>
        <wire loc="454:/opt/tinyos-2.1.2/tos/chips/msp430/pins/HplMsp430GeneralIOC.nc">
          <from><interface-ref name="Port25" ref="0x7f87df9e5020" scoped=""/></from>
          <to><interface-ref name="IO" ref="0x7f87df901270" scoped=""/></to>
        </wire>
        <wire loc="467:/opt/tinyos-2.1.2/tos/chips/msp430/pins/HplMsp430GeneralIOC.nc">
          <from><interface-ref name="Port37" ref="0x7f87df9d1020" scoped=""/></from>
          <to><interface-ref name="IO" ref="0x7f87df8d1d10" scoped=""/></to>
        </wire>
        <wire loc="539:/opt/tinyos-2.1.2/tos/chips/msp430/pins/HplMsp430GeneralIOC.nc">
          <from><interface-ref name="SIMO1" ref="0x7f87df98b580" scoped=""/></from>
          <to><interface-ref name="IO" ref="0x7f87df8a1740" scoped=""/></to>
        </wire>
        <wire loc="550:/opt/tinyos-2.1.2/tos/chips/msp430/pins/HplMsp430GeneralIOC.nc">
          <from><interface-ref name="ADC5" ref="0x7f87df977570" scoped=""/></from>
          <to><interface-ref name="IO" ref="0x7f87df867740" scoped=""/></to>
        </wire>
        <wire loc="472:/opt/tinyos-2.1.2/tos/chips/msp430/pins/HplMsp430GeneralIOC.nc">
          <from><interface-ref name="Port41" ref="0x7f87df9cc200" scoped=""/></from>
          <to><interface-ref name="IO" ref="0x7f87df8c7460" scoped=""/></to>
        </wire>
        <wire loc="485:/opt/tinyos-2.1.2/tos/chips/msp430/pins/HplMsp430GeneralIOC.nc">
          <from><interface-ref name="Port53" ref="0x7f87df9b8200" scoped=""/></from>
          <to><interface-ref name="IO" ref="0x7f87df898d10" scoped=""/></to>
        </wire>
        <wire loc="496:/opt/tinyos-2.1.2/tos/chips/msp430/pins/HplMsp430GeneralIOC.nc">
          <from><interface-ref name="Port63" ref="0x7f87df9a8200" scoped=""/></from>
          <to><interface-ref name="IO" ref="0x7f87df871100" scoped=""/></to>
        </wire>
        <wire loc="444:/opt/tinyos-2.1.2/tos/chips/msp430/pins/HplMsp430GeneralIOC.nc">
          <from><interface-ref name="Port16" ref="0x7f87df9f3020" scoped=""/></from>
          <to><interface-ref name="IO" ref="0x7f87df922740" scoped=""/></to>
        </wire>
        <wire loc="494:/opt/tinyos-2.1.2/tos/chips/msp430/pins/HplMsp430GeneralIOC.nc">
          <from><interface-ref name="Port61" ref="0x7f87df9ac200" scoped=""/></from>
          <to><interface-ref name="IO" ref="0x7f87df87bd10" scoped=""/></to>
        </wire>
        <wire loc="449:/opt/tinyos-2.1.2/tos/chips/msp430/pins/HplMsp430GeneralIOC.nc">
          <from><interface-ref name="Port20" ref="0x7f87df9ef020" scoped=""/></from>
          <to><interface-ref name="IO" ref="0x7f87df919d10" scoped=""/></to>
        </wire>
        <wire loc="462:/opt/tinyos-2.1.2/tos/chips/msp430/pins/HplMsp430GeneralIOC.nc">
          <from><interface-ref name="Port32" ref="0x7f87df9db020" scoped=""/></from>
          <to><interface-ref name="IO" ref="0x7f87df8e9740" scoped=""/></to>
        </wire>
        <wire loc="475:/opt/tinyos-2.1.2/tos/chips/msp430/pins/HplMsp430GeneralIOC.nc">
          <from><interface-ref name="Port44" ref="0x7f87df9c6200" scoped=""/></from>
          <to><interface-ref name="IO" ref="0x7f87df8b9100" scoped=""/></to>
        </wire>
        <wire loc="488:/opt/tinyos-2.1.2/tos/chips/msp430/pins/HplMsp430GeneralIOC.nc">
          <from><interface-ref name="Port56" ref="0x7f87df9b2200" scoped=""/></from>
          <to><interface-ref name="IO" ref="0x7f87df889d10" scoped=""/></to>
        </wire>
        <wire loc="499:/opt/tinyos-2.1.2/tos/chips/msp430/pins/HplMsp430GeneralIOC.nc">
          <from><interface-ref name="Port66" ref="0x7f87df9a2200" scoped=""/></from>
          <to><interface-ref name="IO" ref="0x7f87df862100" scoped=""/></to>
        </wire>
        <wire loc="439:/opt/tinyos-2.1.2/tos/chips/msp430/pins/HplMsp430GeneralIOC.nc">
          <from><interface-ref name="Port11" ref="0x7f87df9fd020" scoped=""/></from>
          <to><interface-ref name="IO" ref="0x7f87df93a100" scoped=""/></to>
        </wire>
        <wire loc="452:/opt/tinyos-2.1.2/tos/chips/msp430/pins/HplMsp430GeneralIOC.nc">
          <from><interface-ref name="Port23" ref="0x7f87df9e9020" scoped=""/></from>
          <to><interface-ref name="IO" ref="0x7f87df90bd10" scoped=""/></to>
        </wire>
        <wire loc="465:/opt/tinyos-2.1.2/tos/chips/msp430/pins/HplMsp430GeneralIOC.nc">
          <from><interface-ref name="Port35" ref="0x7f87df9d5020" scoped=""/></from>
          <to><interface-ref name="IO" ref="0x7f87df8da740" scoped=""/></to>
        </wire>
        <wire loc="478:/opt/tinyos-2.1.2/tos/chips/msp430/pins/HplMsp430GeneralIOC.nc">
          <from><interface-ref name="Port47" ref="0x7f87df9c0200" scoped=""/></from>
          <to><interface-ref name="IO" ref="0x7f87df8aa100" scoped=""/></to>
        </wire>
        <wire loc="534:/opt/tinyos-2.1.2/tos/chips/msp430/pins/HplMsp430GeneralIOC.nc">
          <from><interface-ref name="SCL" ref="0x7f87df993560" scoped=""/></from>
          <to><interface-ref name="IO" ref="0x7f87df8e4100" scoped=""/></to>
        </wire>
        <wire loc="547:/opt/tinyos-2.1.2/tos/chips/msp430/pins/HplMsp430GeneralIOC.nc">
          <from><interface-ref name="ADC2" ref="0x7f87df97d570" scoped=""/></from>
          <to><interface-ref name="IO" ref="0x7f87df876740" scoped=""/></to>
        </wire>
        <wire loc="533:/opt/tinyos-2.1.2/tos/chips/msp430/pins/HplMsp430GeneralIOC.nc">
          <from><interface-ref name="UCLK0" ref="0x7f87df995580" scoped=""/></from>
          <to><interface-ref name="IO" ref="0x7f87df8e4100" scoped=""/></to>
        </wire>
        <wire loc="483:/opt/tinyos-2.1.2/tos/chips/msp430/pins/HplMsp430GeneralIOC.nc">
          <from><interface-ref name="Port51" ref="0x7f87df9bc200" scoped=""/></from>
          <to><interface-ref name="IO" ref="0x7f87df8a1740" scoped=""/></to>
        </wire>
        <wire loc="554:/opt/tinyos-2.1.2/tos/chips/msp430/pins/HplMsp430GeneralIOC.nc">
          <from><interface-ref name="DAC0" ref="0x7f87df971570" scoped=""/></from>
          <to><interface-ref name="IO" ref="0x7f87df862100" scoped=""/></to>
        </wire>
        <wire loc="558:/opt/tinyos-2.1.2/tos/chips/msp430/pins/HplMsp430GeneralIOC.nc">
          <from><interface-ref name="SVSOUT" ref="0x7f87df96a580" scoped=""/></from>
          <to><interface-ref name="IO" ref="0x7f87df884740" scoped=""/></to>
        </wire>
        <wire loc="529:/opt/tinyos-2.1.2/tos/chips/msp430/pins/HplMsp430GeneralIOC.nc">
          <from><interface-ref name="STE0" ref="0x7f87df99d1f0" scoped=""/></from>
          <to><interface-ref name="IO" ref="0x7f87df8f2100" scoped=""/></to>
        </wire>
      </wiring>
    </component><component loc="73:/opt/tinyos-2.1.2/tos/chips/msp430/usart/HplMsp430Usart1P.nc" nicename="tos.chips.msp430.usart.HplMsp430Usart1P" qname="HplMsp430Usart1P">
      <documentation loc="62:/opt/tinyos-2.1.2/tos/chips/msp430/usart/HplMsp430Usart1P.nc">
        <short>
 Implementation of USART1 lowlevel functionality - stateless.</short>
        <long>
 Implementation of USART1 lowlevel functionality - stateless.
 Setting a mode will by default disable USART-Interrupts.

 @author: Jan Hauer &lt;hauer@tkn.tu-berlin.de&gt;
 @author: Jonathan Hui &lt;jhui@archedrock.com&gt;
 @author: Vlado Handziski &lt;handzisk@tkn.tu-berlin.de&gt;
 @author: Joe Polastre
 @version $Revision: 1.7 $ $Date: 2010-06-04 22:30:21 $
</long>
      </documentation>
      <module/>
    </component></referenced></component>