<?xml version="1.0" ?><component abstract="" loc="46:/opt/tinyos-2.1.2/tos/lib/timer/VirtualizeTimerC.nc" nicename="tos.lib.timer.VirtualizeTimerC" qname="VirtualizeTimerC" safe="">
      <documentation loc="34:/opt/tinyos-2.1.2/tos/lib/timer/VirtualizeTimerC.nc">
        <short>
 VirtualizeTimerC uses a single Timer to create up to 255 virtual timers.</short>
        <long>
 VirtualizeTimerC uses a single Timer to create up to 255 virtual timers.

 &lt;p&gt;See TEP102 for more details.

 @param precision_tag A type indicating the precision of the Timer being 
   virtualized.
 @param max_timers Number of virtual timers to create.

 @author Cory Sharp &lt;cssharp@eecs.berkeley.edu&gt;
</long>
      </documentation>
      <parameters>
        <typedef loc="46:/opt/tinyos-2.1.2/tos/lib/timer/VirtualizeTimerC.nc" name="precision_tag" ref="0x7f87df684230">
          <component-ref nicename="tos.lib.timer.VirtualizeTimerC" qname="VirtualizeTimerC"/>
          <type-var alignment="U:" size="U:"><typedef-ref name="precision_tag" ref="0x7f87df684230" scoped=""/></type-var>
        </typedef>
        <constant loc="46:/opt/tinyos-2.1.2/tos/lib/timer/VirtualizeTimerC.nc" name="max_timers" ref="0x7f87df684560">
          <component-ref nicename="tos.lib.timer.VirtualizeTimerC" qname="VirtualizeTimerC"/>
          <type-int alignment="I:2" cname="int" size="I:2"/>
        </constant>
      </parameters>
      <module/>
    <specification><interface loc="71:/opt/tinyos-2.1.2/tos/lib/timer/VirtualizeTimerC.nc" name="updateFromTimer" provided="0" ref="0x7f87df674020">
      <component-ref nicename="tos.lib.timer.VirtualizeTimerC" qname="VirtualizeTimerC"/>
      <type-interface alignment="I:2" size="I:2"><interface-ref name="updateFromTimer" ref="0x7f87df674020" scoped=""/></type-interface>
      <instance>
        <interfacedef-ref nicename="tos.interfaces.TaskBasic" qname="TaskBasic"/>
      </instance>
      <interface-functions>
        <function-ref name="postTask" ref="0x7f87df6743a0" scoped=""/>
        <function-ref name="runTask" ref="0x7f87df674530" scoped=""/>
      </interface-functions>
    </interface><interface loc="49:/opt/tinyos-2.1.2/tos/lib/timer/VirtualizeTimerC.nc" name="TimerFrom" provided="0" ref="0x7f87df67eb60">
      <component-ref nicename="tos.lib.timer.VirtualizeTimerC" qname="VirtualizeTimerC"/>
      <type-interface alignment="I:2" size="I:2"><interface-ref name="TimerFrom" ref="0x7f87df67eb60" scoped=""/></type-interface>
      <instance>
        <interfacedef-ref nicename="tos.lib.timer.Timer" qname="Timer"/>
        <arguments>
          <type-var alignment="U:" size="U:"><typedef-ref name="precision_tag" ref="0x7f87df684230" scoped=""/></type-var>
        </arguments>
      </instance>
      <interface-functions>
        <function-ref name="getNow" ref="0x7f87df679110" scoped=""/>
        <function-ref name="fired" ref="0x7f87df67b5f0" scoped=""/>
        <function-ref name="startPeriodicAt" ref="0x7f87df67a4a0" scoped=""/>
        <function-ref name="isOneShot" ref="0x7f87df67a020" scoped=""/>
        <function-ref name="getdt" ref="0x7f87df679a10" scoped=""/>
        <function-ref name="gett0" ref="0x7f87df679590" scoped=""/>
        <function-ref name="isRunning" ref="0x7f87df67ba70" scoped=""/>
        <function-ref name="startPeriodic" ref="0x7f87df67c790" scoped=""/>
        <function-ref name="startOneShotAt" ref="0x7f87df67aab0" scoped=""/>
        <function-ref name="startOneShot" ref="0x7f87df67cc60" scoped=""/>
        <function-ref name="stop" ref="0x7f87df67b170" scoped=""/>
      </interface-functions>
    </interface><interface loc="48:/opt/tinyos-2.1.2/tos/lib/timer/VirtualizeTimerC.nc" name="Timer" provided="1" ref="0x7f87df6835a0">
      <component-ref nicename="tos.lib.timer.VirtualizeTimerC" qname="VirtualizeTimerC"/>
      <type-interface alignment="I:2" size="I:2"><interface-ref name="Timer" ref="0x7f87df6835a0" scoped=""/></type-interface>
      <instance>
        <interfacedef-ref nicename="tos.lib.timer.Timer" qname="Timer"/>
        <arguments>
          <type-var alignment="U:" size="U:"><typedef-ref name="precision_tag" ref="0x7f87df684230" scoped=""/></type-var>
        </arguments>
      </instance>
      <interface-parameters>
        <type-int alignment="I:1" cname="unsigned char" size="I:1" unsigned="">
          <typename><typedef-ref name="uint8_t" ref="0x7f87e0c43160"/></typename>
        </type-int>
      </interface-parameters>
      <interface-functions>
        <function-ref name="getNow" ref="0x7f87df67fa80" scoped=""/>
        <function-ref name="fired" ref="0x7f87df681090" scoped=""/>
        <function-ref name="startPeriodicAt" ref="0x7f87df681e10" scoped=""/>
        <function-ref name="isOneShot" ref="0x7f87df681990" scoped=""/>
        <function-ref name="getdt" ref="0x7f87df67e4a0" scoped=""/>
        <function-ref name="gett0" ref="0x7f87df67e020" scoped=""/>
        <function-ref name="isRunning" ref="0x7f87df681510" scoped=""/>
        <function-ref name="startPeriodic" ref="0x7f87df682200" scoped=""/>
        <function-ref name="startOneShotAt" ref="0x7f87df67f470" scoped=""/>
        <function-ref name="startOneShot" ref="0x7f87df6826d0" scoped=""/>
        <function-ref name="stop" ref="0x7f87df682ba0" scoped=""/>
      </interface-functions>
    </interface></specification><referenced/></component>