<?xml version="1.0" ?><component loc="42:/opt/tinyos-2.1.2/tos/lib/printf/PutcharC.nc" nicename="tos.lib.printf.PutcharC" qname="PutcharC">
      <documentation loc="32:/opt/tinyos-2.1.2/tos/lib/printf/PutcharC.nc">
        <short>
 This component provides a TinyOS-compatible bridge to the
 system-specific mechanism of providing single-character output to
 the environment's printf(3c) infrastructure.</short>
        <long>
 This component provides a TinyOS-compatible bridge to the
 system-specific mechanism of providing single-character output to
 the environment's printf(3c) infrastructure.  Components that
 provide a libc-based printf facility in TinyOS should implement the
 Putchar interface and connect it to this module.

 @author Peter A. Bigot &lt;pabigot@users.sourceforge.net&gt;
</long>
      </documentation>
      <configuration/>
      <wiring>
        <wire loc="49:/opt/tinyos-2.1.2/tos/lib/printf/PutcharC.nc">
          <from><interface-ref name="SoftwareInit" ref="0x7f87dfca7d90" scoped=""/></from>
          <to><interface-ref name="Init" ref="0x7f87df07a360" scoped=""/></to>
        </wire>
        <wire loc="50:/opt/tinyos-2.1.2/tos/lib/printf/PutcharC.nc">
          <from><interface-ref name="Putchar" ref="0x7f87df07a9c0" scoped=""/></from>
          <to><interface-ref name="Putchar" ref="0x7f87df07d020" scoped=""/></to>
        </wire>
      </wiring>
    <specification><interface loc="43:/opt/tinyos-2.1.2/tos/lib/printf/PutcharC.nc" name="Putchar" provided="0" ref="0x7f87df07d020">
      <component-ref nicename="tos.lib.printf.PutcharC" qname="PutcharC"/>
      <type-interface alignment="I:2" size="I:2"><interface-ref name="Putchar" ref="0x7f87df07d020" scoped=""/></type-interface>
      <instance>
        <interfacedef-ref nicename="tos.lib.printf.Putchar" qname="Putchar"/>
      </instance>
      <interface-functions>
        <function-ref name="putchar" ref="0x7f87df07d3a0" scoped=""/>
      </interface-functions>
    </interface></specification><referenced><interface loc="58:/opt/tinyos-2.1.2/tos/system/MainC.nc" name="SoftwareInit" provided="0" ref="0x7f87dfca7d90">
      <component-ref nicename="tos.system.MainC" qname="MainC"/>
      <type-interface alignment="I:2" size="I:2"><interface-ref name="SoftwareInit" ref="0x7f87dfca7d90" scoped=""/></type-interface>
      <instance>
        <interfacedef-ref nicename="tos.interfaces.Init" qname="Init"/>
      </instance>
      <interface-functions>
        <function-ref name="init" ref="0x7f87dfca6180" scoped=""/>
      </interface-functions>
    </interface><interface loc="95:/opt/tinyos-2.1.2/tos/lib/printf/PutcharP.nc" name="Putchar" provided="0" ref="0x7f87df07a9c0">
      <component-ref nicename="tos.lib.printf.PutcharP" qname="PutcharP"/>
      <type-interface alignment="I:2" size="I:2"><interface-ref name="Putchar" ref="0x7f87df07a9c0" scoped=""/></type-interface>
      <instance>
        <interfacedef-ref nicename="tos.lib.printf.Putchar" qname="Putchar"/>
      </instance>
      <interface-functions>
        <function-ref name="putchar" ref="0x7f87df07ad40" scoped=""/>
      </interface-functions>
    </interface><interface loc="94:/opt/tinyos-2.1.2/tos/lib/printf/PutcharP.nc" name="Init" provided="1" ref="0x7f87df07a360">
      <component-ref nicename="tos.lib.printf.PutcharP" qname="PutcharP"/>
      <type-interface alignment="I:2" size="I:2"><interface-ref name="Init" ref="0x7f87df07a360" scoped=""/></type-interface>
      <instance>
        <interfacedef-ref nicename="tos.interfaces.Init" qname="Init"/>
      </instance>
      <interface-functions>
        <function-ref name="init" ref="0x7f87df07a6e0" scoped=""/>
      </interface-functions>
    </interface><component loc="93:/opt/tinyos-2.1.2/tos/lib/printf/PutcharP.nc" nicename="tos.lib.printf.PutcharP" qname="PutcharP">
      <documentation loc="64:/opt/tinyos-2.1.2/tos/lib/printf/PutcharP.nc">
        <short>
 This component provides a TinyOS-compatible bridge to the
 system-specific mechanism of providing single-character output to
 the environment's printf(3c) infrastructure.</short>
        <long>
 This component provides a TinyOS-compatible bridge to the
 system-specific mechanism of providing single-character output to
 the environment's printf(3c) infrastructure.  Components that
 provide a libc-based printf facility in TinyOS should implement the
 Putchar interface and connect it to this module.

 @author Kevin Klues &lt;klueska@cs.stanford.edu&gt;
 @author Peter A. Bigot &lt;pabigot@users.sourceforge.net&gt;
</long>
      </documentation>
      <module/>
    </component><component loc="56:/opt/tinyos-2.1.2/tos/system/MainC.nc" nicename="tos.system.MainC" qname="MainC">
      <documentation loc="45:/opt/tinyos-2.1.2/tos/system/MainC.nc">
        <short>
 MainC is the system interface the TinyOS boot sequence.</short>
        <long>
 MainC is the system interface the TinyOS boot sequence. It wires the
 boot sequence implementation to the scheduler and hardware resources.

 @author Philip Levis
 @date   August 6 2005
 @see    TEP 107: Boot Sequence
</long>
      </documentation>
      <configuration/>
      <wiring>
        <wire loc="72:/opt/tinyos-2.1.2/tos/system/MainC.nc">
          <from><interface-ref name="Boot" ref="0x7f87dfca5870" scoped=""/></from>
          <to><interface-ref name="Boot" ref="0x7f87dfada590" scoped=""/></to>
        </wire>
        <wire loc="67:/opt/tinyos-2.1.2/tos/system/MainC.nc">
          <from><interface-ref name="Scheduler" ref="0x7f87dfadac00" scoped=""/></from>
          <to><interface-ref name="Scheduler" ref="0x7f87e01b43a0" scoped=""/></to>
        </wire>
        <wire loc="68:/opt/tinyos-2.1.2/tos/system/MainC.nc">
          <from><interface-ref name="PlatformInit" ref="0x7f87dfad96c0" scoped=""/></from>
          <to><interface-ref name="Init" ref="0x7f87dfca6da0" scoped=""/></to>
        </wire>
        <wire loc="71:/opt/tinyos-2.1.2/tos/system/MainC.nc">
          <from><interface-ref name="SoftwareInit" ref="0x7f87dfad9dc0" scoped=""/></from>
          <to><interface-ref name="SoftwareInit" ref="0x7f87dfca7d90" scoped=""/></to>
        </wire>
      </wiring>
    </component></referenced></component>