<?xml version="1.0" ?><component abstract="" loc="39:/opt/tinyos-2.1.2/tos/chips/msp430/timer/Msp430TimerCapComP.nc" nicename="tos.chips.msp430.timer.Msp430TimerCapComP" qname="Msp430TimerCapComP" safe="">
      <documentation loc="33:/opt/tinyos-2.1.2/tos/chips/msp430/timer/Msp430TimerCapComP.nc">
        <short>
 </short>
        <long>
 @author Cory Sharp &lt;cssharp@eecs.berkeley.edu&gt;
</long>
      </documentation>
      <parameters>
        <constant loc="40:/opt/tinyos-2.1.2/tos/chips/msp430/timer/Msp430TimerCapComP.nc" name="TxCCTLx_addr" ref="0x7f87dfbb7e70">
          <component-ref nicename="tos.chips.msp430.timer.Msp430TimerCapComP" qname="Msp430TimerCapComP"/>
          <type-int alignment="I:2" cname="unsigned int" size="I:2" unsigned="">
            <typename><typedef-ref name="uint16_t" ref="0x7f87e0c43520"/></typename>
          </type-int>
        </constant>
        <constant loc="41:/opt/tinyos-2.1.2/tos/chips/msp430/timer/Msp430TimerCapComP.nc" name="TxCCRx_addr" ref="0x7f87dfbb4270">
          <component-ref nicename="tos.chips.msp430.timer.Msp430TimerCapComP" qname="Msp430TimerCapComP"/>
          <type-int alignment="I:2" cname="unsigned int" size="I:2" unsigned="">
            <typename><typedef-ref name="uint16_t" ref="0x7f87e0c43520"/></typename>
          </type-int>
        </constant>
      </parameters>
      <module/>
    <specification><interface loc="46:/opt/tinyos-2.1.2/tos/chips/msp430/timer/Msp430TimerCapComP.nc" name="Capture" provided="1" ref="0x7f87dfbb2e20">
      <component-ref nicename="tos.chips.msp430.timer.Msp430TimerCapComP" qname="Msp430TimerCapComP"/>
      <type-interface alignment="I:2" size="I:2"><interface-ref name="Capture" ref="0x7f87dfbb2e20" scoped=""/></type-interface>
      <instance>
        <interfacedef-ref nicename="tos.chips.msp430.timer.Msp430Capture" qname="Msp430Capture"/>
      </instance>
      <interface-functions>
        <function-ref name="getEvent" ref="0x7f87dfbb11c0" scoped=""/>
        <function-ref name="setSynchronous" ref="0x7f87dfbb1350" scoped=""/>
        <function-ref name="captured" ref="0x7f87dfbb14e0" scoped=""/>
        <function-ref name="clearOverflow" ref="0x7f87dfbb1670" scoped=""/>
        <function-ref name="isOverflowPending" ref="0x7f87dfbb1800" scoped=""/>
        <function-ref name="setEdge" ref="0x7f87dfbb1990" scoped=""/>
      </interface-functions>
    </interface><interface loc="44:/opt/tinyos-2.1.2/tos/chips/msp430/timer/Msp430TimerCapComP.nc" name="Control" provided="1" ref="0x7f87dfbb4c20">
      <component-ref nicename="tos.chips.msp430.timer.Msp430TimerCapComP" qname="Msp430TimerCapComP"/>
      <type-interface alignment="I:2" size="I:2"><interface-ref name="Control" ref="0x7f87dfbb4c20" scoped=""/></type-interface>
      <instance>
        <interfacedef-ref nicename="tos.chips.msp430.timer.Msp430TimerControl" qname="Msp430TimerControl"/>
      </instance>
      <interface-functions>
        <function-ref name="setControlAsCapture" ref="0x7f87dfbb3020" scoped=""/>
        <function-ref name="getControl" ref="0x7f87dfbb31b0" scoped=""/>
        <function-ref name="enableEvents" ref="0x7f87dfbb3340" scoped=""/>
        <function-ref name="areEventsEnabled" ref="0x7f87dfbb34d0" scoped=""/>
        <function-ref name="setControlAsCompare" ref="0x7f87dfbb3660" scoped=""/>
        <function-ref name="disableEvents" ref="0x7f87dfbb37f0" scoped=""/>
        <function-ref name="isInterruptPending" ref="0x7f87dfbb3980" scoped=""/>
        <function-ref name="clearPendingInterrupt" ref="0x7f87dfbb3b10" scoped=""/>
        <function-ref name="setControl" ref="0x7f87dfbb3ca0" scoped=""/>
      </interface-functions>
    </interface><interface loc="48:/opt/tinyos-2.1.2/tos/chips/msp430/timer/Msp430TimerCapComP.nc" name="Event" provided="0" ref="0x7f87dfbaf570">
      <component-ref nicename="tos.chips.msp430.timer.Msp430TimerCapComP" qname="Msp430TimerCapComP"/>
      <type-interface alignment="I:2" size="I:2"><interface-ref name="Event" ref="0x7f87dfbaf570" scoped=""/></type-interface>
      <instance>
        <interfacedef-ref nicename="tos.chips.msp430.timer.Msp430TimerEvent" qname="Msp430TimerEvent"/>
      </instance>
      <interface-functions>
        <function-ref name="fired" ref="0x7f87dfbaf8f0" scoped=""/>
      </interface-functions>
    </interface><interface loc="45:/opt/tinyos-2.1.2/tos/chips/msp430/timer/Msp430TimerCapComP.nc" name="Compare" provided="1" ref="0x7f87dfbb20b0">
      <component-ref nicename="tos.chips.msp430.timer.Msp430TimerCapComP" qname="Msp430TimerCapComP"/>
      <type-interface alignment="I:2" size="I:2"><interface-ref name="Compare" ref="0x7f87dfbb20b0" scoped=""/></type-interface>
      <instance>
        <interfacedef-ref nicename="tos.chips.msp430.timer.Msp430Compare" qname="Msp430Compare"/>
      </instance>
      <interface-functions>
        <function-ref name="getEvent" ref="0x7f87dfbb2430" scoped=""/>
        <function-ref name="setEvent" ref="0x7f87dfbb25c0" scoped=""/>
        <function-ref name="setEventFromPrev" ref="0x7f87dfbb2750" scoped=""/>
        <function-ref name="setEventFromNow" ref="0x7f87dfbb28e0" scoped=""/>
        <function-ref name="fired" ref="0x7f87dfbb2a70" scoped=""/>
      </interface-functions>
    </interface><interface loc="47:/opt/tinyos-2.1.2/tos/chips/msp430/timer/Msp430TimerCapComP.nc" name="Timer" provided="0" ref="0x7f87dfbb1d10">
      <component-ref nicename="tos.chips.msp430.timer.Msp430TimerCapComP" qname="Msp430TimerCapComP"/>
      <type-interface alignment="I:2" size="I:2"><interface-ref name="Timer" ref="0x7f87dfbb1d10" scoped=""/></type-interface>
      <instance>
        <interfacedef-ref nicename="tos.chips.msp430.timer.Msp430Timer" qname="Msp430Timer"/>
      </instance>
      <interface-functions>
        <function-ref name="clear" ref="0x7f87dfbb00e0" scoped=""/>
        <function-ref name="setClockSource" ref="0x7f87dfbb0270" scoped=""/>
        <function-ref name="enableEvents" ref="0x7f87dfbb0400" scoped=""/>
        <function-ref name="get" ref="0x7f87dfbb0590" scoped=""/>
        <function-ref name="disableEvents" ref="0x7f87dfbb0720" scoped=""/>
        <function-ref name="clearOverflow" ref="0x7f87dfbb08b0" scoped=""/>
        <function-ref name="getMode" ref="0x7f87dfbb0a40" scoped=""/>
        <function-ref name="isOverflowPending" ref="0x7f87dfbb0bd0" scoped=""/>
        <function-ref name="overflow" ref="0x7f87dfbb0d60" scoped=""/>
        <function-ref name="setMode" ref="0x7f87dfbaf020" scoped=""/>
        <function-ref name="setInputDivider" ref="0x7f87dfbaf1b0" scoped=""/>
      </interface-functions>
    </interface></specification><referenced/></component>