<?xml version="1.0" ?><component abstract="" loc="46:/opt/tinyos-2.1.2/tos/lib/timer/AlarmToTimerC.nc" nicename="tos.lib.timer.AlarmToTimerC" qname="AlarmToTimerC" safe="">
      <documentation loc="36:/opt/tinyos-2.1.2/tos/lib/timer/AlarmToTimerC.nc">
        <short>
 AlarmToTimerC converts a 32-bit Alarm to a Timer.</short>
        <long>
 AlarmToTimerC converts a 32-bit Alarm to a Timer.  

 &lt;p&gt;See TEP102 for more details.
 @param precision_tag A type indicating the precision of the Alarm and
 Timer being converted.

 @author Cory Sharp &lt;cssharp@eecs.berkeley.edu&gt;
</long>
      </documentation>
      <parameters>
        <typedef loc="46:/opt/tinyos-2.1.2/tos/lib/timer/AlarmToTimerC.nc" name="precision_tag" ref="0x7f87df6bacd0">
          <component-ref nicename="tos.lib.timer.AlarmToTimerC" qname="AlarmToTimerC"/>
          <type-var alignment="U:" size="U:"><typedef-ref name="precision_tag" ref="0x7f87df6bacd0" scoped=""/></type-var>
        </typedef>
      </parameters>
      <module/>
    <specification><interface loc="74:/opt/tinyos-2.1.2/tos/lib/timer/AlarmToTimerC.nc" name="fired" provided="0" ref="0x7f87df6a4700">
      <component-ref nicename="tos.lib.timer.AlarmToTimerC" qname="AlarmToTimerC"/>
      <type-interface alignment="I:2" size="I:2"><interface-ref name="fired" ref="0x7f87df6a4700" scoped=""/></type-interface>
      <instance>
        <interfacedef-ref nicename="tos.interfaces.TaskBasic" qname="TaskBasic"/>
      </instance>
      <interface-functions>
        <function-ref name="postTask" ref="0x7f87df6a4a80" scoped=""/>
        <function-ref name="runTask" ref="0x7f87df6a4c10" scoped=""/>
      </interface-functions>
    </interface><interface loc="49:/opt/tinyos-2.1.2/tos/lib/timer/AlarmToTimerC.nc" name="Alarm" provided="0" ref="0x7f87df6b2d30">
      <component-ref nicename="tos.lib.timer.AlarmToTimerC" qname="AlarmToTimerC"/>
      <type-interface alignment="I:2" size="I:2"><interface-ref name="Alarm" ref="0x7f87df6b2d30" scoped=""/></type-interface>
      <instance>
        <interfacedef-ref nicename="tos.lib.timer.Alarm" qname="Alarm"/>
        <arguments>
          <type-var alignment="U:" size="U:"><typedef-ref name="precision_tag" ref="0x7f87df6bacd0" scoped=""/></type-var>
          <type-int alignment="I:2" cname="unsigned long" size="I:4" unsigned="">
            <typename><typedef-ref name="uint32_t" ref="0x7f87e0c43920"/></typename>
          </type-int>
        </arguments>
      </instance>
      <interface-functions>
        <function-ref name="getNow" ref="0x7f87df6ae670" scoped=""/>
        <function-ref name="fired" ref="0x7f87df6af550" scoped=""/>
        <function-ref name="startAt" ref="0x7f87df6ae020" scoped=""/>
        <function-ref name="isRunning" ref="0x7f87df6afa10" scoped=""/>
        <function-ref name="getAlarm" ref="0x7f87df6aeb30" scoped=""/>
        <function-ref name="start" ref="0x7f87df6b1b60" scoped=""/>
        <function-ref name="stop" ref="0x7f87df6af090" scoped=""/>
      </interface-functions>
    </interface><interface loc="48:/opt/tinyos-2.1.2/tos/lib/timer/AlarmToTimerC.nc" name="Timer" provided="1" ref="0x7f87df6b7770">
      <component-ref nicename="tos.lib.timer.AlarmToTimerC" qname="AlarmToTimerC"/>
      <type-interface alignment="I:2" size="I:2"><interface-ref name="Timer" ref="0x7f87df6b7770" scoped=""/></type-interface>
      <instance>
        <interfacedef-ref nicename="tos.lib.timer.Timer" qname="Timer"/>
        <arguments>
          <type-var alignment="U:" size="U:"><typedef-ref name="precision_tag" ref="0x7f87df6bacd0" scoped=""/></type-var>
        </arguments>
      </instance>
      <interface-functions>
        <function-ref name="getNow" ref="0x7f87df6b3c40" scoped=""/>
        <function-ref name="fired" ref="0x7f87df6b41e0" scoped=""/>
        <function-ref name="startPeriodicAt" ref="0x7f87df6b3020" scoped=""/>
        <function-ref name="isOneShot" ref="0x7f87df6b4ae0" scoped=""/>
        <function-ref name="getdt" ref="0x7f87df6b2590" scoped=""/>
        <function-ref name="gett0" ref="0x7f87df6b2110" scoped=""/>
        <function-ref name="isRunning" ref="0x7f87df6b4660" scoped=""/>
        <function-ref name="startPeriodic" ref="0x7f87df6b6390" scoped=""/>
        <function-ref name="startOneShotAt" ref="0x7f87df6b3630" scoped=""/>
        <function-ref name="startOneShot" ref="0x7f87df6b6860" scoped=""/>
        <function-ref name="stop" ref="0x7f87df6b6d30" scoped=""/>
      </interface-functions>
    </interface></specification><referenced/></component>