<?xml version="1.0" ?><interfacedef loc="82:/opt/tinyos-2.1.2/tos/interfaces/ArbiterInfo.nc" nicename="tos.interfaces.ArbiterInfo" qname="ArbiterInfo">
      <documentation loc="69:/opt/tinyos-2.1.2/tos/interfaces/ArbiterInfo.nc">
        <short>
 Please refer to TEP 108 for more information about this interface and its
 intended use.&lt;br&gt;&lt;br&gt;

 The ArbiterInfo interface allows a component to query the current 
 status of an arbiter.</short>
        <long>
 Please refer to TEP 108 for more information about this interface and its
 intended use.&lt;br&gt;&lt;br&gt;

 The ArbiterInfo interface allows a component to query the current 
 status of an arbiter.  It must be provided by ALL arbiter implementations,
 and can be used for a variety of different purposes.  Normally it will be
 used in conjunction with the Resource interface for performing run time
 checks on access rights to a particular shared resource.

 @author Kevin Klues (klueska@cs.wustl.edu)
</long>
      </documentation>
      <function command="" loc="90:/opt/tinyos-2.1.2/tos/interfaces/ArbiterInfo.nc" name="inUse" provided="0" ref="0x7fcf8f81fc70">
        <documentation loc="83:/opt/tinyos-2.1.2/tos/interfaces/ArbiterInfo.nc">
          <short>
 Check whether a resource is currently allocated.</short>
          <long>
 Check whether a resource is currently allocated.

 @return TRUE If the resource being arbitrated is currently allocated
              to any of its users&lt;br&gt;
         FALSE Otherwise.
</long>
        </documentation>
        <interfacedef-ref nicename="tos.interfaces.ArbiterInfo" qname="ArbiterInfo"/>
        <type-function alignment="I:1" size="I:1">
          <type-int alignment="I:1" cname="unsigned char" size="I:1" unsigned="">
            <typename><typedef-ref name="bool" ref="0x7fcf907e5090"/></typename>
          </type-int>
          <function-parameters>
          </function-parameters>
        </type-function>
        <parameters>
        </parameters>
      </function>
      <function command="" loc="98:/opt/tinyos-2.1.2/tos/interfaces/ArbiterInfo.nc" name="userId" provided="0" ref="0x7fcf8f81c4f0">
        <documentation loc="92:/opt/tinyos-2.1.2/tos/interfaces/ArbiterInfo.nc">
          <short>
 Get the id of the client currently using a resource.</short>
          <long>
 Get the id of the client currently using a resource.
 
 @return Id of the current owner of the resource&lt;br&gt;
         0xFF if no one currently owns the resource
</long>
        </documentation>
        <interfacedef-ref nicename="tos.interfaces.ArbiterInfo" qname="ArbiterInfo"/>
        <type-function alignment="I:1" size="I:1">
          <type-int alignment="I:1" cname="unsigned char" size="I:1" unsigned="">
            <typename><typedef-ref name="uint8_t" ref="0x7fcf9126f160"/></typename>
          </type-int>
          <function-parameters>
          </function-parameters>
        </type-function>
        <parameters>
        </parameters>
      </function>
    </interfacedef>