<?xml version="1.0" ?><interfacedef loc="55:/opt/tinyos-2.1.2/tos/lib/power/PowerDownCleanup.nc" nicename="tos.lib.power.PowerDownCleanup" qname="PowerDownCleanup">
      <documentation loc="41:/opt/tinyos-2.1.2/tos/lib/power/PowerDownCleanup.nc">
        <short>
 Please refer to TEP 115 for more information about this interface and its
 intended use.&lt;br&gt;&lt;br&gt;

 This interface exists to allow a Resource user to cleanup any state
 information before a shared Resource is shutdown.</short>
        <long>
 Please refer to TEP 115 for more information about this interface and its
 intended use.&lt;br&gt;&lt;br&gt;

 This interface exists to allow a Resource user to cleanup any state
 information before a shared Resource is shutdown.  It should be provided
 by the user of a shared Resource, and used by the
 power managment component for that Resource.  The &lt;code&gt;cleanup()&lt;/code&gt;
 command will be called by the power manager just before powering down
 the shared resource.

 @author Kevin Klues (klueska@cs.wustl.edu)
</long>
      </documentation>
      <function command="" loc="62:/opt/tinyos-2.1.2/tos/lib/power/PowerDownCleanup.nc" name="cleanup" provided="0" ref="0x7fcf8f7744b0">
        <documentation loc="56:/opt/tinyos-2.1.2/tos/lib/power/PowerDownCleanup.nc">
          <short>
 This command will be called by the power management component of
 a shared Resource.</short>
          <long>
 This command will be called by the power management component of
 a shared Resource.  The implementation of this command defines
 what must be done just before that shared Resource is shut off.

</long>
        </documentation>
        <interfacedef-ref nicename="tos.lib.power.PowerDownCleanup" qname="PowerDownCleanup"/>
        <type-function alignment="I:1" size="I:1">
          <type-void alignment="I:1" size="I:1"/>
          <function-parameters>
          </function-parameters>
        </type-function>
        <parameters>
        </parameters>
      </function>
    </interfacedef>