<?xml version="1.0" ?><interfacedef loc="43:/opt/tinyos-2.1.2/tos/chips/msp430/timer/Msp430Timer.nc" nicename="tos.chips.msp430.timer.Msp430Timer" qname="Msp430Timer">
      <documentation loc="33:/opt/tinyos-2.1.2/tos/chips/msp430/timer/Msp430Timer.nc">
        <short>
 </short>
        <long>
 @author Cory Sharp &lt;cssharp@eecs.berkeley.edu&gt;
 @author Jan Hauer &lt;hauer@tkn.tu-berlin.de&gt;
</long>
      </documentation>
      <function command="" loc="52:/opt/tinyos-2.1.2/tos/chips/msp430/timer/Msp430Timer.nc" name="clear" provided="0" ref="0x7f87dfc2d120">
        <interfacedef-ref nicename="tos.chips.msp430.timer.Msp430Timer" qname="Msp430Timer"/>
        <type-function alignment="I:1" size="I:1">
          <type-void alignment="I:1" size="I:1"/>
          <function-parameters>
          </function-parameters>
        </type-function>
        <parameters>
        </parameters>
      </function>
      <function command="" loc="55:/opt/tinyos-2.1.2/tos/chips/msp430/timer/Msp430Timer.nc" name="setClockSource" provided="0" ref="0x7f87dfc2ba10">
        <interfacedef-ref nicename="tos.chips.msp430.timer.Msp430Timer" qname="Msp430Timer"/>
        <type-function alignment="I:1" size="I:1">
          <type-void alignment="I:1" size="I:1"/>
          <function-parameters>
            <type-int alignment="I:2" cname="unsigned int" size="I:2" unsigned="">
              <typename><typedef-ref name="uint16_t" ref="0x7f87e0c43520"/></typename>
            </type-int>
          </function-parameters>
        </type-function>
        <parameters>
          <variable loc="55:/opt/tinyos-2.1.2/tos/chips/msp430/timer/Msp430Timer.nc" name="clockSource" ref="0x7f87dfc2b790">
            <type-int alignment="I:2" cname="unsigned int" size="I:2" unsigned="">
              <typename><typedef-ref name="uint16_t" ref="0x7f87e0c43520"/></typename>
            </type-int>
          </variable>
        </parameters>
      </function>
      <function command="" loc="53:/opt/tinyos-2.1.2/tos/chips/msp430/timer/Msp430Timer.nc" name="enableEvents" provided="0" ref="0x7f87dfc2d850">
        <interfacedef-ref nicename="tos.chips.msp430.timer.Msp430Timer" qname="Msp430Timer"/>
        <type-function alignment="I:1" size="I:1">
          <type-void alignment="I:1" size="I:1"/>
          <function-parameters>
          </function-parameters>
        </type-function>
        <parameters>
        </parameters>
      </function>
      <function command="" loc="45:/opt/tinyos-2.1.2/tos/chips/msp430/timer/Msp430Timer.nc" name="get" provided="0" ref="0x7f87dfc31350">
        <interfacedef-ref nicename="tos.chips.msp430.timer.Msp430Timer" qname="Msp430Timer"/>
        <type-function alignment="I:1" size="I:1">
          <type-int alignment="I:2" cname="unsigned int" size="I:2" unsigned="">
            <typename><typedef-ref name="uint16_t" ref="0x7f87e0c43520"/></typename>
          </type-int>
          <function-parameters>
          </function-parameters>
        </type-function>
        <parameters>
        </parameters>
      </function>
      <function command="" loc="54:/opt/tinyos-2.1.2/tos/chips/msp430/timer/Msp430Timer.nc" name="disableEvents" provided="0" ref="0x7f87dfc2b020">
        <interfacedef-ref nicename="tos.chips.msp430.timer.Msp430Timer" qname="Msp430Timer"/>
        <type-function alignment="I:1" size="I:1">
          <type-void alignment="I:1" size="I:1"/>
          <function-parameters>
          </function-parameters>
        </type-function>
        <parameters>
        </parameters>
      </function>
      <function command="" loc="47:/opt/tinyos-2.1.2/tos/chips/msp430/timer/Msp430Timer.nc" name="clearOverflow" provided="0" ref="0x7f87dfc2f270">
        <interfacedef-ref nicename="tos.chips.msp430.timer.Msp430Timer" qname="Msp430Timer"/>
        <type-function alignment="I:1" size="I:1">
          <type-void alignment="I:1" size="I:1"/>
          <function-parameters>
          </function-parameters>
        </type-function>
        <parameters>
        </parameters>
      </function>
      <function command="" loc="51:/opt/tinyos-2.1.2/tos/chips/msp430/timer/Msp430Timer.nc" name="getMode" provided="0" ref="0x7f87dfc2e9e0">
        <interfacedef-ref nicename="tos.chips.msp430.timer.Msp430Timer" qname="Msp430Timer"/>
        <type-function alignment="I:1" size="I:1">
          <type-int alignment="I:2" cname="int" size="I:2"/>
          <function-parameters>
          </function-parameters>
        </type-function>
        <parameters>
        </parameters>
      </function>
      <function command="" loc="46:/opt/tinyos-2.1.2/tos/chips/msp430/timer/Msp430Timer.nc" name="isOverflowPending" provided="0" ref="0x7f87dfc31ae0">
        <interfacedef-ref nicename="tos.chips.msp430.timer.Msp430Timer" qname="Msp430Timer"/>
        <type-function alignment="I:1" size="I:1">
          <type-int alignment="I:1" cname="unsigned char" size="I:1" unsigned="">
            <typename><typedef-ref name="bool" ref="0x7f87e01b9090"/></typename>
          </type-int>
          <function-parameters>
          </function-parameters>
        </type-function>
        <parameters>
        </parameters>
      </function>
      <function event="" loc="48:/opt/tinyos-2.1.2/tos/chips/msp430/timer/Msp430Timer.nc" name="overflow" provided="0" ref="0x7f87dfc2f980">
        <interfacedef-ref nicename="tos.chips.msp430.timer.Msp430Timer" qname="Msp430Timer"/>
        <type-function alignment="I:1" size="I:1">
          <type-void alignment="I:1" size="I:1"/>
          <function-parameters>
          </function-parameters>
        </type-function>
        <parameters>
        </parameters>
      </function>
      <function command="" loc="50:/opt/tinyos-2.1.2/tos/chips/msp430/timer/Msp430Timer.nc" name="setMode" provided="0" ref="0x7f87dfc2e2e0">
        <interfacedef-ref nicename="tos.chips.msp430.timer.Msp430Timer" qname="Msp430Timer"/>
        <type-function alignment="I:1" size="I:1">
          <type-void alignment="I:1" size="I:1"/>
          <function-parameters>
            <type-int alignment="I:2" cname="int" size="I:2"/>
          </function-parameters>
        </type-function>
        <parameters>
          <variable loc="50:/opt/tinyos-2.1.2/tos/chips/msp430/timer/Msp430Timer.nc" name="mode" ref="0x7f87dfc2e060">
            <type-int alignment="I:2" cname="int" size="I:2"/>
          </variable>
        </parameters>
      </function>
      <function command="" loc="56:/opt/tinyos-2.1.2/tos/chips/msp430/timer/Msp430Timer.nc" name="setInputDivider" provided="0" ref="0x7f87dfc2a450">
        <interfacedef-ref nicename="tos.chips.msp430.timer.Msp430Timer" qname="Msp430Timer"/>
        <type-function alignment="I:1" size="I:1">
          <type-void alignment="I:1" size="I:1"/>
          <function-parameters>
            <type-int alignment="I:2" cname="unsigned int" size="I:2" unsigned="">
              <typename><typedef-ref name="uint16_t" ref="0x7f87e0c43520"/></typename>
            </type-int>
          </function-parameters>
        </type-function>
        <parameters>
          <variable loc="56:/opt/tinyos-2.1.2/tos/chips/msp430/timer/Msp430Timer.nc" name="inputDivider" ref="0x7f87dfc2a1d0">
            <type-int alignment="I:2" cname="unsigned int" size="I:2" unsigned="">
              <typename><typedef-ref name="uint16_t" ref="0x7f87e0c43520"/></typename>
            </type-int>
          </variable>
        </parameters>
      </function>
    </interfacedef>