<?xml version="1.0" ?><interfacedef loc="43:/opt/tinyos-2.1.2/tos/chips/msp430/pins/HplMsp430GeneralIO.nc" nicename="tos.chips.msp430.pins.HplMsp430GeneralIO" qname="HplMsp430GeneralIO">
      <documentation loc="34:/opt/tinyos-2.1.2/tos/types/TinyError.h">
        <short>
 </short>
        <long>
 @author Phil Levis
 @author David Gay
 Revision:  $Revision: 1.12 $

 Defines global error codes for error_t in TinyOS.
</long>
      </documentation>
      <function command="" loc="78:/opt/tinyos-2.1.2/tos/chips/msp430/pins/HplMsp430GeneralIO.nc" name="makeInput" provided="0" ref="0x7f87dfa04020">
        <documentation loc="75:/opt/tinyos-2.1.2/tos/chips/msp430/pins/HplMsp430GeneralIO.nc">
          <short>
 Set pin direction to input.</short>
        </documentation>
        <interfacedef-ref nicename="tos.chips.msp430.pins.HplMsp430GeneralIO" qname="HplMsp430GeneralIO"/>
        <type-function alignment="I:1" size="I:1">
          <type-void alignment="I:1" size="I:1"/>
          <function-parameters>
          </function-parameters>
        </type-function>
        <parameters>
        </parameters>
      </function>
      <function command="" loc="80:/opt/tinyos-2.1.2/tos/chips/msp430/pins/HplMsp430GeneralIO.nc" name="isInput" provided="0" ref="0x7f87dfa04770">
        <interfacedef-ref nicename="tos.chips.msp430.pins.HplMsp430GeneralIO" qname="HplMsp430GeneralIO"/>
        <type-function alignment="I:1" size="I:1">
          <type-int alignment="I:1" cname="unsigned char" size="I:1" unsigned="">
            <typename><typedef-ref name="bool" ref="0x7f87e01b9090"/></typename>
          </type-int>
          <function-parameters>
          </function-parameters>
        </type-function>
        <parameters>
        </parameters>
      </function>
      <function command="" loc="110:/opt/tinyos-2.1.2/tos/chips/msp430/pins/HplMsp430GeneralIO.nc" name="setResistor" provided="0" ref="0x7f87df9ff2e0">
        <documentation loc="103:/opt/tinyos-2.1.2/tos/chips/msp430/pins/HplMsp430GeneralIO.nc">
          <short>
 Set pin pullup / pull down resistor mode.</short>
          <long>
 Set pin pullup / pull down resistor mode.
 @param mode One of the MSP430_PORT_RESISTOR_* values
 @return EINVAL if invalid mode or pin does not support resistor configuration;
 FAIL if pin is not an input;
 SUCCESS if pin supports resistor configuration, is an input, and mode is valid
</long>
        </documentation>
        <interfacedef-ref nicename="tos.chips.msp430.pins.HplMsp430GeneralIO" qname="HplMsp430GeneralIO"/>
        <type-function alignment="I:1" size="I:1">
          <type-int alignment="I:1" cname="unsigned char" size="I:1" unsigned="">
            <typename><typedef-ref name="error_t" ref="0x7f87e01b0980"/></typename>
          </type-int>
          <function-parameters>
            <type-int alignment="I:1" cname="unsigned char" size="I:1" unsigned="">
              <typename><typedef-ref name="uint8_t" ref="0x7f87e0c43160"/></typename>
            </type-int>
          </function-parameters>
        </type-function>
        <parameters>
          <variable loc="110:/opt/tinyos-2.1.2/tos/chips/msp430/pins/HplMsp430GeneralIO.nc" name="mode" ref="0x7f87df9ff060">
            <type-int alignment="I:1" cname="unsigned char" size="I:1" unsigned="">
              <typename><typedef-ref name="uint8_t" ref="0x7f87e0c43160"/></typename>
            </type-int>
          </variable>
        </parameters>
      </function>
      <function command="" loc="58:/opt/tinyos-2.1.2/tos/chips/msp430/pins/HplMsp430GeneralIO.nc" name="toggle" provided="0" ref="0x7f87dfa06770">
        <documentation loc="55:/opt/tinyos-2.1.2/tos/chips/msp430/pins/HplMsp430GeneralIO.nc">
          <short>
 Toggle pin status.</short>
          <long>
 Toggle pin status.
</long>
        </documentation>
        <interfacedef-ref nicename="tos.chips.msp430.pins.HplMsp430GeneralIO" qname="HplMsp430GeneralIO"/>
        <type-function alignment="I:1" size="I:1">
          <type-void alignment="I:1" size="I:1"/>
          <function-parameters>
          </function-parameters>
        </type-function>
        <parameters>
        </parameters>
      </function>
      <function command="" loc="87:/opt/tinyos-2.1.2/tos/chips/msp430/pins/HplMsp430GeneralIO.nc" name="isOutput" provided="0" ref="0x7f87dfa02780">
        <interfacedef-ref nicename="tos.chips.msp430.pins.HplMsp430GeneralIO" qname="HplMsp430GeneralIO"/>
        <type-function alignment="I:1" size="I:1">
          <type-int alignment="I:1" cname="unsigned char" size="I:1" unsigned="">
            <typename><typedef-ref name="bool" ref="0x7f87e01b9090"/></typename>
          </type-int>
          <function-parameters>
          </function-parameters>
        </type-function>
        <parameters>
        </parameters>
      </function>
      <function command="" loc="117:/opt/tinyos-2.1.2/tos/chips/msp430/pins/HplMsp430GeneralIO.nc" name="getResistor" provided="0" ref="0x7f87df9ffbd0">
        <documentation loc="112:/opt/tinyos-2.1.2/tos/chips/msp430/pins/HplMsp430GeneralIO.nc">
          <short>
 Get the pin pullup / pulldown resistor mode.</short>
          <long>
 Get the pin pullup / pulldown resistor mode.

 @return one of the MSP430_PORT_RESISTOR_* values
</long>
        </documentation>
        <interfacedef-ref nicename="tos.chips.msp430.pins.HplMsp430GeneralIO" qname="HplMsp430GeneralIO"/>
        <type-function alignment="I:1" size="I:1">
          <type-int alignment="I:1" cname="unsigned char" size="I:1" unsigned="">
            <typename><typedef-ref name="uint8_t" ref="0x7f87e0c43160"/></typename>
          </type-int>
          <function-parameters>
          </function-parameters>
        </type-function>
        <parameters>
        </parameters>
      </function>
      <function command="" loc="85:/opt/tinyos-2.1.2/tos/chips/msp430/pins/HplMsp430GeneralIO.nc" name="makeOutput" provided="0" ref="0x7f87dfa02020">
        <documentation loc="82:/opt/tinyos-2.1.2/tos/chips/msp430/pins/HplMsp430GeneralIO.nc">
          <short>
 Set pin direction to output.</short>
        </documentation>
        <interfacedef-ref nicename="tos.chips.msp430.pins.HplMsp430GeneralIO" qname="HplMsp430GeneralIO"/>
        <type-function alignment="I:1" size="I:1">
          <type-void alignment="I:1" size="I:1"/>
          <function-parameters>
          </function-parameters>
        </type-function>
        <parameters>
        </parameters>
      </function>
      <function command="" loc="73:/opt/tinyos-2.1.2/tos/chips/msp430/pins/HplMsp430GeneralIO.nc" name="get" provided="0" ref="0x7f87dfa05820">
        <documentation loc="68:/opt/tinyos-2.1.2/tos/chips/msp430/pins/HplMsp430GeneralIO.nc">
          <short>
 Read pin value.</short>
          <long>
 Read pin value.

 @return TRUE if pin is high, FALSE otherwise.
</long>
        </documentation>
        <interfacedef-ref nicename="tos.chips.msp430.pins.HplMsp430GeneralIO" qname="HplMsp430GeneralIO"/>
        <type-function alignment="I:1" size="I:1">
          <type-int alignment="I:1" cname="unsigned char" size="I:1" unsigned="">
            <typename><typedef-ref name="bool" ref="0x7f87e01b9090"/></typename>
          </type-int>
          <function-parameters>
          </function-parameters>
        </type-function>
        <parameters>
        </parameters>
      </function>
      <function command="" loc="99:/opt/tinyos-2.1.2/tos/chips/msp430/pins/HplMsp430GeneralIO.nc" name="selectIOFunc" provided="0" ref="0x7f87dfa00020">
        <documentation loc="96:/opt/tinyos-2.1.2/tos/chips/msp430/pins/HplMsp430GeneralIO.nc">
          <short>
 Set pin for I/O functionality.</short>
          <long>
 Set pin for I/O functionality.
</long>
        </documentation>
        <interfacedef-ref nicename="tos.chips.msp430.pins.HplMsp430GeneralIO" qname="HplMsp430GeneralIO"/>
        <type-function alignment="I:1" size="I:1">
          <type-void alignment="I:1" size="I:1"/>
          <function-parameters>
          </function-parameters>
        </type-function>
        <parameters>
        </parameters>
      </function>
      <function command="" loc="66:/opt/tinyos-2.1.2/tos/chips/msp430/pins/HplMsp430GeneralIO.nc" name="getRaw" provided="0" ref="0x7f87dfa05020">
        <documentation loc="60:/opt/tinyos-2.1.2/tos/chips/msp430/pins/HplMsp430GeneralIO.nc">
          <short>
 Get the port status that contains the pin.</short>
          <long>
 Get the port status that contains the pin.

 @return Status of the port that contains the given pin. The x'th
 pin on the port will be represented in the x'th bit.
</long>
        </documentation>
        <interfacedef-ref nicename="tos.chips.msp430.pins.HplMsp430GeneralIO" qname="HplMsp430GeneralIO"/>
        <type-function alignment="I:1" size="I:1">
          <type-int alignment="I:1" cname="unsigned char" size="I:1" unsigned="">
            <typename><typedef-ref name="uint8_t" ref="0x7f87e0c43160"/></typename>
          </type-int>
          <function-parameters>
          </function-parameters>
        </type-function>
        <parameters>
        </parameters>
      </function>
      <function command="" loc="48:/opt/tinyos-2.1.2/tos/chips/msp430/pins/HplMsp430GeneralIO.nc" name="set" provided="0" ref="0x7f87dfa0a8c0">
        <documentation loc="45:/opt/tinyos-2.1.2/tos/chips/msp430/pins/HplMsp430GeneralIO.nc">
          <short>
 Set pin to high.</short>
          <long>
 Set pin to high.
</long>
        </documentation>
        <interfacedef-ref nicename="tos.chips.msp430.pins.HplMsp430GeneralIO" qname="HplMsp430GeneralIO"/>
        <type-function alignment="I:1" size="I:1">
          <type-void alignment="I:1" size="I:1"/>
          <function-parameters>
          </function-parameters>
        </type-function>
        <parameters>
        </parameters>
      </function>
      <function command="" loc="92:/opt/tinyos-2.1.2/tos/chips/msp430/pins/HplMsp430GeneralIO.nc" name="selectModuleFunc" provided="0" ref="0x7f87dfa01020">
        <documentation loc="89:/opt/tinyos-2.1.2/tos/chips/msp430/pins/HplMsp430GeneralIO.nc">
          <short>
 Set pin for module specific functionality.</short>
          <long>
 Set pin for module specific functionality.
</long>
        </documentation>
        <interfacedef-ref nicename="tos.chips.msp430.pins.HplMsp430GeneralIO" qname="HplMsp430GeneralIO"/>
        <type-function alignment="I:1" size="I:1">
          <type-void alignment="I:1" size="I:1"/>
          <function-parameters>
          </function-parameters>
        </type-function>
        <parameters>
        </parameters>
      </function>
      <function command="" loc="101:/opt/tinyos-2.1.2/tos/chips/msp430/pins/HplMsp430GeneralIO.nc" name="isIOFunc" provided="0" ref="0x7f87dfa007c0">
        <interfacedef-ref nicename="tos.chips.msp430.pins.HplMsp430GeneralIO" qname="HplMsp430GeneralIO"/>
        <type-function alignment="I:1" size="I:1">
          <type-int alignment="I:1" cname="unsigned char" size="I:1" unsigned="">
            <typename><typedef-ref name="bool" ref="0x7f87e01b9090"/></typename>
          </type-int>
          <function-parameters>
          </function-parameters>
        </type-function>
        <parameters>
        </parameters>
      </function>
      <function command="" loc="94:/opt/tinyos-2.1.2/tos/chips/msp430/pins/HplMsp430GeneralIO.nc" name="isModuleFunc" provided="0" ref="0x7f87dfa017e0">
        <interfacedef-ref nicename="tos.chips.msp430.pins.HplMsp430GeneralIO" qname="HplMsp430GeneralIO"/>
        <type-function alignment="I:1" size="I:1">
          <type-int alignment="I:1" cname="unsigned char" size="I:1" unsigned="">
            <typename><typedef-ref name="bool" ref="0x7f87e01b9090"/></typename>
          </type-int>
          <function-parameters>
          </function-parameters>
        </type-function>
        <parameters>
        </parameters>
      </function>
      <function command="" loc="53:/opt/tinyos-2.1.2/tos/chips/msp430/pins/HplMsp430GeneralIO.nc" name="clr" provided="0" ref="0x7f87dfa06020">
        <documentation loc="50:/opt/tinyos-2.1.2/tos/chips/msp430/pins/HplMsp430GeneralIO.nc">
          <short>
 Set pin to low.</short>
          <long>
 Set pin to low.
</long>
        </documentation>
        <interfacedef-ref nicename="tos.chips.msp430.pins.HplMsp430GeneralIO" qname="HplMsp430GeneralIO"/>
        <type-function alignment="I:1" size="I:1">
          <type-void alignment="I:1" size="I:1"/>
          <function-parameters>
          </function-parameters>
        </type-function>
        <parameters>
        </parameters>
      </function>
    </interfacedef>