<?xml version="1.0" ?><interfacedef loc="55:/opt/tinyos-2.1.2/tos/interfaces/Send.nc" nicename="tos.interfaces.Send" qname="Send">
      <documentation loc="34:/opt/tinyos-2.1.2/tos/types/TinyError.h">
        <short>
 </short>
        <long>
 @author Phil Levis
 @author David Gay
 Revision:  $Revision: 1.12 $

 Defines global error codes for error_t in TinyOS.
</long>
      </documentation>
      <function command="" loc="75:/opt/tinyos-2.1.2/tos/interfaces/Send.nc" name="send" provided="0" ref="0x7f87df5d95e0">
        <documentation loc="57:/opt/tinyos-2.1.2/tos/interfaces/Send.nc">
          <short> 
 Send a packet with a data payload of &lt;tt&gt;len&lt;/tt&gt;.</short>
          <long> 
 Send a packet with a data payload of &lt;tt&gt;len&lt;/tt&gt;. To determine
 the maximum available size, use the Packet interface of the
 component providing Send. If send returns SUCCESS, then the
 component will signal the sendDone event in the future; if send
 returns an error, it will not signal sendDone.  Note that a
 component may accept a send request which it later finds it
 cannot satisfy; in this case, it will signal sendDone with an
 appropriate error code.

 @param   'message_t* ONE msg'     the packet to send
 @param   len     the length of the packet payload
 @return          SUCCESS if the request was accepted and will issue
                  a sendDone event, EBUSY if the component cannot accept
                  the request now but will be able to later, FAIL
                  if the stack is in a state that cannot accept requests
                  (e.g., it's off).
</long>
        </documentation>
        <interfacedef-ref nicename="tos.interfaces.Send" qname="Send"/>
        <type-function alignment="I:1" size="I:1">
          <type-int alignment="I:1" cname="unsigned char" size="I:1" unsigned="">
            <typename><typedef-ref name="error_t" ref="0x7f87e01b0980"/></typename>
          </type-int>
          <function-parameters>
            <type-pointer alignment="I:2" size="I:2">
              <type-tag alignment="I:1" size="I:52"><nx_struct-ref name="message_t" ref="0x7f87dfa71080"/>
                <typename><typedef-ref name="message_t" ref="0x7f87dfa6f6a0"/></typename>
              </type-tag>
            </type-pointer>
            <type-int alignment="I:1" cname="unsigned char" size="I:1" unsigned="">
              <typename><typedef-ref name="uint8_t" ref="0x7f87e0c43160"/></typename>
            </type-int>
          </function-parameters>
        </type-function>
        <parameters>
          <variable loc="75:/opt/tinyos-2.1.2/tos/interfaces/Send.nc" name="msg" ref="0x7f87df5d9020">
            <type-pointer alignment="I:2" size="I:2">
              <type-tag alignment="I:1" size="I:52"><nx_struct-ref name="message_t" ref="0x7f87dfa71080"/>
                <typename><typedef-ref name="message_t" ref="0x7f87dfa6f6a0"/></typename>
              </type-tag>
            </type-pointer>
          </variable>
          <variable loc="75:/opt/tinyos-2.1.2/tos/interfaces/Send.nc" name="len" ref="0x7f87df5d9350">
            <type-int alignment="I:1" cname="unsigned char" size="I:1" unsigned="">
              <typename><typedef-ref name="uint8_t" ref="0x7f87e0c43160"/></typename>
            </type-int>
          </variable>
        </parameters>
      </function>
      <function command="" loc="125:/opt/tinyos-2.1.2/tos/interfaces/Send.nc" name="getPayload" provided="0" ref="0x7f87df5d3bb0">
        <documentation loc="115:/opt/tinyos-2.1.2/tos/interfaces/Send.nc">
          <short>
 Return a pointer to a protocol's payload region in a packet which
 at least a certain length.</short>
          <long>
 Return a pointer to a protocol's payload region in a packet which
 at least a certain length.  If the payload region is smaller than
 the len parameter, then getPayload returns NULL. This command
 behaves identicallt to &lt;tt&gt;Packet.getPayload&lt;/tt&gt; and is
 included in this interface as a convenience.

 @param   'message_t* ONE msg'    the packet
 @return  'void* COUNT_NOK(len)'  a pointer to the packet's payload
</long>
        </documentation>
        <interfacedef-ref nicename="tos.interfaces.Send" qname="Send"/>
        <type-function alignment="I:1" size="I:1">
          <type-pointer alignment="I:2" size="I:2">
            <type-void alignment="I:1" size="I:1"/>
          </type-pointer>
          <function-parameters>
            <type-pointer alignment="I:2" size="I:2">
              <type-tag alignment="I:1" size="I:52"><nx_struct-ref name="message_t" ref="0x7f87dfa71080"/>
                <typename><typedef-ref name="message_t" ref="0x7f87dfa6f6a0"/></typename>
              </type-tag>
            </type-pointer>
            <type-int alignment="I:1" cname="unsigned char" size="I:1" unsigned="">
              <typename><typedef-ref name="uint8_t" ref="0x7f87e0c43160"/></typename>
            </type-int>
          </function-parameters>
        </type-function>
        <parameters>
          <variable loc="125:/opt/tinyos-2.1.2/tos/interfaces/Send.nc" name="msg" ref="0x7f87df5d35b0">
            <type-pointer alignment="I:2" size="I:2">
              <type-tag alignment="I:1" size="I:52"><nx_struct-ref name="message_t" ref="0x7f87dfa71080"/>
                <typename><typedef-ref name="message_t" ref="0x7f87dfa6f6a0"/></typename>
              </type-tag>
            </type-pointer>
          </variable>
          <variable loc="125:/opt/tinyos-2.1.2/tos/interfaces/Send.nc" name="len" ref="0x7f87df5d38e0">
            <type-int alignment="I:1" cname="unsigned char" size="I:1" unsigned="">
              <typename><typedef-ref name="uint8_t" ref="0x7f87e0c43160"/></typename>
            </type-int>
          </variable>
        </parameters>
      </function>
      <function command="" loc="112:/opt/tinyos-2.1.2/tos/interfaces/Send.nc" name="maxPayloadLength" provided="0" ref="0x7f87df5d8d20">
        <documentation loc="102:/opt/tinyos-2.1.2/tos/interfaces/Send.nc">
          <short>
 Return the maximum payload length that this communication layer
 can provide.</short>
          <long>
 Return the maximum payload length that this communication layer
 can provide. This command behaves identically to
 &lt;tt&gt;Packet.maxPayloadLength&lt;/tt&gt; and is included in this
 interface as a convenience.

 @return  the maximum payload length
</long>
        </documentation>
        <interfacedef-ref nicename="tos.interfaces.Send" qname="Send"/>
        <type-function alignment="I:1" size="I:1">
          <type-int alignment="I:1" cname="unsigned char" size="I:1" unsigned="">
            <typename><typedef-ref name="uint8_t" ref="0x7f87e0c43160"/></typename>
          </type-int>
          <function-parameters>
          </function-parameters>
        </type-function>
        <parameters>
        </parameters>
      </function>
      <function command="" loc="89:/opt/tinyos-2.1.2/tos/interfaces/Send.nc" name="cancel" provided="0" ref="0x7f87df5d7900">
        <documentation loc="77:/opt/tinyos-2.1.2/tos/interfaces/Send.nc">
          <short>
 Cancel a requested transmission.</short>
          <long>
 Cancel a requested transmission. Returns SUCCESS if the 
 transmission was cancelled properly (not sent in its
 entirety). Note that the component may not know
 if the send was successfully cancelled, if the radio is
 handling much of the logic; in this case, a component
 should be conservative and return an appropriate error code.

 @param   'message_t* ONE msg'    the packet whose transmission should be cancelled
 @return         SUCCESS if the packet was successfully cancelled, FAIL
                 otherwise
</long>
        </documentation>
        <interfacedef-ref nicename="tos.interfaces.Send" qname="Send"/>
        <type-function alignment="I:1" size="I:1">
          <type-int alignment="I:1" cname="unsigned char" size="I:1" unsigned="">
            <typename><typedef-ref name="error_t" ref="0x7f87e01b0980"/></typename>
          </type-int>
          <function-parameters>
            <type-pointer alignment="I:2" size="I:2">
              <type-tag alignment="I:1" size="I:52"><nx_struct-ref name="message_t" ref="0x7f87dfa71080"/>
                <typename><typedef-ref name="message_t" ref="0x7f87dfa6f6a0"/></typename>
              </type-tag>
            </type-pointer>
          </function-parameters>
        </type-function>
        <parameters>
          <variable loc="89:/opt/tinyos-2.1.2/tos/interfaces/Send.nc" name="msg" ref="0x7f87df5d7680">
            <type-pointer alignment="I:2" size="I:2">
              <type-tag alignment="I:1" size="I:52"><nx_struct-ref name="message_t" ref="0x7f87dfa71080"/>
                <typename><typedef-ref name="message_t" ref="0x7f87dfa6f6a0"/></typename>
              </type-tag>
            </type-pointer>
          </variable>
        </parameters>
      </function>
      <function event="" loc="100:/opt/tinyos-2.1.2/tos/interfaces/Send.nc" name="sendDone" provided="0" ref="0x7f87df5d5e00">
        <documentation loc="91:/opt/tinyos-2.1.2/tos/interfaces/Send.nc">
          <short> 
 Signaled in response to an accepted send request.</short>
          <long> 
 Signaled in response to an accepted send request. &lt;tt&gt;msg&lt;/tt&gt;
 is the sent buffer, and &lt;tt&gt;error&lt;/tt&gt; indicates whether the
 send was succesful, and if not, the cause of the failure.
 
 @param 'message_t* ONE msg'   the message which was requested to send
 @param error SUCCESS if it was transmitted successfully, FAIL if
              it was not, ECANCEL if it was cancelled via &lt;tt&gt;cancel&lt;/tt&gt;
</long>
        </documentation>
        <interfacedef-ref nicename="tos.interfaces.Send" qname="Send"/>
        <type-function alignment="I:1" size="I:1">
          <type-void alignment="I:1" size="I:1"/>
          <function-parameters>
            <type-pointer alignment="I:2" size="I:2">
              <type-tag alignment="I:1" size="I:52"><nx_struct-ref name="message_t" ref="0x7f87dfa71080"/>
                <typename><typedef-ref name="message_t" ref="0x7f87dfa6f6a0"/></typename>
              </type-tag>
            </type-pointer>
            <type-int alignment="I:1" cname="unsigned char" size="I:1" unsigned="">
              <typename><typedef-ref name="error_t" ref="0x7f87e01b0980"/></typename>
            </type-int>
          </function-parameters>
        </type-function>
        <parameters>
          <variable loc="100:/opt/tinyos-2.1.2/tos/interfaces/Send.nc" name="msg" ref="0x7f87df5d5820">
            <type-pointer alignment="I:2" size="I:2">
              <type-tag alignment="I:1" size="I:52"><nx_struct-ref name="message_t" ref="0x7f87dfa71080"/>
                <typename><typedef-ref name="message_t" ref="0x7f87dfa6f6a0"/></typename>
              </type-tag>
            </type-pointer>
          </variable>
          <variable loc="100:/opt/tinyos-2.1.2/tos/interfaces/Send.nc" name="error" ref="0x7f87df5d5b70">
            <type-int alignment="I:1" cname="unsigned char" size="I:1" unsigned="">
              <typename><typedef-ref name="error_t" ref="0x7f87e01b0980"/></typename>
            </type-int>
          </variable>
        </parameters>
      </function>
    </interfacedef>