<?xml version="1.0" ?><interfacedef loc="43:/opt/tinyos-2.1.2/tos/chips/msp430/usart/HplMsp430UsartInterrupts.nc" nicename="tos.chips.msp430.usart.HplMsp430UsartInterrupts" qname="HplMsp430UsartInterrupts">
      <documentation loc="31:/opt/tinyos-2.1.2/tos/chips/msp430/usart/msp430usart.h">
        <short>
 </short>
        <long>
 @author Vlado Handziski &lt;handzisk@tkn.tu-berlin.de&gt;
 @author Philipp Huppertz &lt;huppertz@tkn.tu-berlin.de&gt;
</long>
      </documentation>
      <function event="" loc="54:/opt/tinyos-2.1.2/tos/chips/msp430/usart/HplMsp430UsartInterrupts.nc" name="rxDone" provided="0" ref="0x7f87df317680">
        <documentation loc="51:/opt/tinyos-2.1.2/tos/chips/msp430/usart/HplMsp430UsartInterrupts.nc">
          <short>
 A byte of data has been received.</short>
          <long>
 A byte of data has been received.
</long>
        </documentation>
        <interfacedef-ref nicename="tos.chips.msp430.usart.HplMsp430UsartInterrupts" qname="HplMsp430UsartInterrupts"/>
        <type-function alignment="I:1" size="I:1">
          <type-void alignment="I:1" size="I:1"/>
          <function-parameters>
            <type-int alignment="I:1" cname="unsigned char" size="I:1" unsigned="">
              <typename><typedef-ref name="uint8_t" ref="0x7f87e0c43160"/></typename>
            </type-int>
          </function-parameters>
        </type-function>
        <parameters>
          <variable loc="54:/opt/tinyos-2.1.2/tos/chips/msp430/usart/HplMsp430UsartInterrupts.nc" name="data" ref="0x7f87df317400">
            <type-int alignment="I:1" cname="unsigned char" size="I:1" unsigned="">
              <typename><typedef-ref name="uint8_t" ref="0x7f87e0c43160"/></typename>
            </type-int>
          </variable>
        </parameters>
      </function>
      <function event="" loc="49:/opt/tinyos-2.1.2/tos/chips/msp430/usart/HplMsp430UsartInterrupts.nc" name="txDone" provided="0" ref="0x7f87df31ac00">
        <documentation loc="45:/opt/tinyos-2.1.2/tos/chips/msp430/usart/HplMsp430UsartInterrupts.nc">
          <short>
 A byte of data is about to be transmitted, ie.</short>
          <long>
 A byte of data is about to be transmitted, ie. the TXBuffer is
 empty and ready to accept next byte.
</long>
        </documentation>
        <interfacedef-ref nicename="tos.chips.msp430.usart.HplMsp430UsartInterrupts" qname="HplMsp430UsartInterrupts"/>
        <type-function alignment="I:1" size="I:1">
          <type-void alignment="I:1" size="I:1"/>
          <function-parameters>
          </function-parameters>
        </type-function>
        <parameters>
        </parameters>
      </function>
    </interfacedef>