<?xml version="1.0" ?><interfacedef loc="86:/opt/tinyos-2.1.2/tos/interfaces/StdControl.nc" nicename="tos.interfaces.StdControl" qname="StdControl">
      <documentation loc="72:/opt/tinyos-2.1.2/tos/interfaces/StdControl.nc">
        <short>
 Please refer to TEP 115 for more information about this interface and its
 intended use.&lt;br&gt;&lt;br&gt;

 This interface is used to switch between
 the on and off power states of the component providing it.</short>
        <long>
 Please refer to TEP 115 for more information about this interface and its
 intended use.&lt;br&gt;&lt;br&gt;

 This interface is used to switch between
 the on and off power states of the component providing it.  A call to the
 &lt;code&gt;start()&lt;/code&gt; command is a request to switch a component into the
 on state, and a call to the &lt;code&gt;stop()&lt;/code&gt; is a request to switch a
 component into the off state.

 @author Joe Polastre
 @author Kevin Klues (klueska@cs.wustl.edu)
</long>
      </documentation>
      <function command="" loc="95:/opt/tinyos-2.1.2/tos/interfaces/StdControl.nc" name="start" provided="0" ref="0x7f87df4dab60">
        <documentation loc="88:/opt/tinyos-2.1.2/tos/interfaces/StdControl.nc">
          <short>
 Start this component and all of its subcomponents.</short>
          <long>
 Start this component and all of its subcomponents.

 @return SUCCESS if the component was either already on or was 
         successfully turned on&lt;br&gt;
         FAIL otherwise
</long>
        </documentation>
        <interfacedef-ref nicename="tos.interfaces.StdControl" qname="StdControl"/>
        <type-function alignment="I:1" size="I:1">
          <type-int alignment="I:1" cname="unsigned char" size="I:1" unsigned="">
            <typename><typedef-ref name="error_t" ref="0x7f87e01b0980"/></typename>
          </type-int>
          <function-parameters>
          </function-parameters>
        </type-function>
        <parameters>
        </parameters>
      </function>
      <function command="" loc="105:/opt/tinyos-2.1.2/tos/interfaces/StdControl.nc" name="stop" provided="0" ref="0x7f87df4d7390">
        <documentation loc="97:/opt/tinyos-2.1.2/tos/interfaces/StdControl.nc">
          <short>
 Stop the component and any pertinent subcomponents (not all
 subcomponents may be turned off due to wakeup timers, etc.).</short>
          <long>
 Stop the component and any pertinent subcomponents (not all
 subcomponents may be turned off due to wakeup timers, etc.).

 @return SUCCESS if the component was either already off or was 
         successfully turned off&lt;br&gt;
         FAIL otherwise
</long>
        </documentation>
        <interfacedef-ref nicename="tos.interfaces.StdControl" qname="StdControl"/>
        <type-function alignment="I:1" size="I:1">
          <type-int alignment="I:1" cname="unsigned char" size="I:1" unsigned="">
            <typename><typedef-ref name="error_t" ref="0x7f87e01b0980"/></typename>
          </type-int>
          <function-parameters>
          </function-parameters>
        </type-function>
        <parameters>
        </parameters>
      </function>
    </interfacedef>