<?xml version="1.0" ?><interfacedef loc="38:/opt/tinyos-2.1.2/tos/chips/msp430/usart/Msp430UartConfigure.nc" nicename="tos.chips.msp430.usart.Msp430UartConfigure" qname="Msp430UartConfigure">
      <documentation loc="31:/opt/tinyos-2.1.2/tos/chips/msp430/usart/msp430usart.h">
        <short>
 </short>
        <long>
 @author Vlado Handziski &lt;handzisk@tkn.tu-berlin.de&gt;
 @author Philipp Huppertz &lt;huppertz@tkn.tu-berlin.de&gt;
</long>
      </documentation>
      <function command="" loc="39:/opt/tinyos-2.1.2/tos/chips/msp430/usart/Msp430UartConfigure.nc" name="getConfig" provided="0" ref="0x7f87df326610">
        <interfacedef-ref nicename="tos.chips.msp430.usart.Msp430UartConfigure" qname="Msp430UartConfigure"/>
        <type-function alignment="I:1" size="I:1">
          <type-pointer alignment="I:2" size="I:2">
            <type-tag alignment="I:2" size="I:8"><union-ref ref="0x7f87df34fe70"/>
              <typename><typedef-ref name="msp430_uart_union_config_t" ref="0x7f87df34d2b0"/></typename>
            </type-tag>
          </type-pointer>
          <function-parameters>
          </function-parameters>
        </type-function>
        <parameters>
        </parameters>
      </function>
    </interfacedef>