<?xml version="1.0" ?><interfacedef loc="38:/opt/tinyos-2.1.2/tos/chips/msp430/timer/Msp430Compare.nc" nicename="tos.chips.msp430.timer.Msp430Compare" qname="Msp430Compare">
      <documentation loc="33:/opt/tinyos-2.1.2/tos/chips/msp430/timer/Msp430Compare.nc">
        <short>
 </short>
        <long>
 @author Cory Sharp &lt;cssharp@eecs.berkeley.edu&gt;
</long>
      </documentation>
      <function command="" loc="40:/opt/tinyos-2.1.2/tos/chips/msp430/timer/Msp430Compare.nc" name="getEvent" provided="0" ref="0x7f87dfc20890">
        <interfacedef-ref nicename="tos.chips.msp430.timer.Msp430Compare" qname="Msp430Compare"/>
        <type-function alignment="I:1" size="I:1">
          <type-int alignment="I:2" cname="unsigned int" size="I:2" unsigned="">
            <typename><typedef-ref name="uint16_t" ref="0x7f87e0c43520"/></typename>
          </type-int>
          <function-parameters>
          </function-parameters>
        </type-function>
        <parameters>
        </parameters>
      </function>
      <function command="" loc="41:/opt/tinyos-2.1.2/tos/chips/msp430/timer/Msp430Compare.nc" name="setEvent" provided="0" ref="0x7f87dfc1c2a0">
        <interfacedef-ref nicename="tos.chips.msp430.timer.Msp430Compare" qname="Msp430Compare"/>
        <type-function alignment="I:1" size="I:1">
          <type-void alignment="I:1" size="I:1"/>
          <function-parameters>
            <type-int alignment="I:2" cname="unsigned int" size="I:2" unsigned="">
              <typename><typedef-ref name="uint16_t" ref="0x7f87e0c43520"/></typename>
            </type-int>
          </function-parameters>
        </type-function>
        <parameters>
          <variable loc="41:/opt/tinyos-2.1.2/tos/chips/msp430/timer/Msp430Compare.nc" name="time" ref="0x7f87dfc1c020">
            <type-int alignment="I:2" cname="unsigned int" size="I:2" unsigned="">
              <typename><typedef-ref name="uint16_t" ref="0x7f87e0c43520"/></typename>
            </type-int>
          </variable>
        </parameters>
      </function>
      <function command="" loc="42:/opt/tinyos-2.1.2/tos/chips/msp430/timer/Msp430Compare.nc" name="setEventFromPrev" provided="0" ref="0x7f87dfc1cc80">
        <interfacedef-ref nicename="tos.chips.msp430.timer.Msp430Compare" qname="Msp430Compare"/>
        <type-function alignment="I:1" size="I:1">
          <type-void alignment="I:1" size="I:1"/>
          <function-parameters>
            <type-int alignment="I:2" cname="unsigned int" size="I:2" unsigned="">
              <typename><typedef-ref name="uint16_t" ref="0x7f87e0c43520"/></typename>
            </type-int>
          </function-parameters>
        </type-function>
        <parameters>
          <variable loc="42:/opt/tinyos-2.1.2/tos/chips/msp430/timer/Msp430Compare.nc" name="delta" ref="0x7f87dfc1ca00">
            <type-int alignment="I:2" cname="unsigned int" size="I:2" unsigned="">
              <typename><typedef-ref name="uint16_t" ref="0x7f87e0c43520"/></typename>
            </type-int>
          </variable>
        </parameters>
      </function>
      <function command="" loc="43:/opt/tinyos-2.1.2/tos/chips/msp430/timer/Msp430Compare.nc" name="setEventFromNow" provided="0" ref="0x7f87dfc1b6a0">
        <interfacedef-ref nicename="tos.chips.msp430.timer.Msp430Compare" qname="Msp430Compare"/>
        <type-function alignment="I:1" size="I:1">
          <type-void alignment="I:1" size="I:1"/>
          <function-parameters>
            <type-int alignment="I:2" cname="unsigned int" size="I:2" unsigned="">
              <typename><typedef-ref name="uint16_t" ref="0x7f87e0c43520"/></typename>
            </type-int>
          </function-parameters>
        </type-function>
        <parameters>
          <variable loc="43:/opt/tinyos-2.1.2/tos/chips/msp430/timer/Msp430Compare.nc" name="delta" ref="0x7f87dfc1b420">
            <type-int alignment="I:2" cname="unsigned int" size="I:2" unsigned="">
              <typename><typedef-ref name="uint16_t" ref="0x7f87e0c43520"/></typename>
            </type-int>
          </variable>
        </parameters>
      </function>
      <function event="" loc="45:/opt/tinyos-2.1.2/tos/chips/msp430/timer/Msp430Compare.nc" name="fired" provided="0" ref="0x7f87dfc1bd90">
        <interfacedef-ref nicename="tos.chips.msp430.timer.Msp430Compare" qname="Msp430Compare"/>
        <type-function alignment="I:1" size="I:1">
          <type-void alignment="I:1" size="I:1"/>
          <function-parameters>
          </function-parameters>
        </type-function>
        <parameters>
        </parameters>
      </function>
    </interfacedef>