<?xml version="1.0" ?><interfacedef loc="38:/opt/tinyos-2.1.2/tos/chips/msp430/timer/Msp430ClockInit.nc" nicename="tos.chips.msp430.timer.Msp430ClockInit" qname="Msp430ClockInit">
      <documentation loc="33:/opt/tinyos-2.1.2/tos/chips/msp430/timer/Msp430ClockInit.nc">
        <short>
 </short>
        <long>
 @author Cory Sharp &lt;cssharp@eecs.berkeley.edu&gt;
 @author Vlado Handziski &lt;handzisk@tkn.tu-berlin.de&gt;
</long>
      </documentation>
      <function command="" loc="48:/opt/tinyos-2.1.2/tos/chips/msp430/timer/Msp430ClockInit.nc" name="defaultInitTimerB" provided="0" ref="0x7f87dfc765b0">
        <interfacedef-ref nicename="tos.chips.msp430.timer.Msp430ClockInit" qname="Msp430ClockInit"/>
        <type-function alignment="I:1" size="I:1">
          <type-void alignment="I:1" size="I:1"/>
          <function-parameters>
          </function-parameters>
        </type-function>
        <parameters>
        </parameters>
      </function>
      <function event="" loc="43:/opt/tinyos-2.1.2/tos/chips/msp430/timer/Msp430ClockInit.nc" name="initTimerB" provided="0" ref="0x7f87dfc78870">
        <interfacedef-ref nicename="tos.chips.msp430.timer.Msp430ClockInit" qname="Msp430ClockInit"/>
        <type-function alignment="I:1" size="I:1">
          <type-void alignment="I:1" size="I:1"/>
          <function-parameters>
          </function-parameters>
        </type-function>
        <parameters>
        </parameters>
      </function>
      <function command="" loc="47:/opt/tinyos-2.1.2/tos/chips/msp430/timer/Msp430ClockInit.nc" name="defaultInitTimerA" provided="0" ref="0x7f87dfc77e60">
        <interfacedef-ref nicename="tos.chips.msp430.timer.Msp430ClockInit" qname="Msp430ClockInit"/>
        <type-function alignment="I:1" size="I:1">
          <type-void alignment="I:1" size="I:1"/>
          <function-parameters>
          </function-parameters>
        </type-function>
        <parameters>
        </parameters>
      </function>
      <function event="" loc="42:/opt/tinyos-2.1.2/tos/chips/msp430/timer/Msp430ClockInit.nc" name="initTimerA" provided="0" ref="0x7f87dfc78190">
        <interfacedef-ref nicename="tos.chips.msp430.timer.Msp430ClockInit" qname="Msp430ClockInit"/>
        <type-function alignment="I:1" size="I:1">
          <type-void alignment="I:1" size="I:1"/>
          <function-parameters>
          </function-parameters>
        </type-function>
        <parameters>
        </parameters>
      </function>
      <function command="" loc="45:/opt/tinyos-2.1.2/tos/chips/msp430/timer/Msp430ClockInit.nc" name="defaultSetupDcoCalibrate" provided="0" ref="0x7f87dfc77020">
        <interfacedef-ref nicename="tos.chips.msp430.timer.Msp430ClockInit" qname="Msp430ClockInit"/>
        <type-function alignment="I:1" size="I:1">
          <type-void alignment="I:1" size="I:1"/>
          <function-parameters>
          </function-parameters>
        </type-function>
        <parameters>
        </parameters>
      </function>
      <function event="" loc="40:/opt/tinyos-2.1.2/tos/chips/msp430/timer/Msp430ClockInit.nc" name="setupDcoCalibrate" provided="0" ref="0x7f87dfc7a350">
        <interfacedef-ref nicename="tos.chips.msp430.timer.Msp430ClockInit" qname="Msp430ClockInit"/>
        <type-function alignment="I:1" size="I:1">
          <type-void alignment="I:1" size="I:1"/>
          <function-parameters>
          </function-parameters>
        </type-function>
        <parameters>
        </parameters>
      </function>
      <function event="" loc="41:/opt/tinyos-2.1.2/tos/chips/msp430/timer/Msp430ClockInit.nc" name="initClocks" provided="0" ref="0x7f87dfc7aa30">
        <interfacedef-ref nicename="tos.chips.msp430.timer.Msp430ClockInit" qname="Msp430ClockInit"/>
        <type-function alignment="I:1" size="I:1">
          <type-void alignment="I:1" size="I:1"/>
          <function-parameters>
          </function-parameters>
        </type-function>
        <parameters>
        </parameters>
      </function>
      <function command="" loc="46:/opt/tinyos-2.1.2/tos/chips/msp430/timer/Msp430ClockInit.nc" name="defaultInitClocks" provided="0" ref="0x7f87dfc77740">
        <interfacedef-ref nicename="tos.chips.msp430.timer.Msp430ClockInit" qname="Msp430ClockInit"/>
        <type-function alignment="I:1" size="I:1">
          <type-void alignment="I:1" size="I:1"/>
          <function-parameters>
          </function-parameters>
        </type-function>
        <parameters>
        </parameters>
      </function>
    </interfacedef>